
==============================
Layer 1: CONV2D
==============================

--- Weights ---
.float  0.4080238,  0.1934725,  0.1083401,  0.0995952, -0.2140486
.float  0.0077625,  0.0086347, -0.2634121,  0.0961691,  0.1311464
.float -0.2663994, -0.3111280, -0.0134245,  0.1619667,  0.2498619
.float -0.0693619,  0.1421011,  0.0692500,  0.0940980, -0.0639264
.float  0.3396748,  0.1455857, -0.0920743, -0.2335856,  0.0667666

.float  0.0405696,  0.2251693,  0.2268775,  0.0151175, -0.4430474
.float  0.0346865,  0.2746964,  0.6271210,  0.4504064, -0.0515295
.float -0.0979028,  0.0826756,  0.3589468,  0.7605628,  0.5075068
.float -0.5417263, -0.6046604, -0.5488120,  0.1458932,  0.4308441
.float -0.2465030, -0.6073213, -0.8955626, -0.6498727,  0.1799775

.float -0.4548161, -0.2906136, -0.1637594, -0.2057037,  0.0201579
.float -0.7586384, -0.4950730, -0.4395607, -0.2312870,  0.0913831
.float -0.5674323, -0.1164517,  0.1789426,  0.3830916,  0.3859017
.float  0.2126602,  0.5658690,  0.3757398,  0.3767966,  0.1676110
.float  0.3090033,  0.0706531,  0.0944853, -0.1487733, -0.1844759

.float  0.2647671, -0.1021066, -0.4349197, -0.7147415, -0.8033630
.float  0.3342328,  0.3855306,  0.2895456, -0.3224716, -0.5777643
.float  0.0006364,  0.3827163,  0.7128562,  0.2474727, -0.2612846
.float -0.1504714, -0.0087007,  0.5170875,  0.3524040,  0.2016056
.float -0.1064465, -0.0953997,  0.2050818,  0.2288359,  0.2655102

.float  0.2839342,  0.2415590,  0.2997965,  0.2321302,  0.5937973
.float  0.1523303,  0.3874602,  0.4539404,  0.5036057,  0.3628996
.float -0.2649790,  0.3991823,  0.5099722,  0.2162143, -0.4536782
.float -0.8517851, -0.5122778, -0.2921730, -0.8009847, -1.0810488
.float -1.1455710, -1.3834432, -1.6250036, -0.8215501, -0.1225770

.float -0.6376106,  0.2909245,  0.4276544, -0.1417041, -0.1473063
.float -1.0536052,  0.1903692,  0.4188873,  0.1017921, -0.1332060
.float -0.8489323,  0.1630359,  0.4891318,  0.0458462, -0.0575076
.float -0.4249384,  0.3893720,  0.1975621, -0.4469050,  0.1469104
.float -0.1579341,  0.2623887, -0.0359972, -0.2992561,  0.2339076

.float -0.4097679, -0.4797509, -0.2704281,  0.3367796,  0.3641178
.float -0.3485837, -0.2133060,  0.1910667,  0.5308042, -0.0322695
.float -0.0919969,  0.3601994,  0.5591225,  0.3570683, -0.5298408
.float  0.2817333,  0.1593102,  0.1226596, -0.1820591, -0.7729582
.float  0.3694787,  0.0340885, -0.1414947, -0.3611924, -0.4386128

.float  0.1529678,  0.0706851,  0.1190827,  0.1594162, -0.0774581
.float  0.1883162,  0.2894704,  0.2598295, -0.0185110, -0.4412141
.float  0.1361170,  0.0847091,  0.3829356, -0.1910396, -0.6510452
.float  0.1108900,  0.2331657,  0.3550030, -0.1817553, -0.8924168
.float  0.0224790,  0.3551262,  0.3565767, -0.6255515, -1.2869455


--- Biases ---
.float -0.4168343, -0.1920196, -0.1477598, -0.4439021,  0.2334931, -0.0109615, -0.2769825, -0.1033678

==============================
Layer 2: ACTIVATION
==============================
(No trainable weights)

==============================
Layer 3: MAX_POOLING2D
==============================
(No trainable weights)

==============================
Layer 4: FLATTEN
==============================
(No trainable weights)

==============================
Layer 5: DENSE
==============================

--- Weights ---
.float -0.1948016,  0.0020004, -0.0379277,  0.1028812,  0.0076834,  0.0052340,  0.0021653, -0.0837757, -0.0040396, -0.0200016, -0.3340507,  0.1068578, -0.1271122,  0.1908881,  0.0789343, -0.2288269,  0.1508593, -0.2504347, -0.1872898, -0.0446696, -0.2974626,  0.3357564, -0.2922027,  0.2953193, -0.1444987, -0.1489177,  0.1657283,  0.0556477, -0.2260556, -0.0226273, -0.3521958,  0.2486756, -0.2077400,  0.2255703, -0.1235371, -0.2575594,  0.1685204, -0.0592821, -0.2929602, -0.0936515,  0.1179633,  0.2948944, -0.0563533, -0.2125945, -0.0610688, -0.0078785,  0.0670918,  0.0537433, -0.1425738,  0.0514341, -0.2579140,  0.2716081, -0.0175405, -0.1258298, -0.0602487, -0.0350780,  0.0502848,  0.0345315, -0.3628903,  0.0805637, -0.1456437,  0.1561704, -0.0733898, -0.0337312, -0.0146021,  0.0168036, -0.0791980, -0.0442784, -0.0440082,  0.0655573,  0.0607144,  0.3421583, -0.1346764, -0.0772432, -0.1434188,  0.0257556, -0.2361124, -0.0131942, -0.1693357,  0.1601637, -0.1866765, -0.0213924, -0.0018688,  0.0331110, -0.1208755, -0.1504863,  0.1386732, -0.0427736, -0.0414669, -0.0061843, -0.3822096, -0.4874008,  0.2002104,  0.1661477, -0.2011103, -0.2353006,  0.3169053, -0.3448226,  0.1494576, -0.2946275, -0.2866922,  0.1101160, -0.1136330,  0.1685809, -0.2105543, -0.1405253,  0.3174644, -0.2618181, -0.2159974, -0.0757157, -0.1077649,  0.1294341,  0.0380757, -0.0360188, -0.1459678, -0.4290934,  0.1482868, -0.1878962, -0.0546847, -0.3494664,  0.0819396,  0.2279319, -0.0315835, -0.1661879, -0.0295930,  0.0427649, -0.0298092,  0.1474497, -0.2196037, -0.0610833, -0.1646931, -0.3272012,  0.0266429,  0.1671658, -0.2022949, -0.1909180,  0.1719057, -0.2373266,  0.0447017,  0.1484368, -0.2902067,  0.2284436,  0.0132061,  0.0144860,  0.0952252, -0.1003666,  0.2361791, -0.0489543, -0.2269771, -0.1331577, -0.3844723, -0.0172928,  0.0838381, -0.0699374,  0.0415009, -0.1979379,  0.2424668, -0.2039014, -0.2289266, -0.0026508, -0.1110192, -0.2077354,  0.1171569,  0.1222807, -0.2384240, -0.1082092,  0.1758601, -0.1714079, -0.2006220, -0.1237222, -0.1506918, -0.0675512,  0.1272380,  0.0503930, -0.5847223,  0.0203396,  0.4873012, -0.6028444, -0.4017301, -0.2889494, -0.2812192,  0.0144641,  0.2605274, -0.0259059, -0.1966563, -0.1844726,  0.2219618, -0.3993096, -0.0522651, -0.3798212, -0.0163092,  0.0489894,  0.0159029, -0.0050613, -0.1459648, -0.2670414,  0.1111277, -0.3048312,  0.0551727, -0.2064908,  0.1327347,  0.3072994,  0.0025896, -0.1652941,  0.0939822,  0.0769994,  0.0605996,  0.0644293, -0.1496312,  0.0460500, -0.2363232,  0.0927638, -0.0750001, -0.1381029, -0.3475615,  0.0688400,  0.3270085, -0.1466660, -0.0233363,  0.0447712, -0.3131559,  0.1447184, -0.1503135,  0.0751903, -0.3134317, -0.2245987,  0.3465056, -0.2539103, -0.2223430, -0.1907621, -0.4903293,  0.2743255, -0.1933508,  0.2375716, -0.1959650, -0.4015251,  0.4231966, -0.4501682,  0.0978385, -0.4425391, -0.0992646, -0.3255737,  0.2886922, -0.0964486, -0.2466398, -0.0298316,  0.1473665, -0.3009332, -0.0064191, -0.2044515, -0.3417076, -0.2132539,  0.3466288,  0.0997123, -0.4920254, -0.1286673,  0.1230518, -0.1878632, -0.6015500, -0.0671867,  0.1027008, -0.1702415, -0.0042708, -0.0062632, -0.3394818, -0.0609462,  0.1737018, -0.5035610,  0.0962818, -0.4092171, -0.0323778, -0.1247630,  0.0262252, -0.0295166, -0.3597279,  0.0659209,  0.1512089, -0.3976520,  0.0802144,  0.1970625,  0.2518867,  0.1923136,  0.1044240, -0.2273328,  0.1069021,  0.0033884, -0.1446510,  0.0925202, -0.2054504, -0.0463211, -0.3474903,  0.1439992,  0.1958544,  0.1495352, -0.3781110, -0.4247041,  0.4027860, -0.3871240, -0.4766493,  0.0875322, -0.3768082,  0.2403345, -0.0931334, -0.0039794, -0.2271701, -0.1618528,  0.4057452, -0.1649215, -0.1513800, -0.4521458, -0.2451792,  0.2679856, -0.0986623, -0.0771914, -0.0680643, -0.4353383,  0.4210038, -0.2535016, -0.3732632, -0.8061047,  0.0954425, -0.0092796, -0.1361407,  0.0391557, -0.3723423,  0.1118561,  0.0878722, -0.4186496,  0.1582207, -0.1099324,  0.0506645,  0.2359162,  0.2470327, -0.0046579, -0.0492883, -0.5600988, -0.2859274, -0.4283888,  0.0085683, -0.3240776, -0.0163055, -0.0145288, -0.0336260, -0.0889691, -0.5186380, -0.0515112,  0.1568069, -0.3947586,  0.0773641,  0.2288676, -0.0200589, -0.1642262,  0.1152403, -0.0424589, -0.4326296, -0.1200350,  0.1337942, -0.1415994,  0.0087109,  0.1882421,  0.2755378,  0.1839867,  0.0452575, -0.1649271,  0.0895571,  0.0232622, -0.0851880,  0.0527882, -0.1718155, -0.1307259, -0.0338048,  0.1640283, -0.0223252, -0.1350758,  0.0796526, -0.0141513,  0.2293057, -0.3289355, -0.3455176, -0.5602402, -0.0332266,  0.1618941, -0.0460055, -0.1794291, -0.3125848,  0.0786028,  0.2715015, -0.2803453, -0.1005453, -0.1655421, -0.1702726,  0.5345462, -0.3312779, -0.1467936, -0.1591659, -0.2424274,  0.4165029, -0.3029944, -0.3743728, -0.3185281, -0.0990197, -0.0679745,  0.0652281,  0.0150814, -0.4891144,  0.0771874,  0.2237934, -0.2265734, -0.2760907,  0.0769876, -0.2645530, -0.2025951,  0.3821835,  0.3278586, -0.1238146, -0.0784647, -0.3017965, -0.7548811, -0.4148301, -0.6398143, -0.0105819, -0.0934586,  0.0124128, -0.0155456, -0.0781397, -0.0051105,  0.0847304, -0.1980915,  0.0188164,  0.1996216,  0.0846070, -0.0153977, -0.0785697, -0.0876370, -0.1142300, -0.1397968,  0.0693656, -0.0263701,  0.1029579,  0.2619766,  0.2594626,  0.2642701,  0.0396110, -0.1307314,  0.0284784,  0.0238487,  0.1650633,  0.0831535, -0.3265328, -0.0745934, -0.3370461,  0.3163414, -0.0179884, -0.2426542, -0.1181839, -0.0802467,  0.2597939, -0.3883939, -0.1971413, -0.3386838, -0.0998878,  0.1807927, -0.0135407, -0.0192133, -0.1956403, -0.0883481,  0.3320947, -0.5085405, -0.0425980, -0.1637356, -0.1853621,  0.6269721,  0.2326802, -0.0904972,  0.0009168, -0.7154741,  0.2614525, -0.6377759, -0.4617418, -0.2028953,  0.0114336,  0.0580931,  0.0293800, -0.0098314, -0.3599209, -0.0804330,  0.0500444, -0.1634510, -0.1005205,  0.0149620,  0.0103906, -0.1654739,  0.3653276,  0.2342328, -0.4491296, -0.0235265, -0.2303042, -1.4123358, -0.1000084, -0.7450505,  0.0609405, -0.0494349, -0.0243694,  0.0000835,  0.0051679,  0.0070613, -0.0884674,  0.0466033,  0.0341898,  0.1011122, -0.0662692,  0.0490102,  0.0156465,  0.0595891, -0.0702630,  0.0282550,  0.0661605, -0.1207682,  0.0122829,  0.1418487,  0.0991457,  0.1505656,  0.2054611, -0.1128553, -0.1047375, -0.0657237,  0.0549349,  0.1205239, -0.2747192, -0.0830396, -0.1052729,  0.2972916, -0.2269800, -0.2683036,  0.0786488,  0.2266832,  0.1055574, -0.0857838, -0.1890678, -0.7757314,  0.1205585,  0.1847050, -0.3007939, -0.1372785,  0.0050616, -0.1604321,  0.2012589, -0.0986651, -0.0399959, -0.0367532,  0.1287667,  0.3358313, -0.2780813, -0.3437240,  0.0661409, -0.0154741,  0.2019090, -0.0346225, -0.0302900, -0.3673107,  0.0210227,  0.0437001,  0.0359858,  0.1505038, -0.1110351, -0.0242983, -0.0383826, -0.1209011, -0.1701698, -0.0343423, -0.0674331,  0.1299323,  0.2074050,  0.3606717, -0.4342667, -0.5531770, -0.1259052, -0.7482129, -0.0749707, -0.2706906,  0.0889661,  0.0567931, -0.1659390,  0.0768558, -0.1413342,  0.0963373, -0.0734200, -0.0386499, -0.0296429, -0.1326148, -0.0391605,  0.0433762,  0.1952237,  0.0322829, -0.2685845,  0.0805999,  0.0366710, -0.2798763,  0.0388900, -0.1076420,  0.0594800,  0.2960811,  0.1157640, -0.0927627,  0.0716232, -0.0913269,  0.2763854,  0.0822284, -0.3747277,  0.0118263, -0.2846001,  0.5619069, -0.3533470, -0.0877403, -0.2095394,  0.3978544,  0.0004105, -0.3066206, -0.1098178, -0.6842450, -0.1369581,  0.2585090, -0.0846738, -0.0870686,  0.1060236, -0.1336067,  0.1912407, -0.0303048,  0.0143563, -0.2878448, -0.2884300,  0.3348010, -0.1787578, -0.1330935, -0.0395815, -0.0368134,  0.1413997,  0.0228482,  0.0060286, -0.3457403, -0.0371398,  0.1310277,  0.0483903,  0.1245901, -0.1622008,  0.0430968,  0.0529453, -0.2318761, -0.2530732, -0.0918583,  0.1925794,  0.0648299, -0.2781026, -0.2699359, -0.0712943, -0.1377418,  0.0107274,  0.0982834, -0.0939335, -0.2377800,  0.0574859,  0.1125375, -0.1232384,  0.1014843,  0.0859630,  0.0972675,  0.0174513, -0.3301795, -0.1398345, -0.0971654, -0.1021979,  0.0380541,  0.0435832,  0.0947593, -0.0297315,  0.1143167,  0.0709110, -0.4659669, -0.2082902, -0.2490762,  0.1028425,  0.3240462,  0.0310741, -0.1560542, -0.0404223, -0.0097517,  0.1503356,  0.1100599, -0.3270990,  0.1060249, -0.1811532,  0.3406892, -0.5843116, -0.3150069,  0.1114233,  0.2521792,  0.1076081, -0.0741961, -0.0036507, -0.0640645, -0.0920339,  0.1724167, -0.0459190, -0.0338665, -0.1354365,  0.0376236,  0.0449328, -0.2502498,  0.0601339, -0.1913160, -0.2531289,  0.1330166, -0.0486673, -0.1581094, -0.1888421,  0.1702930,  0.1526618, -0.3943676, -0.0334241, -0.0403067,  0.0183872,  0.1326445, -0.1312538, -0.0278996, -0.0069957, -0.0942499,  0.2795835, -0.4891064, -0.2314888, -0.3044753, -0.3533998, -0.1519136, -0.4673047, -0.4324701,  0.0291568, -0.2363607,  0.1161426, -0.2092049,  0.3472129, -0.1392776,  0.0779625,  0.0610149, -0.1347508, -0.0441753,  0.1706354, -0.0052981,  0.1068119, -0.4431017, -0.0678920, -0.0744225, -0.0531986,  0.0501249, -0.1968366,  0.1590437,  0.1578423, -0.0254324,  0.0877649, -0.1422805, -0.2096853, -0.3013943,  0.0228418,  0.3129652,  0.0925767, -0.2813890, -0.0087406, -0.0266223,  0.1408165,  0.1323731, -0.2284964, -0.0160184, -0.1106507,  0.0714079, -0.5595252, -0.3120833,  0.0994848,  0.1622242,  0.3336344, -0.7067081, -0.0283079, -0.2895641, -0.0545771,  0.1343857, -0.1783923,  0.0486286, -0.0696594,  0.1193214,  0.0899918, -0.5247332, -0.2442349, -0.0999803, -0.0874867,  0.1094791, -0.2876142,  0.0588777, -0.0402420, -0.0145955,  0.0918626, -0.5296022,  0.0091400, -0.1129738,  0.0558281,  0.1857061, -0.0532923, -0.3130541,  0.2814422, -0.0376907,  0.1172624, -0.4116056, -0.0390308, -0.3002192, -0.2179378, -0.0758017,  0.0226584, -0.2027216, -0.0071509, -0.2194803,  0.0748505, -0.0209881, -0.0978886, -0.1096110, -0.0339772, -0.1301959,  0.0251163, -0.0207637,  0.2379201, -0.0808786,  0.1495034, -0.3029813, -0.0907006, -0.2863568, -0.1051916, -0.0146420,  0.0512635, -0.0426950, -0.0253993, -0.0576088,  0.1139346, -0.6036689, -0.1552653, -0.3336289,  0.0946921,  0.3634980,  0.0464447, -0.3210326, -0.0464505,  0.1105590,  0.1796258,  0.0698764, -0.2791476,  0.0198924, -0.0177740, -0.2244451,  0.0334952, -0.3559648,  0.0378294,  0.1531948, -0.1740772,  0.1326108, -0.0768877, -0.5804331, -0.0430375, -0.0071102,  0.1045020, -0.0973244,  0.0800817, -0.1456888,  0.1119644, -0.1382277, -0.0686974, -0.0980593, -0.0726240, -0.1249736,  0.0553942, -0.0270499,  0.2901423, -0.0950651, -0.0078982, -0.2146109, -0.2474637, -0.5936273, -0.1492725, -0.0039624, -0.2154063,  0.0340257,  0.1921425, -0.0138131,  0.0750364, -0.3998962, -0.1602595, -0.4510646,  0.0209358, -0.0445756,  0.0676382, -0.0365252, -0.1640244, -0.0764568,  0.0459539, -0.0724928, -0.0960873, -0.0108374, -0.0019498, -0.1635310, -0.2175496,  0.0439697,  0.2013023,  0.1156615, -0.0700886, -0.9360653, -0.1319209, -0.9706464, -0.1912724, -0.1364050, -0.1690864, -0.1685335,  0.1567359, -0.0124844,  0.2029418, -0.2306944, -0.0867578, -0.3574997,  0.1236274,  0.3211690,  0.0059629, -0.2233083, -0.0266130,  0.0129479,  0.0254557,  0.0997707, -0.2123337, -0.0171858, -0.1777467, -0.1033416, -0.5031803, -0.0085344,  0.1004125,  0.2942993, -0.1190050, -0.6434063, -0.1865525, -0.4646991,  0.0610971, -0.1321917, -0.1853229,  0.0276990,  0.1684420,  0.0191030,  0.0084799, -0.9451802, -0.1000811, -0.8691658, -0.0813243, -0.1867432, -0.4777739,  0.1821558,  0.0369897,  0.0882096,  0.0605500, -0.9381351, -0.1526667, -0.9253213, -0.2736495,  0.1541608,  0.0269945,  0.1364254, -0.0405364, -0.1124137,  0.1332479, -0.0068098, -0.1398414, -0.1333369, -0.2080258,  0.1696050, -0.2795811, -0.0201251, -0.0090391,  0.0680363,  0.1667193,  0.1685853, -0.5298544, -0.7047758, -0.3045993,  0.2226802,  0.1091848,  0.1253686, -0.2044276, -0.1468340,  0.1915133, -0.0246367, -0.3061539, -0.4502142, -0.0390317, -0.0321814,  0.0745445, -0.0434115, -0.1310506, -0.3763004, -0.0940236,  0.0782346,  0.2305448, -0.5765426,  0.0331556,  0.3085949, -0.1211660, -0.1453782,  0.0454824, -0.0059589,  0.0605750,  0.1691188, -0.2584805,  0.0376743, -0.0056988,  0.1428690, -0.3520326,  0.0795502,  0.2607907,  0.2792948, -0.1204567,  0.0959821, -0.5017903, -0.4881860,  0.0810980,  0.3424985, -0.0997905,  0.1393657, -0.0470504, -0.0821516, -0.1962294,  0.1305315, -0.1922536, -0.1184148,  0.0893537,  0.3365146, -0.2835034,  0.0155692, -0.1424164,  0.1083059, -0.1867242,  0.3276210, -0.2865113, -0.1376338,  0.0504919,  0.0703528,  0.2345366, -0.1272330, -0.1317568, -0.1297331, -0.0335374,  0.0460993,  0.0592836, -0.1984395, -0.0613457,  0.2284954, -0.0333279, -0.0667388, -0.1267741, -0.1032922,  0.0046570,  0.2536291, -0.1677809, -0.2928348,  0.0409311,  0.0230483, -0.0727124,  0.0463610, -0.0157837,  0.0083145,  0.0081180,  0.0278937,  0.0770567, -0.4186905,  0.0170729,  0.0844549, -0.0223886, -0.0071832,  0.1242093,  0.1118861,  0.0603792, -0.0781437, -0.0626772, -0.0453842,  0.0162799,  0.2235966,  0.1213249, -0.1984462, -0.0509563,  0.0338336, -0.0395715,  0.1168098, -0.1497308,  0.0245553, -0.3018696,  0.2393899,  0.2399646,  0.1618455, -0.3287726, -0.2762204,  0.3347247, -0.1342167, -0.1007524, -0.1768685, -0.3607371, -0.0445328,  0.2321651, -0.0365710, -0.1568492, -0.2366966,  0.2929745, -0.0262758, -0.2532450, -0.4325420, -0.2803982,  0.2341628,  0.0875933, -0.1584596, -0.0437442, -0.4227372,  0.2858203, -0.0670990, -0.5960207, -0.5032979,  0.0353907, -0.1180866, -0.2114171,  0.1013613, -0.0112854,  0.0460296,  0.0682638, -0.1174182,  0.1045199, -0.0808464, -0.0896146, -0.0236512,  0.0150688, -0.1289580,  0.1032979,  0.0234469, -0.1098588,  0.2411462, -0.0458179, -0.5290904,  0.2003682, -0.2133071, -0.0823376, -0.0741168, -0.1187619,  0.1446381,  0.0602381,  0.0604264,  0.0432431,  0.1477480, -0.0049972,  0.0414633
.float -0.0029527,  0.0033293,  0.0033912,  0.0148963, -0.0753478, -0.1102057,  0.1400832,  0.0814262,  0.0930211,  0.2067138,  0.3798441, -0.1114890, -0.0932024, -0.1371366, -0.1830738,  0.0367162, -0.1647693,  0.0690529,  0.1681890, -0.0623194, -0.1678400,  0.0012873,  0.0999308, -0.1173500,  0.0646591,  0.0373523, -0.0293090, -0.1023936, -0.3794936, -0.0695137,  0.0875638, -0.0538331,  0.1382444, -0.0468822,  0.2296221, -0.1780480,  0.0861114, -0.7134694, -0.2517180,  0.1987158, -0.1924850,  0.1228989, -0.0892152, -0.1393008,  0.3977089,  0.1074939, -0.4591448, -1.0230025, -0.0950709, -0.3291935,  0.1568825,  0.0323321, -0.3908486, -0.1257764,  0.0024469, -0.2575754,  0.1452116,  0.2714728, -0.2944002,  0.3477298, -0.0062853,  0.1323512,  0.0570012,  0.0353477, -0.0486439,  0.2226617, -0.5074553, -0.6807621,  0.0121607, -0.2708589,  0.0068609, -0.0185170, -0.2577701, -0.0435157, -0.0471406, -0.1146298,  0.1674763,  0.2402223,  0.0885334,  0.0476466, -0.1599999, -0.0623023, -0.0476035,  0.0166852,  0.0078607,  0.0447305,  0.0584614,  0.1957289,  0.0139123, -0.2600182,  0.2827802,  0.2176257, -0.0356108, -0.1946065, -0.2791381, -0.0595671, -0.1413821, -0.0953266,  0.0669613, -0.0896941, -0.0713781, -0.2686553, -0.0844927,  0.2658077,  0.3120258,  0.0774062, -0.1960259, -0.2232040, -0.0919621,  0.0249790, -0.2377397, -0.1995957,  0.1759080,  0.2153610,  0.1138788,  0.0482191,  0.1148317, -0.5965163, -0.2323056, -0.0865703, -0.4454691, -0.0698244,  0.4271026, -0.1269219,  0.3137449,  0.2284427,  0.1051167, -1.2961049, -0.0624319,  0.0296182,  0.2209914,  0.0275166, -0.4602709, -0.2923625, -0.0274714, -0.2171890,  0.0927729,  0.2266985, -0.6024776, -0.0549004,  0.1383241,  0.3180611,  0.5925716, -0.0707592, -0.4555420,  0.4385347, -0.0480310, -0.8571216, -0.0002594, -0.1142725, -0.0936254,  0.0109620, -0.2051717, -0.0397539, -0.0184466, -0.0314072,  0.2074674,  0.2089933,  0.0803591,  0.0531272, -0.0129824,  0.0479756, -0.1863255,  0.1151084, -0.1203381, -0.0710097, -0.0149069,  0.1382565, -0.0282867, -0.2912499,  0.3723801,  0.2227156, -0.2461932, -0.1153075, -0.3627399, -0.1793689, -0.1539181,  0.1761534, -0.0594702, -0.0987225,  0.0228669,  0.0761258,  0.1342517, -0.2497479,  0.0913419,  0.0776651, -0.0014155,  0.0126956, -0.2074940, -0.0319650, -0.2377791, -0.2845466,  0.1981283,  0.2831553,  0.2477355,  0.0938644, -0.0153180,  0.0048305, -0.2371437,  0.3945578, -0.3274949, -0.1152093,  0.5822940,  0.1882114,  0.3732586, -0.1153166, -0.2927493, -0.8885119,  0.2356851,  0.1523627,  0.0617181,  0.0677967, -0.3819297, -0.1756280, -0.0347564, -0.0877569,  0.0024996,  0.0787438, -0.3704308, -0.0370027,  0.0106979,  0.3637416,  0.5285499, -0.1654108, -0.4927102,  0.3505121, -0.1784391, -0.5533764,  0.0534690, -0.1046885, -0.1539570,  0.0476286, -0.1211997, -0.0903064, -0.0298458,  0.0237521,  0.0899898,  0.0316655,  0.0630587, -0.1365153,  0.0067853,  0.1238327, -0.1529753, -0.1098430, -0.1311165,  0.1307346,  0.1034341,  0.0956365, -0.1606752, -0.3639111,  0.1895875,  0.2857438, -0.5631599, -0.0145622, -0.3088443, -0.1524854, -0.0893204,  0.2016565, -0.0317551,  0.1647842, -0.1538682, -0.2586498,  0.3547025, -0.1293936,  0.0457527,  0.0420354,  0.1221314, -0.0739130,  0.0272875,  0.2246052,  0.0046063, -0.3914591,  0.1101546,  0.0170725,  0.1375877, -0.1334230, -0.0755150, -0.1370666, -0.0967326,  0.4683461, -0.0110475, -0.2004846,  0.5182367, -0.2225526,  0.2839051, -0.4440584, -0.0557171, -0.4423620, -0.0247813, -0.1659314,  0.1997668,  0.1053312, -0.4015959, -0.1666149, -0.0170670, -0.0941539,  0.0760662, -0.0490701, -0.0303867, -0.1226886,  0.3386943,  0.2993549,  0.0054066, -0.0322483, -0.6450230,  0.0846243,  0.0192582, -0.2840731, -0.0843482, -0.0019341, -0.0485488, -0.0000844, -0.2182797, -0.0072117, -0.0603919, -0.0129894,  0.1781027,  0.0676115,  0.0407482,  0.0545689, -0.0336823,  0.0921319, -0.0564286, -0.1954201, -0.0696304,  0.0089877, -0.0325350,  0.0270942, -0.0510000,  0.1020840, -0.0272816,  0.2897833, -0.7346232,  0.1364526, -0.1368030, -0.0210616, -0.2777314,  0.0150241, -0.1772791,  0.1923632, -0.0896019, -0.1150291,  0.4646355,  0.0739845,  0.1282329, -0.1175971, -0.1574490, -0.2709701, -0.0042928,  0.0829694, -0.2034413, -0.1601023,  0.3685906, -0.0430710,  0.0174354, -0.0441888,  0.0669664, -0.0604678, -0.0108897,  0.3828523, -0.2400809, -0.0029037,  0.4959470, -0.1925427,  0.0958841, -0.2255239, -0.1581407, -0.3164617, -0.0592582, -0.2822943,  0.1873662,  0.1115148, -0.3556886,  0.0272015,  0.0991048, -0.1949105,  0.1477408,  0.0119739, -0.0102960, -0.0543431,  0.3029195,  0.0120298, -0.0353497, -0.2757328, -0.2655601, -0.1440010, -0.0075041,  0.0031398, -0.0834086, -0.0378792, -0.1350534, -0.0199915, -0.0496976,  0.0427659, -0.0219037, -0.0548692,  0.1424246,  0.1198066,  0.0725095,  0.0012110,  0.0750158,  0.0660289, -0.1616834, -0.0072385, -0.1281691,  0.1338886, -0.0800778,  0.0397542,  0.0177415,  0.0224492, -0.1306517,  0.1092766, -0.3987553,  0.2868270, -0.1560996,  0.1199798, -0.3146972,  0.1593294,  0.0573486,  0.0512599, -0.1257021, -0.3673817,  0.3401549,  0.1085552,  0.0156952, -0.4769568,  0.2608856, -0.5621425, -0.2334310,  0.1485427, -0.1623290, -0.2387247,  0.3150811,  0.0991502, -0.0106460,  0.0130902,  0.0212458, -0.0543370, -0.2301357,  0.1314095, -0.0691230, -0.1058752,  0.3496265,  0.0305188,  0.0406221, -0.1354131, -0.0052312, -0.0496692, -0.0993592, -0.0737592,  0.2124017,  0.0759837, -0.0591162,  0.0239524,  0.1116555,  0.0590828, -0.0117027, -0.1702921, -0.1371124, -0.4190098,  0.2666263,  0.1235804, -0.0958952, -0.1972572, -0.2401654,  0.0396706,  0.1868087, -0.5635945, -0.0011272,  0.0548815, -0.0956430, -0.1562666,  0.0602279, -0.0134076, -0.1245203, -0.1137863,  0.1410456,  0.1237107,  0.0779532,  0.0123198,  0.1279473,  0.0449661, -0.0582851, -0.0715534, -0.1901103, -0.1081402, -0.0177332,  0.0441402,  0.0075073,  0.1862855, -0.1885882, -0.1378791, -0.2693855,  0.2890683,  0.0643497,  0.0229188, -0.2049683,  0.0893961,  0.0117668,  0.1633623, -0.1514289, -0.3322191,  0.4138733, -0.0687984,  0.0606878, -0.0704025, -0.0058603, -0.1736231,  0.0490777,  0.1953471, -0.2221043, -0.0733627,  0.1596851,  0.0935041, -0.0053269, -0.0579532,  0.0560174, -0.1970385, -0.0861724,  0.1429116,  0.0412764, -0.0250945,  0.1921539, -0.0172759,  0.0207925, -0.1331690,  0.1447307, -0.2850642,  0.1100562,  0.0170486,  0.0208448,  0.0973302,  0.1426899,  0.1957185, -0.0491734,  0.0602769, -0.0932679, -0.3859435, -0.0364561, -0.6252238,  0.0222036,  0.0502257,  0.1572825, -0.0426088, -0.1967343,  0.0972363,  0.3900432, -0.7729055, -0.0795367,  0.1095418, -0.0201453, -0.0630373,  0.1800246,  0.0293815, -0.1299824,  0.0766308,  0.0052750, -0.0509434,  0.0996493, -0.0207865,  0.0762386,  0.1218031, -0.0761532, -0.0422303, -0.1643783, -0.0384268, -0.0599219,  0.0575948, -0.0587784,  0.0680961, -0.3207565, -0.5442764, -0.0538513,  0.3247267,  0.0552469,  0.0670408, -0.0972554,  0.1830863, -0.3333415,  0.2255992, -0.6545469, -0.2575410,  0.3544674, -0.0096877, -0.0673712, -0.3066079,  0.1971474, -0.1407100,  0.0095106,  0.1987131, -0.1106121, -0.0806450,  0.2266774,  0.1401502,  0.0023977, -0.1174923,  0.0562704, -0.0770256, -0.2197738,  0.0732432, -0.0760230,  0.0149250,  0.0329581,  0.1500425,  0.0691155, -0.0647955, -0.1862058, -0.0351099, -0.3443193,  0.0370195,  0.0244175,  0.0489676,  0.3132553,  0.0626314, -0.0351464,  0.1972498, -0.1771608, -0.1700073, -0.0264860, -0.6656029, -0.3831917, -0.1393880,  0.0527304,  0.0538384,  0.1124886, -0.3989806,  0.0678810, -0.5958104, -0.0118636,  0.1114945, -0.0493504, -0.1244020, -0.0823506,  0.0153665, -0.1101639, -0.0414073, -0.0451414, -0.0396643,  0.1763115,  0.0526119,  0.0725144,  0.1265615,  0.0431235, -0.2351147, -0.1239291, -0.1311746, -0.0883633, -0.1790138,  0.0872383, -0.0874358, -0.2329787, -0.2679056, -0.0480009,  0.3946928,  0.1622354,  0.1393926, -0.1845289,  0.0194584, -0.1152703,  0.1372153, -0.2427998, -0.9534115,  0.1044886,  0.3553815, -0.1595903,  0.1517159, -0.0106482, -0.3268065, -0.0866474,  0.1708395,  0.1167079, -0.0895776,  0.1978465,  0.0165875, -0.0679546, -0.0508062,  0.0002263, -0.0744036,  0.0568250,  0.1099571,  0.0850992,  0.0034011,  0.0702533, -0.2619378, -0.0642307, -0.0115619, -0.1058887, -0.2696896,  0.0323765,  0.0049461,  0.1626302, -0.1924462, -0.0115148, -0.0031168,  0.1514837, -0.1836509, -0.0002185, -0.3171690, -0.0611691, -0.5243989, -0.1955636, -0.3671214, -0.3490112,  0.2893119,  0.0636080, -0.0878695, -0.0730482, -0.3341333,  0.0889680, -0.0584037,  0.0187016, -0.0258764,  0.1236252, -0.0562897, -0.0512800, -0.2644067,  0.0933954, -0.1562329, -0.0171448, -0.1932898, -0.2264225,  0.1501339,  0.1090591,  0.0088154,  0.0608756, -0.4700467, -0.0940272, -0.2486074,  0.0578862,  0.0577918, -0.0663790, -0.2001327, -0.1276533,  0.1926291,  0.0634984,  0.1218334, -0.2212218, -0.0128425, -0.4387853,  0.1427080, -0.2552174, -0.4734528,  0.2448857,  0.2043542,  0.0221639, -0.4423633,  0.1284996, -0.4174657,  0.1030074, -0.0312725,  0.0498323,  0.0438744,  0.1009098,  0.0243138, -0.1534748, -0.3610303, -0.0290273, -0.1684422,  0.1841512, -0.0126604, -0.0805506,  0.1962037,  0.0948296, -0.0694420, -0.0160250, -0.4378127, -0.0018907, -0.2859190, -0.2834869, -0.0851528,  0.1267743, -0.0217826, -0.0544356, -0.1731155,  0.0235824,  0.0868597,  0.0371362, -0.2942598, -0.1026935,  0.1040287,  0.0177150,  0.0589026,  0.1153952,  0.0359671, -0.0211851,  0.0682337, -0.0946778, -0.3824169, -0.1667285,  0.0885129, -0.0170584, -0.0627855,  0.0317644, -0.0113166,  0.0734806, -0.0600697,  0.0853666, -0.1254004, -0.1684706,  0.0433965, -0.0196892, -0.0880552, -0.1004550, -0.5418789, -0.2488122,  0.2387147,  0.0840089, -0.2056685,  0.0813911,  0.3640380, -0.0715895,  0.0151269, -0.0923682, -0.0937399,  0.0230059,  0.0127190, -0.2926227,  0.0592594,  0.1918243, -0.0604436, -0.0939021,  0.0503278,  0.1068447,  0.0763509, -0.1167792,  0.1658934, -0.2528408, -0.1481523,  0.1610836,  0.1083458, -0.0070025,  0.3050467, -0.0985064, -0.3630837, -0.1401417,  0.0602739, -0.2850578, -0.2839124,  0.1288329,  0.0535535,  0.0043366,  0.1144131,  0.0046330, -0.0698834, -0.1212766,  0.1817817, -0.2501112, -0.4595046, -0.0267824,  0.0861700, -0.1141942, -0.0241365,  0.0377289,  0.0536022, -0.0587857, -0.1135818, -0.0310256,  0.2408373, -0.0274942,  0.0150670, -0.1315618,  0.0877356,  0.0842216,  0.0555534,  0.1336686,  0.2093416, -0.2302974, -0.4709961,  0.1446637, -0.0696888, -0.0532243,  0.0439097, -0.2585439, -0.1210456,  0.0285715,  0.0488089,  0.0552748,  0.1220440,  0.0868037,  0.0228035, -0.0421302, -0.0059489, -0.1519587,  0.0834997, -0.1611440,  0.1357886, -0.2259000, -0.1533543,  0.0252545,  0.1676089,  0.2908147,  0.1906638, -0.0800561, -0.3468704, -0.0672470,  0.0560760, -0.3079961, -0.1156899, -0.2095428,  0.1074288,  0.0371153,  0.0238341, -0.1465080, -0.1180521,  0.3205227, -0.1307688,  0.0487860, -0.2006797, -0.3554825,  0.0319910,  0.2303167,  0.2235727, -0.0557423, -0.2717732,  0.1572787, -0.6069449,  0.0926771, -0.0631938, -0.3273252,  0.1037233,  0.0070490, -0.0835701, -0.0749897, -0.1841892,  0.1985998, -0.2596612,  0.1260661, -0.1863509,  0.1804007, -0.2030086, -0.0677301,  0.0015269, -0.0466683, -0.0746273, -0.0815328, -0.1087899, -0.0468928,  0.1245789, -0.0977176, -0.0124800, -0.0787615,  0.0164451,  0.2950538, -0.0894889, -0.0795816,  0.1557162,  0.1050614, -0.3569957,  0.0215286, -0.1226885, -0.1038464,  0.0042707, -0.1507881, -0.0344197, -0.0652547, -0.0436689,  0.1759714,  0.2585931,  0.0223989,  0.1658658, -0.0561751,  0.0814293, -0.1042630, -0.0461307, -0.0504332,  0.0858812, -0.2685571,  0.0290673, -0.1947875,  0.0168290,  0.2578222,  0.2296299, -0.1952593, -0.6051474, -0.1623091,  0.2578505, -0.1098668, -0.2220459,  0.1007372, -0.1628537, -0.0512406, -0.1663788, -0.0076752,  0.0174156,  0.0444866,  0.0441427,  0.1089229,  0.0936481, -0.0638785, -0.2530528, -0.0096692, -0.1704919, -0.0113577, -0.0173176,  0.1384458, -0.3130997,  0.0347454,  0.2739371,  0.0581722, -0.0674339, -0.1208744, -0.0999402,  0.2311538,  0.0848310,  0.2282094, -0.0763593, -0.1004982,  0.0360703,  0.0893121,  0.0865512, -0.1658939,  0.1108206, -0.1443038, -0.0505668,  0.0246872, -0.2054282, -0.0430996,  0.1661175, -0.0915851,  0.1500128, -0.0491930,  0.1121142,  0.4050656, -0.0046858, -0.3519409,  0.2891264, -0.1338265, -0.4663889, -0.0734972, -0.1928718, -0.0245293, -0.0251989, -0.1493343,  0.0482216, -0.0014622, -0.0376950,  0.0071480,  0.2241201, -0.0412302, -0.0143582, -0.0045465,  0.1119230,  0.2817174, -0.0606658, -0.3359900,  0.1123643, -0.0146951, -0.0409371, -0.5109254, -0.0890333,  0.2349701,  0.2492272, -0.4945675, -0.4308071, -0.2351092,  0.3074090, -0.0628392, -0.0653960, -0.0619386, -0.2784630, -0.1295763, -0.1524863,  0.0903561,  0.0050222,  0.1273570,  0.2327087, -0.1301235,  0.1360336, -0.2005480, -0.2557627, -0.0596514,  0.0269294,  0.1425943,  0.0675864,  0.1311335, -0.3361135,  0.0970335,  0.1686405, -0.1801690, -0.3842671, -0.0732557, -0.1907977,  0.5375094, -0.0029221,  0.1248424, -0.1065227,  0.0458852,  0.0688094,  0.0617831,  0.0128773, -0.0224967,  0.1199504, -0.2004154,  0.0124388, -0.1174407, -0.2436258,  0.0319280,  0.1059599, -0.3112534,  0.1086702, -0.0533294,  0.1683652,  0.2667716,  0.1024768, -0.5153099,  0.1483056,  0.0264854, -0.3353534, -0.0821507, -0.1768517,  0.0137532,  0.0798885, -0.0292539, -0.0874813, -0.1111069, -0.0939997,  0.0557632,  0.2767728, -0.0531125,  0.0963703,  0.0236701,  0.1119673,  0.0642347,  0.0400943, -0.2392290,  0.0540101, -0.0071361, -0.0812465, -0.4701194, -0.2449624,  0.1479486,  0.1589628, -0.7181373, -0.1684495, -0.2645406,  0.1985625,  0.0896370,  0.1624233, -0.1118784,  0.1594049, -0.0982898, -0.0844444,  0.0335832,  0.0425635,  0.0811086,  0.0490722, -0.1306907, -0.0524565, -0.0005904, -0.1003811, -0.0375086, -0.1400213
.float  0.0042379, -0.0850803,  0.1759168, -0.2288697,  0.0508347,  0.1539143, -0.0280304,  0.0163987, -0.1024083, -0.4751745,  0.4555604,  0.0101340,  0.3365332,  0.0108666, -0.1056449,  0.0093337,  0.0633236, -0.2331997,  0.1165763,  0.0692493, -0.1434273, -0.1966666, -0.0656024, -0.2256453,  0.1517514,  0.2280488, -0.1265873, -0.0762121,  0.1516357,  0.1106503, -0.2519072, -0.0870997, -0.5450811,  0.1321432, -0.0161728,  0.1151448, -0.0926702, -0.0745403, -0.1419307, -0.0505553, -0.1250418, -0.0464835, -0.1055057, -0.0584153,  0.0783208,  0.2763092,  0.1088414, -0.1429110,  0.1046224,  0.0692930, -0.1323498, -0.1195169, -0.3063761,  0.0558752, -0.0723313, -0.0320024, -0.1155774, -0.2474806,  0.1635160,  0.1002717, -0.8433354,  0.0465051, -0.2475590,  0.3950231, -0.0484415,  0.1781864, -0.0249713, -0.0236735, -0.1833650, -0.1263309,  0.2871244, -0.0350162, -0.0260742,  0.1356384,  0.1189322, -0.0277250, -0.0258934, -0.1551316,  0.0936320, -0.1617898,  0.0597986,  0.0169975,  0.0795780, -0.2848704, -0.0324032,  0.0243143, -0.0259444,  0.0754075,  0.1131977, -0.1990798,  0.4108361,  0.0869052,  0.0810894, -0.4236902, -0.0781797, -0.0820666,  0.0963838, -0.1337573, -0.0386307,  0.0886849, -0.1622741, -0.1659453, -0.0559202, -0.0793018,  0.0822161,  0.2358262,  0.1335914, -0.1920077,  0.2472375,  0.1136422, -0.5329489, -0.0486783, -0.3978316,  0.0776842, -0.0669767,  0.0246109,  0.0443409, -0.0530185, -0.1033276,  0.0214837, -0.1739791,  0.0023811, -0.0986603, -0.0803646,  0.0193465,  0.3063930,  0.2089252, -0.0850782,  0.1837247,  0.0666885, -0.0967038, -0.1803304, -0.2871792,  0.0922127,  0.0775725,  0.0931948,  0.0256999, -0.1528799,  0.1814400, -0.0882056, -0.7777823,  0.2793804, -0.0754640,  0.2090813, -0.1276343,  0.0679539, -0.2729623,  0.0410553,  0.0931368,  0.0095682,  0.4127108, -0.0329557,  0.0501016, -0.2531915, -0.1538879, -0.0424141, -0.1189527,  0.0117167, -0.0305014, -0.1539368,  0.1650523, -0.0284110,  0.1918576, -0.2340924,  0.0389804,  0.1406417, -0.1414538,  0.2407147, -0.2140742, -0.0415355,  0.3393349, -0.1272916,  0.1323110, -0.2160799, -0.1328217, -0.2039058,  0.1319850, -0.0404712, -0.0434396,  0.0873059, -0.3329413, -0.1109738, -0.2283264,  0.0269009,  0.1671246,  0.1550131,  0.1780242, -0.4849088,  0.0698793,  0.0354523, -0.7858061,  0.0782038, -0.1375475,  0.0328985,  0.1080289,  0.1938586, -0.0578832, -0.0968052, -0.2626276, -0.1597521, -0.0420758,  0.1354257, -0.1140377,  0.0029551, -0.0346937,  0.2271305,  0.1172376, -0.0512493,  0.0639224,  0.0441375, -0.0794937, -0.2597788, -0.2646966,  0.1492686, -0.0133334,  0.0059709, -0.0821150, -0.1423261, -0.0208165, -0.3255009, -0.6037673,  0.3141397,  0.1294550,  0.1371521, -0.2549104,  0.1178123,  0.0084849,  0.0250141,  0.0141099, -0.1497986,  0.4717026, -0.0307935, -0.1809356, -0.2337439,  0.0598384, -0.0755309, -0.1183526, -0.0719218,  0.0116264, -0.1794455,  0.2008333,  0.0291532,  0.1163543,  0.0407019, -0.0871223,  0.0447310, -0.1568037, -0.0055671, -0.1413694,  0.0280530,  0.3785450, -0.0926304,  0.0289668, -0.0761475, -0.0322658, -0.0835573, -0.0596979,  0.0477716, -0.0675341,  0.0501014, -0.1043177, -0.0469614, -0.1226347, -0.1483049,  0.0428773,  0.1835385,  0.2780735, -0.7934429,  0.0798729, -0.0170511, -0.5610799, -0.1083906,  0.1141486, -0.1953475,  0.0657166,  0.2533516, -0.1742093, -0.0529303, -0.2844684, -0.1929657,  0.1071322,  0.3696990, -0.1490570,  0.1070328,  0.0777955,  0.0255450,  0.0326616,  0.0505024, -0.0544923,  0.0608724, -0.0610114, -0.1936668, -0.1808663,  0.0148579,  0.0579843,  0.0518048, -0.2211799, -0.0868277, -0.2967702, -0.2796979, -0.5354862,  0.4139613,  0.3159686, -0.1990749, -0.0610274, -0.0306081,  0.0518813,  0.1483050, -0.0296557, -0.1840374,  0.6951614, -0.1870862, -0.0282772, -0.2214696, -0.0661496, -0.3960207,  0.0358133,  0.1538730, -0.2914717, -0.0595275,  0.1666410,  0.1380236, -0.1247602,  0.1783848, -0.0885133, -0.1879319, -0.0080641,  0.0568964, -0.0499639, -0.0794170,  0.1241008, -0.0437284, -0.1344773,  0.0721206,  0.0930720, -0.1036397,  0.1141707, -0.1583563,  0.1328794,  0.1756396,  0.0757838, -0.2402092, -0.1986838, -0.0087073, -0.0147731,  0.0415036,  0.1990601, -0.4819056,  0.0803133, -0.2439207, -0.5584578, -0.1014304, -0.0080336, -0.3005760,  0.2193832,  0.1407166, -0.1823987,  0.1244766, -0.5393615, -0.3161263,  0.0940895,  0.4336441, -0.2065568,  0.2137030,  0.0291525, -0.0954023,  0.0809590,  0.0574890,  0.0578598,  0.0788005, -0.0725560, -0.1894644, -0.1532612,  0.0026774, -0.0304855,  0.0761255, -0.3560174, -0.2388380, -0.8047804, -0.6153043, -0.2206839,  0.3960100,  0.3195651,  0.0868144,  0.0240866, -0.1246889, -0.0648948,  0.1017118, -0.1157500,  0.0200374,  0.3347928,  0.0591066, -0.1257455, -0.2946416,  0.0575015, -0.0883961, -0.1439137,  0.1813941, -0.2160388, -0.0237541,  0.2240962,  0.1538401, -0.1776088,  0.1970618, -0.0666397, -0.0948627, -0.1090691,  0.1216317, -0.0129903, -0.0664298,  0.0409238, -0.0011302, -0.0166521,  0.0152351,  0.0206090, -0.0519725,  0.0524576, -0.1226179,  0.1481611,  0.2281878,  0.2110213, -0.2092442,  0.1209313, -0.2020415, -0.1162042, -0.1830440,  0.2604693, -0.5558475, -0.8871188, -0.1993339,  0.0632070, -0.1430999,  0.0653871, -0.4017579,  0.2394465,  0.0728231, -0.1022082, -0.0019745, -0.3039954, -0.3498268,  0.2800034,  0.4311953, -0.1642297,  0.0991293,  0.0821853, -0.1870483,  0.2464983,  0.1140590,  0.1091838,  0.1398491, -0.0852929, -0.3816940, -0.1618936,  0.1154417,  0.0398826,  0.0263242, -0.2937188, -0.0903780, -0.4595443, -0.5391594,  0.0176091,  0.3018659,  0.2335163,  0.1140592,  0.0105408, -0.2949080, -0.2537907,  0.2721573, -0.2223469, -0.2793873,  0.3640823, -0.1209356, -0.0330622,  0.1546945, -0.0028836, -0.5148396,  0.0157634,  0.0805591, -0.1354828, -0.0379740,  0.1244120, -0.0708050, -0.0853503, -0.0051013,  0.0464457, -0.1427779,  0.1224746,  0.0775572,  0.0730767,  0.1192637,  0.0696099, -0.2263777, -0.0438557,  0.0491987, -0.0176012, -0.1045097,  0.2322377, -0.1795310, -0.0202498,  0.1213828,  0.0913025,  0.1843101, -0.1982542,  0.1125563, -0.2727126, -0.2791961, -0.0812691, -0.4063961, -0.5769267, -0.8165818,  0.0129971,  0.2822244,  0.1201041, -0.5441304, -0.1680068, -0.0929558,  0.0294008, -0.3119953, -0.0798731, -0.4462274,  0.1188316,  0.2794116, -0.4148538, -0.0762738,  0.1252335, -0.2733657,  0.2012974, -0.0112802, -0.0130385,  0.0931600,  0.1994823, -0.1862822, -0.1338847, -0.2942690, -0.0864351,  0.0189607, -0.0378346,  0.0472007, -0.2378509, -0.3438589,  0.0645666,  0.2556176,  0.1542284,  0.1019006, -0.2332489,  0.0250254, -0.3749981, -0.1007437, -0.0174050, -0.5223282,  0.3104901,  0.1215418, -0.1098448,  0.0803056,  0.0297304, -0.6931024,  0.1919121, -0.0796323, -0.0155731, -0.0498744,  0.0294633,  0.1139512, -0.3308268, -0.0992538,  0.0079169, -0.0639867,  0.1543167, -0.1071816,  0.0754782,  0.0210229,  0.0645321, -0.1196620, -0.1801781, -0.1273800,  0.0331757, -0.1331924, -0.1447696,  0.0371853, -0.1316135,  0.0580765, -0.1530245, -0.3604416, -0.0247665,  0.2308584,  0.1663519, -0.2786866,  0.1596887, -0.1611019,  0.0172277, -0.0679644, -0.1336533, -0.3315632, -0.1096384,  0.1895292, -0.0446849, -0.0962857,  0.1681553, -0.1316941, -0.0218144,  0.0036041,  0.0049386, -0.0834789, -0.1765669,  0.1146325, -0.0882215, -0.0516139,  0.0670090, -0.5406154, -0.0502817,  0.1468580,  0.0805212, -0.2191877, -0.4424440,  0.2506896, -0.0696027, -0.2197387,  0.0261911,  0.1712760,  0.0251011, -0.0388545, -0.1062502, -0.0311338, -0.0064955,  0.0179051, -0.2217384,  0.0402210,  0.1000679, -0.1233115, -0.0114945, -0.0864826,  0.1762247, -0.2055963, -0.1878342,  0.1886399,  0.0027041, -0.0817874,  0.1046711, -0.3015802,  0.2082090,  0.1501974, -0.1133173, -0.6297731, -0.2064420, -0.3089238, -0.0244438,  0.1690717,  0.0442159, -0.0593522, -0.1422964,  0.3125801,  0.1639745, -0.3157116, -0.2221858, -0.3676630, -0.3559568, -0.1092398,  0.1532449, -0.0940765, -0.1410812, -0.0221925, -0.1479883,  0.0263707, -0.1057885,  0.0525731, -0.0425812,  0.1348457,  0.2046016,  0.0958869, -0.1927717, -0.0033989, -0.0614069, -0.0988528, -0.0156778,  0.0992084,  0.0101475, -0.1266041,  0.1011751,  0.0691693, -0.1085014, -0.0596225,  0.0428257, -0.0714686, -0.1302223,  0.0606900,  0.0123225,  0.0303893, -0.0734522,  0.0105167,  0.0174598, -0.1038857,  0.0392548, -0.1908126, -0.2101082,  0.2854045, -0.1557889, -0.0688407, -0.1575027,  0.0806933,  0.2385052,  0.1266773, -0.0949951, -0.2117909, -0.0727170,  0.0612633, -0.0662533, -0.1813328, -0.1105510,  0.1612636, -0.1994269,  0.1035672, -0.1339697, -0.1273269,  0.2296834, -0.0788161,  0.1999086, -0.1172358, -0.1416274, -0.1298121,  0.1228776,  0.1672807,  0.1630928, -0.0342894,  0.1560119, -0.5926524,  0.1590302,  0.1334885, -0.1749325,  0.1289080,  0.1494964,  0.0639240,  0.0127473, -0.1993883,  0.2382310, -0.6986817,  0.0927507,  0.0539115,  0.0661116, -0.0956172,  0.0040495,  0.0485098,  0.1287472, -0.0321940, -0.1330173,  0.0234968, -0.0333135,  0.0130585, -0.1208080,  0.0125827, -0.1310880,  0.0673219,  0.0843013,  0.0011328, -0.0578767,  0.2884357, -0.0807708, -0.1713622,  0.0362455, -0.1566331, -0.0251921, -0.0095228,  0.0063536, -0.1412159, -0.0715378, -0.1353789,  0.0529537,  0.1610496,  0.0797297,  0.2910763, -0.2996914, -0.0391951,  0.1289173, -0.1435886, -0.2820708,  0.3592382, -0.0810932, -0.1930526, -0.2838733, -0.0877853,  0.1401591,  0.3391576, -0.3854192, -0.4334633, -0.1664727,  0.1003310, -0.0725677, -0.0324503, -0.0546031, -0.0668484, -0.0711949, -0.1496024, -0.1557675,  0.0908132,  0.1414634,  0.2326158,  0.0824895, -0.0891566, -0.0425094, -0.1707336,  0.1521842,  0.0174348,  0.0573738, -0.0936006,  0.1380927, -0.3302777,  0.1729820,  0.2182082, -0.0497325, -0.3618938,  0.1236982, -0.0897767,  0.1328082, -0.1084858,  0.1670541, -0.1593243,  0.0952004,  0.1070939, -0.0343676,  0.1403706, -0.1322744,  0.1066737, -0.0151732, -0.1033892, -0.1004119, -0.1346791, -0.0000046,  0.1079062, -0.1134217, -0.1292583,  0.0543673, -0.0655828,  0.1063156,  0.0172471, -0.3019232,  0.1855490, -0.0031707, -0.0724236,  0.0217356, -0.1881876, -0.0834882,  0.0601651,  0.0656300, -0.0590732,  0.0606083, -0.1973969, -0.0031359,  0.1772974, -0.2053812,  0.2328260, -0.4260984, -0.0291714,  0.1840180, -0.0477139, -0.1581076,  0.3769665,  0.0547103, -0.2242733, -0.2653745, -0.0663044,  0.2171744,  0.2820393, -0.5766031, -0.2829199, -0.3965378,  0.2344271, -0.2379249, -0.1955554, -0.0316377, -0.3029348, -0.0425020, -0.1287200, -0.0238337, -0.0006259,  0.0402793,  0.0085869,  0.0769252,  0.0008427,  0.1344220, -0.2404689, -0.1754849,  0.0001728,  0.0774110, -0.1272055,  0.1750559, -0.3693238,  0.1033334,  0.1898684,  0.1535389, -0.2642076, -0.1141223, -0.2246954,  0.3066235,  0.0004445,  0.2222334, -0.2105251, -0.1176552,  0.0777065,  0.0301222, -0.0089969, -0.1041942,  0.0382598, -0.0884185, -0.0102986, -0.0426953, -0.1769819,  0.1199387,  0.2003220, -0.0497358, -0.1802290,  0.0580373,  0.1347270, -0.2321592,  0.1289721, -0.6184725,  0.1231524,  0.2326565,  0.0376730,  0.0055722, -0.0957564,  0.0191043, -0.0143489, -0.0610284, -0.1424847,  0.0544561, -0.1340175,  0.1680102,  0.2617881, -0.0364736, -0.0283617, -0.1271806, -0.1403643,  0.1148494, -0.1309616, -0.1667878,  0.3446514,  0.0900846, -0.0181806, -0.1005244, -0.2777406,  0.1966991,  0.2508187, -0.7050266, -0.4315952,  0.0209477,  0.2897479, -0.1341875, -0.0668867,  0.0278693, -0.1625214, -0.0411758, -0.0323277,  0.1340997,  0.0544846,  0.0998443, -0.1491723,  0.0087638, -0.0173891, -0.0100000, -0.1992224, -0.0993227, -0.0338950,  0.0935263, -0.1269940,  0.0357043, -0.1623819,  0.1497545,  0.1957911,  0.0609199, -0.2216415, -0.0058253, -0.2490136,  0.2621559,  0.0282458,  0.1057942,  0.1503053, -0.1711248,  0.0393898,  0.1396063,  0.0297772, -0.0673011,  0.0401672, -0.1679033, -0.0351294, -0.1559876, -0.2439680, -0.0457406,  0.2921592, -0.0781242, -0.0923291,  0.0462304, -0.0134368, -0.4841869,  0.1234666, -0.7964309,  0.0845974,  0.2029106,  0.1485983,  0.0337306, -0.0773418, -0.0712999,  0.1642345, -0.0799070, -0.1355992, -0.0318568, -0.0972867,  0.0264601,  0.1933075,  0.1238725, -0.1893193, -0.0793182, -0.1253500, -0.0619355, -0.0984623, -0.2265421,  0.2098040,  0.1531592,  0.1545227, -0.2469269, -0.0498932,  0.1107243,  0.1486120, -0.5899502, -0.0061779, -0.0186879,  0.3513118, -0.2113835, -0.1202461, -0.1223795, -0.1156826, -0.0709233, -0.2178477,  0.1714428,  0.0923108, -0.0538676, -0.0824549,  0.0316622,  0.1398248, -0.0634448, -0.2660404, -0.0179580, -0.0586506, -0.0058280, -0.2066402,  0.1253430, -0.2371550, -0.0068576,  0.2179115, -0.0793481, -0.0911570,  0.0734230, -0.1311194,  0.1699679,  0.0573888,  0.1880403,  0.0210223, -0.3330700,  0.0384872,  0.1733837, -0.1089586, -0.0394293,  0.1921387, -0.4410962, -0.0137908, -0.2480815,  0.0490291,  0.1099856,  0.2856810,  0.1209872, -0.2508221,  0.1474943, -0.0897119, -0.1818744,  0.0533368, -0.4557258,  0.1197123,  0.1810961, -0.0198747, -0.0524408,  0.0395066, -0.1570831,  0.0469064, -0.0472557, -0.1352304,  0.0280883, -0.0766934, -0.0162642,  0.1166647,  0.1819800, -0.0496060,  0.0875404, -0.1399425, -0.1947644, -0.2657704, -0.2999191,  0.0544949,  0.1062461,  0.2638894, -0.2138135, -0.0858943,  0.1342999,  0.0776215, -0.3888242,  0.2391296,  0.0462408,  0.1268822, -0.1622731, -0.0752771,  0.0562049, -0.1210896, -0.0050685, -0.2608507,  0.3891333, -0.2143537,  0.0096238, -0.2587952, -0.0450324,  0.0902856,  0.0646787, -0.1970937,  0.0560832,  0.0107622, -0.0249930, -0.3435874,  0.1680126, -0.1151696,  0.1710699,  0.2174019,  0.0058507,  0.1573851,  0.0429258, -0.0558867,  0.2179802, -0.2288769, -0.0320946,  0.0313339, -0.1377457, -0.0909072,  0.0303567,  0.0065922, -0.1427402,  0.1340918, -0.3688285, -0.0627434, -0.2304592,  0.0142415, -0.0096805,  0.2936069,  0.1239002, -0.3333648,  0.0422168, -0.1946463, -0.1502555,  0.2702539
.float -0.1489879,  0.0672705,  0.0721551,  0.0311122, -0.1684094,  0.1143861, -0.2767228,  0.0000726,  0.1052773, -0.0843450,  0.1146910,  0.0521573,  0.0535997, -0.0058647,  0.2171909, -0.0996869, -0.0202945, -0.0192559, -0.1397106, -0.2392288, -0.2905074,  0.0820035,  0.0585279,  0.2255512, -0.2054313, -0.0621977, -0.0227023, -0.0978329, -0.5379167,  0.4204428,  0.0820451, -0.1555544,  0.0143293,  0.0454806, -0.1110980, -0.0789389, -0.0276079, -0.0036270,  0.4079252, -0.3454219, -0.1328135, -0.1678622,  0.0560527, -0.0043168, -0.0473563, -0.0441338,  0.0131103,  0.0207718,  0.0758357, -0.2973065, -0.1207480,  0.1084664,  0.0902261,  0.1545628, -0.0619335,  0.0748987,  0.0782453,  0.0141322,  0.1972052, -0.2342380, -0.2046895,  0.1863014, -0.0878813, -0.0098170,  0.0224596, -0.1468448, -0.0392346,  0.2055526, -0.2184422, -0.1811861, -0.1564327,  0.0166655,  0.1430104,  0.1827267,  0.1850371, -0.8275193, -0.0012328, -0.0615945, -0.2910156,  0.1343938, -0.1192666, -0.1128250,  0.0487424,  0.0464871, -0.3072108, -0.1594566, -0.3386475, -0.0501480,  0.0182082,  0.1012921,  0.1959948,  0.2098716,  0.1032433, -0.0883322,  0.2814882, -0.2110010,  0.0102763, -0.0781740,  0.0002121, -0.2147829, -0.2519286,  0.1089629,  0.0262214,  0.0491643, -0.3165558, -0.3792428, -0.1788968, -0.2633665, -0.4117635,  0.4508592,  0.3179135, -0.2375960,  0.0667620, -0.1429837,  0.0355301, -0.1487866,  0.1534483, -0.0338276,  0.4098274, -0.5912145, -0.0341878, -0.1715534,  0.0241100, -0.1211273, -0.1590376, -0.0430696, -0.1205593,  0.0905387,  0.1337560, -0.1481952, -0.1834323,  0.0425503,  0.0692826,  0.0217875, -0.0132345,  0.0174793, -0.0376421,  0.0532786,  0.1394805, -0.0972974, -0.3511888,  0.1244440, -0.0880516,  0.0197545, -0.1070744,  0.0531018,  0.0914768,  0.2267567, -0.0711683, -0.1677024, -0.2912475,  0.0596660,  0.1388031,  0.0231182,  0.1707812, -0.2775743, -0.0476533, -0.3103337, -0.4169740,  0.1756354,  0.0536189, -0.2957404,  0.1089679, -0.0451513, -0.2041292, -0.0313310, -0.2805994, -0.3104003,  0.0060079,  0.3965692,  0.0770364,  0.2337685,  0.0601243, -0.4040078,  0.1017301, -0.1702402, -0.0866420,  0.0257684, -0.0548595, -0.3593024,  0.0349367, -0.0131795,  0.1436360,  0.0683129, -0.4110495, -0.0107752, -0.8159289, -0.3714147, -0.2453392,  0.4605544,  0.3803921, -0.1216007,  0.0306819, -0.2112451,  0.1418607, -0.0765068,  0.0294877,  0.0384792,  0.3922997, -0.5718643, -0.1200563, -0.2345993,  0.0255112, -0.1610708, -0.1285346, -0.0160771, -0.0383132, -0.0218132,  0.1446419, -0.0602945,  0.0190881,  0.1014428, -0.0323932, -0.0368984,  0.0600090,  0.0784715, -0.0287441, -0.0303389,  0.1810154, -0.1318167, -0.1557385,  0.1563523,  0.0665603, -0.0461337,  0.0843534,  0.0458963,  0.0481132, -0.0425495,  0.1006805, -0.0304041, -0.3610255, -0.0792602, -0.0312444,  0.0479413,  0.1855321, -0.0930279, -0.7074975, -0.5934140,  0.0330768,  0.0025153, -0.0540681, -0.4463812,  0.2975481,  0.1172541, -0.1139619, -0.1476745, -0.2176560, -0.3393935,  0.1485389,  0.2411572, -0.1473607,  0.3924055, -0.0805133, -0.3515296,  0.0008897,  0.1277275, -0.0145174,  0.0478789, -0.1266161, -0.3495929, -0.1673307,  0.0683533, -0.0184035,  0.1428701, -0.4067000,  0.1643627, -0.4202467, -0.3356822,  0.1728891,  0.3319242,  0.2785286, -0.0997165, -0.2157565, -0.0674435,  0.1369048,  0.1788830,  0.1105057,  0.0503240,  0.3534712, -0.5292556, -0.6136578,  0.2118805,  0.0230444, -0.2049671,  0.0558711,  0.0200950, -0.0291206,  0.0838999,  0.1776963, -0.0883145, -0.0829098,  0.1709784, -0.0005492, -0.1531965,  0.0899328,  0.0649245, -0.0627994,  0.0142160,  0.0711419, -0.2705215, -0.1161908,  0.0303383,  0.0788614,  0.0041665,  0.2476507, -0.2611021, -0.2695158, -0.0181259,  0.2458326, -0.0242801, -0.3781273,  0.1420537,  0.0596956, -0.1298015,  0.0233591, -0.2676675, -0.3129435, -0.4376265,  0.2426240,  0.0830842, -0.0256175, -0.2891600, -0.1355118, -0.1827131, -0.1497726, -0.4882704, -0.2538739, -0.8644347, -0.0233661,  0.6205991, -0.0945141,  0.2067299, -0.0182931, -0.3166213,  0.2200518, -0.0477908, -0.1544108, -0.0690773, -0.0255582, -0.1601833, -0.2391817,  0.0664345,  0.1534117,  0.0983699, -0.0598074,  0.1987109, -0.1142447, -0.3709445,  0.3282664,  0.1148140,  0.0386226,  0.0898199, -0.2886917, -0.0875783,  0.0085762, -0.6109962,  0.2482740, -0.4684890,  0.3229900, -0.3510808, -0.0166430, -0.3143654,  0.2194009, -0.4042111, -0.0897102, -0.2150868, -0.0008974, -0.1703087,  0.0052745,  0.1536510, -0.3622393,  0.0540466,  0.0439558, -0.1896085,  0.1539880,  0.0060979,  0.0398917,  0.0053563,  0.0746085, -0.0533992, -0.3819384, -0.1345653,  0.0112464, -0.0457019, -0.1366204, -0.0679927, -0.0626931,  0.1108027, -0.0975255, -0.1141368, -0.0138076,  0.1328232,  0.2203667, -0.1614970, -0.0253385, -0.0815440, -0.0276164, -0.0023652,  0.0347209, -0.1701035, -0.1282516,  0.0981278,  0.0869932, -0.1420504,  0.0770574, -0.0012672, -0.1195434, -0.1471039, -0.0956450, -0.0628821, -0.2859132,  0.1065090,  0.1563166, -0.0227665, -0.0204135, -0.5011939,  0.0361334,  0.0153007, -0.1147902, -0.3171745, -0.3089593,  0.1496260, -0.0217260, -0.2373013,  0.1334622,  0.0841272, -0.0007330, -0.0686126, -0.0379757, -0.0555018, -0.0331459,  0.1143773, -0.2398254, -0.0531000,  0.0158159, -0.0623050, -0.0483863, -0.1447348,  0.2757016, -0.2503315, -0.2372421, -0.1217349,  0.0712270,  0.1320423,  0.0995173,  0.0326944, -0.0429377,  0.2258129,  0.0992559, -0.5855997, -0.2596939, -0.2415089,  0.0355038,  0.1964776,  0.0798151, -0.3242770, -0.0414489,  0.2136837,  0.1724611, -0.3449343, -0.2254690, -0.2529866, -0.0647891,  0.1183046,  0.2155015, -0.0730855, -0.2462814, -0.2459842,  0.1570045, -0.0611967, -0.0021959,  0.0106060, -0.0467487,  0.0755963,  0.0969991, -0.1839606, -0.0737788, -0.0960256, -0.0837005,  0.0715317, -0.0155989,  0.0271352,  0.1315524,  0.0156277, -0.0291140, -0.1403103, -0.1215868, -0.1695341,  0.0897685, -0.1001919, -0.0423635, -0.0392789,  0.0842408,  0.0670302, -0.2314977,  0.0334468,  0.1735391,  0.1403739,  0.2461553, -0.2858107, -0.0570653,  0.0857199,  0.0049736, -0.0982733, -0.1353279,  0.2346245,  0.1632371,  0.2756582, -0.2129554, -0.2752551, -0.2928006,  0.0842101, -0.2321315, -0.1335138, -0.1179665, -0.0503671, -0.0835730, -0.0065256, -0.1502255, -0.0078361,  0.0148846,  0.0942105,  0.1648741,  0.0540493, -0.0853556,  0.1110949,  0.0307777, -0.0766925, -0.2081715,  0.0901034, -0.0824663, -0.0300845,  0.0437235,  0.0692263,  0.0175199,  0.1858705, -0.0450838,  0.0642031, -0.1601924, -0.2668106,  0.1617527, -0.2465381,  0.0661432,  0.2847953,  0.0002770, -0.1450343, -0.2062648, -0.0849863,  0.0283585, -0.0839217, -0.1772004,  0.1221481,  0.1214319,  0.0303714, -0.1817809,  0.0372906, -0.0545154, -0.1139514, -0.1010721,  0.0404811, -0.1347782,  0.1372656,  0.1999518,  0.0423030,  0.0362034, -0.2807411, -0.0069414,  0.0382248,  0.1292082, -0.2654565,  0.0209491, -0.0671184, -0.0294475,  0.1975982, -0.0410113, -0.1945299, -0.1062503, -0.2763636,  0.1593644, -0.0651428, -0.1950272,  0.3502210,  0.1282987, -0.0758326, -0.4834047,  0.0259738,  0.2001807,  0.3289920, -0.4797697, -0.3158858, -0.5307655,  0.1972399, -0.3787165, -0.2336230,  0.0664347,  0.0021741, -0.1936579, -0.0994039, -0.0621008, -0.0349365,  0.0866698, -0.0760693,  0.0043841,  0.0697206,  0.0682889, -0.0041970, -0.0847218, -0.0195257,  0.1602304, -0.2349526,  0.1390428, -0.3320913, -0.0463849,  0.1199197,  0.2275588, -0.1036176,  0.0079359, -0.1175190,  0.2202493, -0.1784716,  0.1947006, -0.1985695, -0.1012782,  0.1028037,  0.0563546,  0.1462499, -0.2418330,  0.0123790,  0.0523094, -0.0237237, -0.0962494,  0.0026417, -0.0269024,  0.1172542, -0.1834419, -0.0344560, -0.1922888, -0.1869613, -0.0437196, -0.0928821, -0.3568698,  0.1010016,  0.2751526,  0.1765507,  0.1187647, -0.1215144,  0.0294034,  0.0327355,  0.1425228, -0.1675850,  0.1381187, -0.1783135, -0.0491485,  0.0249862, -0.0830018,  0.0289396, -0.2332516, -0.6123421,  0.2761520,  0.0781952, -0.1440034,  0.2084419,  0.1816879, -0.0734879, -0.1436175,  0.0669969,  0.1838716,  0.3603856, -0.4067575, -0.0457656, -0.5193385,  0.1531720, -0.4224026, -0.2304179, -0.1430787, -0.3767463, -0.2737755,  0.0301308,  0.0377654,  0.0113802,  0.1247242, -0.0360659,  0.0858147,  0.0871579, -0.0039670, -0.1179458, -0.2196103,  0.0100352,  0.1692415, -0.1087994,  0.0292012, -0.1283966,  0.0935739,  0.1455221,  0.1823626,  0.0071105, -0.2808793, -0.1511881,  0.1501609, -0.1224832,  0.1313362,  0.0753848, -0.0889271, -0.0619878,  0.0633468, -0.0219499, -0.1768604, -0.1346126, -0.0620657, -0.0203587,  0.0888654, -0.0595388,  0.1039717,  0.1545319, -0.1033328, -0.2566331,  0.0910581, -0.1870204, -0.4241650, -0.0310592, -0.6634439, -0.0659246,  0.3423868,  0.3603804,  0.1492866, -0.0929885, -0.1787937,  0.1571942,  0.1100453, -0.0919924,  0.0711645,  0.0197185, -0.2202999, -0.0339825,  0.0206460, -0.2607284, -0.0314946, -0.4967292,  0.1850052,  0.0391583, -0.1361308,  0.0116763,  0.2734572,  0.0606139, -0.1817520, -0.1221588,  0.4181527,  0.2730428, -0.2236698,  0.0620592, -0.1011472,  0.2707884, -0.4492210, -0.3166279,  0.0462859, -0.2382303, -0.1194591, -0.0811682,  0.0062537,  0.0638269,  0.0640274, -0.2427439,  0.0690769,  0.1955366, -0.0341564, -0.0061626, -0.3509721,  0.1289456,  0.1674368, -0.1496796,  0.1426385, -0.0858227,  0.0408553,  0.1502958,  0.1270989, -0.1769880, -0.3269880, -0.1664479,  0.1562168,  0.1021774,  0.1281753,  0.3119227, -0.1478404,  0.0306895,  0.1868716,  0.1021270, -0.2638055,  0.1059358, -0.1993765, -0.1883486, -0.1398108, -0.0493380,  0.1044280,  0.1774352, -0.0323940, -0.1308639,  0.1508074, -0.0974351, -0.4974005, -0.0774358, -0.6301894,  0.1866195,  0.4072549,  0.1522912, -0.0258127,  0.2317419, -0.2324408,  0.2576995, -0.0485671, -0.1784509,  0.0530246, -0.1133008, -0.2502843, -0.0169344, -0.1761592, -0.2741770, -0.0199779, -0.2491439,  0.0214143,  0.0076574,  0.2043167,  0.0169400,  0.2924038, -0.1520627, -0.3312683, -0.1856695,  0.2377504,  0.2128540, -0.2856734,  0.0318496, -0.0975788,  0.1727525, -0.3371290, -0.0837271, -0.1183770, -0.0846498, -0.2790702, -0.2520275,  0.2379919,  0.0818212, -0.1230113, -0.0506728, -0.0297644,  0.2952085,  0.1722890, -0.1455654, -0.1742664,  0.0411830,  0.0267115, -0.1146408,  0.1274359, -0.2084583, -0.1106422,  0.1694505,  0.1809046,  0.1827607, -0.0521467, -0.2672340,  0.1190528,  0.0512279,  0.0116563,  0.3481817, -0.1659031, -0.1563685,  0.2048826, -0.1021756, -0.1533537,  0.0877393, -0.0109166, -0.1594530, -0.3547697, -0.1122000,  0.2019762,  0.2512087,  0.1478443, -0.2585520,  0.0257748, -0.2089784, -0.0865740,  0.1549944, -0.3679650,  0.0683179,  0.1575539, -0.1026308, -0.1543319,  0.2201740, -0.2173689,  0.2897861,  0.1416396, -0.2341013,  0.1980335,  0.0337911, -0.2014159,  0.0524867, -0.1432329, -0.0087310, -0.1496402, -0.0949876, -0.0292955,  0.0320780,  0.0670836, -0.1169484,  0.2843062, -0.0547017, -0.2218911, -0.3685607,  0.0019256,  0.1435995, -0.1073439,  0.1292876, -0.1034217,  0.0438955,  0.0266174, -0.0746896,  0.1476612, -0.0398493, -0.1091298, -0.2493284,  0.1142845, -0.2029290, -0.0283325,  0.0756468,  0.1390672,  0.1069889,  0.0758564, -0.0749132, -0.0871484,  0.1442282, -0.1465367, -0.2380325,  0.0109539, -0.0172169,  0.0403669,  0.1540695,  0.0542017,  0.2069543,  0.0208016, -0.1801962,  0.0064082, -0.1457030,  0.0131839,  0.3312683, -0.1915612, -0.1868253,  0.0277098, -0.0118447, -0.1055666,  0.0276921, -0.1267478, -0.0683933, -0.2096022, -0.0419078,  0.0652272,  0.1835140,  0.1008366, -0.1302857,  0.0574698, -0.1172417, -0.0965925,  0.3109258, -0.1235457,  0.0177904, -0.2540138, -0.0267958, -0.4182816,  0.1597075, -0.1309192,  0.0967030,  0.0229227, -0.1844596,  0.0791374,  0.0544884, -0.0543356,  0.1095080,  0.1810091, -0.1528752,  0.0640686, -0.0698234,  0.0113124,  0.0283101, -0.0500279, -0.0446396, -0.1031385,  0.1209660, -0.1670519, -0.4633568, -0.0863502,  0.1496829, -0.3172721,  0.2269785,  0.1806584, -0.1818503, -0.0689792,  0.0528466,  0.2482191,  0.0161957, -0.0747810, -0.1498908,  0.3429754, -0.5424267, -0.1672573,  0.1747691,  0.2162999, -0.2013169, -0.1464459, -0.0558181,  0.0026328,  0.1106846,  0.0491230, -0.5085323, -0.0936871,  0.0351465,  0.1502641,  0.0102363,  0.0952091,  0.1072675,  0.1287715, -0.1718579,  0.2003168, -0.3884322, -0.5101367,  0.1372574,  0.0342834,  0.0071231,  0.0239636, -0.0514970, -0.2558229,  0.1947808, -0.1362287, -0.2604478, -0.1409667,  0.3027785,  0.2496731, -0.0039245,  0.1349849, -0.1792521, -0.0219173, -0.2437676, -0.1119537,  0.1893380,  0.0487854, -0.1557277, -0.2261600,  0.0760092, -0.4044337, -0.2225481,  0.0262598,  0.1696610,  0.0668183, -0.3002946,  0.0913718,  0.1272094,  0.2081576, -0.1028130,  0.0931826,  0.2047107, -0.0038123, -0.0697840, -0.0120823,  0.0319713, -0.0593837,  0.0258483, -0.1542866, -0.0088643, -0.2750010, -0.5946836, -0.1982173, -0.0994933, -0.2548408,  0.2614496,  0.4226241, -0.1511585,  0.0207702,  0.0206275,  0.3384815, -0.3177671,  0.1770111, -0.1242674,  0.3434125, -0.7103845, -0.4760539,  0.0956933,  0.2342308, -0.1487799, -0.1778171, -0.2111428,  0.0314511,  0.1566591,  0.1016670, -0.3884375, -0.0469161,  0.0377022,  0.1852475,  0.0089514,  0.1385766,  0.1427548, -0.0402235,  0.0886828,  0.0813534, -0.2193525, -0.3919061,  0.1037639,  0.0743759, -0.0170999,  0.0271593,  0.0114342, -0.0304318,  0.1087948, -0.0070335, -0.2791889, -0.2946944, -0.0734740,  0.0749426,  0.1556940,  0.0675728, -0.3812726, -0.1191749, -0.2923427, -0.2456236,  0.2151089,  0.3591310, -0.1836935,  0.0008546, -0.0924784, -0.1636213, -0.0505936, -0.1581790,  0.1517263,  0.0527096, -0.2873408,  0.0967069,  0.2259429,  0.1662533, -0.3299682,  0.1980277,  0.0767236, -0.0691804, -0.1940553, -0.0262286, -0.1380597,  0.0716080,  0.0055184, -0.0549643,  0.1204516, -0.3837602, -0.0627452, -0.2587689,  0.0034730, -0.1777419,  0.3754022,  0.3297474, -0.0622545
.float  0.0810600, -0.4313381,  0.3276503,  0.1100188,  0.0763133, -0.0152507,  0.4032752, -1.1825671, -0.3492488,  0.0186576,  0.1747638, -0.3709625, -0.1136647,  0.0299947,  0.0572122,  0.0463367,  0.0420525, -0.3371167, -0.2106151,  0.1621097,  0.2785510, -0.1513397, -0.0435957,  0.0005801, -0.0542481, -0.1342526,  0.0018312, -0.1472045, -0.1277720,  0.1237349,  0.0477957, -0.0230133, -0.0644265, -0.1301783, -0.0520285,  0.0483718,  0.0447557,  0.1250323, -0.3489096, -0.0893303,  0.1725900,  0.0029745, -0.1038018, -0.1322276,  0.0269908,  0.0184371,  0.0339015,  0.2109037, -0.0532745, -0.1502730,  0.0182418, -0.1315554, -0.2269941, -0.0048235, -0.1485546, -0.2006941,  0.0764709, -0.1595469,  0.0988278,  0.1088144,  0.1569372, -0.1197552,  0.0359257, -0.0471117, -0.2193903, -0.0569859, -0.1535008, -0.4401055,  0.0734971, -0.0338314,  0.1131177,  0.2780712, -0.5694303,  0.1117890, -0.0848394, -0.1132087,  0.0250181,  0.3761940, -0.0218282, -0.1129500, -0.0876307, -0.2089434,  0.2244780,  0.2580216,  0.2678824, -0.2255609,  0.1581896, -0.6768726, -0.5985700, -0.0052914,  0.1195373, -0.0908007,  0.1337625,  0.0861726,  0.0256233,  0.0191548, -0.0129934, -0.2906791, -0.1900416,  0.0285207,  0.1083589,  0.0477484,  0.1957313, -0.0990685,  0.0270663, -0.0401726,  0.0287913, -0.2734537, -0.2584165,  0.1418174,  0.0427914, -0.0235048,  0.0153637, -0.0584354, -0.1339463, -0.0102732,  0.2623896,  0.0918978, -0.4837112, -0.1970226,  0.0913584, -0.1125795, -0.2254326, -0.1297972, -0.2739770, -0.5027428,  0.0781275,  0.5569829, -0.7429473, -0.1549908, -0.1363342, -0.1392351, -0.1377057, -0.2093310,  0.0943826, -0.3426554, -0.2054106,  0.2657664,  0.2172838,  0.0180175, -0.0373252, -0.2135056, -0.0126145, -0.0630941, -0.0548620,  0.0357441, -0.2183250, -0.2206462, -0.0342501,  0.0152615,  0.1547000,  0.0197503, -0.2585498,  0.1088826, -0.0342462, -0.2965962,  0.1096911,  0.4022263, -0.4274145,  0.1370638, -0.2619329, -0.1020267,  0.4334418, -0.3069904,  0.3932068, -0.1906092, -0.3006882, -0.4450410, -0.0263219, -0.5337095,  0.1948294, -0.0926571, -0.0757977, -0.0293941, -0.0217839, -0.4054648, -0.1768712,  0.0593574,  0.0359071, -0.0030155,  0.1234226,  0.0615958,  0.0473242, -0.1506097,  0.0303228,  0.0100164, -0.1701332,  0.0089251, -0.1208330, -0.0911453,  0.1028060,  0.1165888, -0.1356489, -0.0915086, -0.2992302, -0.1972492,  0.0742031, -0.2092727, -0.0065235,  0.1363000, -0.0076145, -0.0147092, -0.0546466,  0.0795907, -0.2845942, -0.1426310,  0.1441072, -0.3242446, -0.0183172,  0.1767767,  0.1162182, -0.0448463,  0.0173693,  0.0775229, -0.3062122, -0.2138719,  0.1136864, -0.1954879, -0.1583785,  0.1925453,  0.0381165,  0.0366530, -0.0512532, -0.1289751,  0.2704021,  0.1849295, -0.1580146, -0.2693541, -0.5228505,  0.2448819, -0.3263106, -0.3354522, -0.0094504,  0.2167185,  0.2147035, -0.0106112, -0.2015409, -0.1096276, -0.2382672,  0.0904191,  0.0430584, -0.2027323,  0.2007353, -0.3136480, -0.0895260, -0.0057022, -0.2074330, -0.4051080, -0.1377820,  0.0779264, -0.0575493,  0.0560929, -0.1242185,  0.1409844, -0.0055211,  0.2454702, -0.4339716, -0.2954362, -0.4443423,  0.2297719, -0.1412815, -0.1815450,  0.0918767, -0.1487724,  0.0080244,  0.0180547, -0.1355015, -0.1559283, -0.2403098, -0.0126811, -0.1387658,  0.1133491,  0.1389024, -0.3571876, -0.2283202, -0.0461350,  0.1207042, -0.0434537,  0.0110716, -0.0787888,  0.0359581, -0.0311245, -0.0392696, -0.3081000, -0.1022179, -0.0311872,  0.0386381, -0.0612719,  0.0270192,  0.0044736,  0.0323656,  0.1500934,  0.1662221, -0.3482882,  0.0007696, -0.0024858,  0.0740782, -0.2026101,  0.0231476,  0.0916927, -0.0052131, -0.0393808, -0.1487827, -0.4270441,  0.4242043, -0.0254327,  0.0323789, -0.3271593, -0.2638451,  0.0814471,  0.1111580, -0.2244845, -0.1903175,  0.1191357,  0.3958326,  0.1823387, -0.3568527, -0.0578955, -0.3532874,  0.1182433, -0.0612461, -0.1649223, -0.0196401, -0.0854989, -0.1522795, -0.1802143,  0.0524693, -0.0774220,  0.0516031,  0.0295540,  0.0023945,  0.2157345,  0.1204102, -0.0202266, -0.0268586,  0.1124087, -0.3364301, -0.1552159,  0.0697063, -0.0359534, -0.0647920,  0.1698141,  0.0293460,  0.1003795, -0.2738940,  0.1753775, -0.3004546, -0.0875438,  0.2576827,  0.0559726, -0.1388309,  0.0834961,  0.0199588, -0.3233832, -0.1329050, -0.2243163,  0.0411021, -0.0485638, -0.1175426,  0.0683884,  0.1752021, -0.0153518, -0.1538545, -0.1816473, -0.1114978, -0.0797394, -0.0018341,  0.1320981, -0.0818527, -0.1221071,  0.1195917,  0.1905587,  0.1739633, -0.0781769,  0.3447993,  0.0332751,  0.0280517, -0.1963536,  0.0223125, -0.0274846, -0.1581977, -0.0264849, -0.0024180,  0.0013073,  0.2789530, -0.4705042,  0.0955289,  0.0069404, -0.2173535, -0.0516049,  0.0995119,  0.0456284, -0.2975686, -0.0480509,  0.3028140,  0.3014307, -0.2463355,  0.1548849, -0.5187790,  0.1525236, -0.2599161, -0.2853356,  0.1009069, -0.1563493, -0.0817482, -0.0494418, -0.1275972, -0.0669367,  0.1607931, -0.0717024,  0.0153783,  0.1394459,  0.1591615, -0.1135088, -0.1502755,  0.1394704,  0.1266407, -0.2930048,  0.1163250, -0.1617667, -0.0138711,  0.0566200,  0.1341321, -0.0433831, -0.2098935,  0.0685193,  0.0531447, -0.1985615,  0.2773178,  0.1320676, -0.1553483, -0.2069644,  0.1840347, -0.2080502,  0.0596438, -0.2357496,  0.1796776, -0.0969595,  0.0571448, -0.1003994,  0.1451102,  0.0826162, -0.3398342, -0.3118605, -0.1117287, -0.1002927, -0.1200599,  0.1015881, -0.1732901,  0.0997177,  0.1737098,  0.1540071,  0.1061380, -0.0024684,  0.3811739,  0.0618588,  0.0497945, -0.0755929,  0.0620679, -0.0172453, -0.1381395, -0.2303643,  0.0412727, -0.0468000,  0.0503395, -0.5466239,  0.0718545,  0.0690191,  0.0246359, -0.2444198,  0.1707385,  0.0157356, -0.2289376,  0.2199009,  0.4854507,  0.1952692, -0.2033623,  0.0775340, -0.7953286,  0.2868977, -0.2866059, -0.3337362,  0.0220109, -0.1814670, -0.1499747, -0.0518808,  0.0799220, -0.0195542,  0.0720619, -0.0584613,  0.0541598,  0.1423143,  0.1227687,  0.1843557, -0.0825583,  0.2971492,  0.1677048, -0.2123740, -0.1279969, -0.0220359, -0.1112062, -0.0366816,  0.1711497,  0.0448240, -0.4120754,  0.1264992,  0.1553508, -0.1124425, -0.0240044,  0.2448859, -0.1263006, -0.1447743,  0.0818812, -0.0277784, -0.0289393, -0.2525538, -0.0413664, -0.0962932, -0.0405850, -0.2345736,  0.2908739, -0.1192974, -0.1418280, -0.2546202, -0.1363299, -0.1337801,  0.1003390,  0.0412785, -0.6962560,  0.0624374,  0.2432186,  0.2240944,  0.0921566, -0.0104081,  0.1989283,  0.0330102,  0.0045236, -0.0351531,  0.0734976, -0.0546343, -0.1980794, -0.2973300, -0.0567252, -0.7066487,  0.1673137, -0.3764412,  0.1590631,  0.0456290,  0.0440584, -0.3024359,  0.2605433,  0.0913047, -0.4460728,  0.0704780,  0.3460525,  0.1539421,  0.0297557,  0.1043718, -0.4714544,  0.3210015, -0.3627247, -0.1622795,  0.0736258, -0.0253540, -0.2665182, -0.0358083, -0.0730211,  0.1157784,  0.0139499, -0.1364456, -0.1257552,  0.1517128,  0.1877362,  0.0631462, -0.1299991,  0.1109917,  0.2118833, -0.1894742, -0.0082868,  0.0002599, -0.1050636, -0.1293263,  0.1838258,  0.0713320, -0.1751464, -0.0483725, -0.1211305, -0.1064278,  0.0742602,  0.3104372, -0.1058966, -0.1557865, -0.0632429,  0.0801362, -0.0279613,  0.0007642, -0.2332512, -0.0636051,  0.0567387,  0.0136495,  0.1036745,  0.0566458, -0.1917361, -0.1101653, -0.1465233,  0.0918466,  0.1430538, -0.0042100, -0.4114489, -0.1137742,  0.2618638,  0.0815981, -0.0182167,  0.2441392,  0.2395088,  0.1578553,  0.0219531, -0.0518106,  0.0141785,  0.0177786, -0.2291822, -0.2231455,  0.0090845, -0.2357805,  0.2187357, -0.1603705,  0.1004077,  0.1321602,  0.0064545, -0.4110997,  0.2861039, -0.1056603, -0.2966220, -0.1754219,  0.1633373,  0.2730231, -0.1194468,  0.0532542, -0.2147525,  0.0219889, -0.3610850,  0.1691176, -0.1241695, -0.2455338, -0.1937939, -0.0814436,  0.0713678,  0.1493280, -0.0543254, -0.0332088,  0.0352091,  0.1127829,  0.1447242,  0.1713082, -0.0490277,  0.1883997, -0.1447635, -0.0959774,  0.0938184, -0.3065661,  0.0647951, -0.0748947,  0.2741282,  0.4341871, -0.2557859, -0.0927849, -0.3058063, -0.0752069,  0.0445323,  0.2390361,  0.0145114, -0.2436877, -0.0359324, -0.0914543, -0.2156727,  0.0413873, -0.0539504, -0.1084719,  0.0731981, -0.0562044,  0.1211233,  0.4297886,  0.0403982, -0.3635677, -0.1083075, -0.0193012,  0.0067289,  0.1917936, -0.0709642, -0.0608408, -0.0858725,  0.2752927, -0.3593661,  0.3128641,  0.0046716,  0.1372169, -0.1463125, -0.1042849,  0.0423520, -0.0090898, -0.1091116,  0.0496486, -0.2638377, -0.0443711,  0.0066932, -0.0075572, -0.1205908, -0.0095757,  0.2435022, -0.1416518,  0.0937553,  0.0800416, -0.1529340, -0.5700734, -0.1939208,  0.2017508, -0.5253044,  0.1492406,  0.1536670,  0.0269474, -0.0137038,  0.0470271,  0.0043805,  0.0496281, -0.2107016, -0.0167615, -0.3174904,  0.0842849, -0.1080187,  0.3218475,  0.1723281, -0.0735857,  0.0348912, -0.0622537,  0.0837449,  0.2571201, -0.2496886, -0.2727775,  0.1546392, -0.0689299,  0.1290274,  0.0244390,  0.1289764,  0.0966629, -0.1357503, -0.1205409, -0.2094845, -0.1059639,  0.0443942,  0.1728352, -0.0053976, -0.0664845, -0.0499219, -0.1308782, -0.1796054,  0.1594700, -0.0943350, -0.1544180,  0.0801723,  0.0435557,  0.1136988,  0.1280096,  0.1306434, -0.2697861, -0.2255372,  0.1146560, -0.3243921,  0.2546797,  0.1597870, -0.0894111, -0.0481570, -0.0557879, -0.3405430,  0.0652179,  0.0200378,  0.0550644,  0.0398753, -0.1860858,  0.1823802, -0.0624028, -0.0598481,  0.0668574, -0.1389724, -0.0243432, -0.1569969,  0.1293223,  0.0486164,  0.0111480,  0.0776256,  0.0163202, -0.1316514,  0.0683666, -0.2454634, -0.2639617, -0.1022608,  0.1085933, -0.5874379,  0.1904757,  0.2466764,  0.0021187,  0.0348446, -0.1704835,  0.1893947, -0.0145953,  0.0298923, -0.3105481,  0.1791847, -0.2196865, -0.2295366,  0.2928206,  0.2025467, -0.1372772, -0.1836022, -0.0001479,  0.0084780,  0.2364832, -0.1562766, -0.4175738, -0.1494790, -0.0187641,  0.1942693,  0.0526635, -0.0617542,  0.0877845, -0.0941315, -0.0846915,  0.0180577, -0.1755740, -0.3578943,  0.0915430, -0.0085531,  0.2828577, -0.0655825,  0.0143979, -0.1250432,  0.0721291, -0.0528969, -0.1619968,  0.2011393, -0.0112985,  0.0782091, -0.0071227,  0.0287796, -0.1102278, -0.2836836,  0.0326540,  0.0394658,  0.2143508,  0.1984995, -0.0689878,  0.1115538, -0.1404489, -0.1961326, -0.2727692,  0.2225474,  0.0931292,  0.1746340, -0.3493625, -0.0828905, -0.0769219,  0.2220035,  0.0435759, -0.0241504, -0.1058447, -0.0963453,  0.0341999, -0.0695660,  0.0078139,  0.1750692,  0.0760815, -0.1855455,  0.0256933, -0.1118970, -0.2053455, -0.0653789,  0.2086179, -0.2133734,  0.2045276,  0.0352523, -0.1191598,  0.0585832, -0.2439713,  0.3418845, -0.1503972,  0.1796625, -0.4247628,  0.3560117, -0.3106738, -0.3749350,  0.0658533,  0.0276793, -0.0939849, -0.0368277, -0.2103038,  0.0394493,  0.2205510,  0.0378705, -0.4725688, -0.2334147,  0.1459662,  0.2572560, -0.0362109,  0.0065813,  0.1233911,  0.0760762, -0.1210372,  0.0066700, -0.1501059, -0.2620901, -0.0192373, -0.0631934,  0.0904700, -0.0316144, -0.0086478, -0.1272449, -0.0265121, -0.1496539, -0.2684641,  0.1595855,  0.0856667,  0.0336678,  0.1334798,  0.2405371, -0.0042629, -0.4118065, -0.1419196,  0.0107455,  0.3486253,  0.0272400, -0.1046155, -0.0576543, -0.1157916,  0.0105189, -0.2911788, -0.0644929, -0.0000827,  0.3131931, -0.5223114, -0.0759711,  0.0684341,  0.2438197, -0.2089432,  0.0020915,  0.0322153, -0.0941896, -0.1009094, -0.0058376,  0.1287408,  0.1346001, -0.0038993, -0.1046513,  0.0318745, -0.2194698,  0.1572547, -0.1226462,  0.0538823, -0.0367354,  0.2029550, -0.2982130, -0.2103004,  0.1579609, -0.1959157,  0.1612067,  0.3837541,  0.3194928, -0.3319594,  0.4063024, -0.6345758, -0.1376587,  0.0494585, -0.1126623, -0.3083970,  0.0792039,  0.0399345,  0.0729302, -0.1024931,  0.1681385, -0.4543678, -0.1336486, -0.0459369,  0.1757009,  0.0220933,  0.0689938,  0.0903564, -0.0512851, -0.0872310, -0.0562785, -0.1568025, -0.0874711,  0.0157030, -0.0018692,  0.1832646,  0.0457797,  0.0806621, -0.0893081,  0.0314048, -0.1271669, -0.1528879,  0.0589639,  0.0605137,  0.0262826,  0.1976447, -0.0962134, -0.1618171, -0.4323017,  0.1364944,  0.0172817,  0.1966360,  0.0649586, -0.1341429,  0.0337734, -0.2524974, -0.1301140, -0.7478103,  0.0830655, -0.1260905,  0.0399725, -0.1019498, -0.0523929,  0.1360502, -0.0361347, -0.3253877,  0.1076180,  0.0174091, -0.0985453, -0.2024480,  0.0297467, -0.0651764,  0.1210673,  0.0217634, -0.1059658,  0.0931041, -0.3688793,  0.2406369,  0.1558909,  0.0485832,  0.0724417,  0.2502420, -0.3863468, -0.0827385,  0.0178227, -0.1265905,  0.2331079, -0.1270160,  0.1763283, -1.1555357,  0.0646261, -0.3298577, -0.0633396,  0.0149660, -0.0005268, -0.0831471, -0.0066128, -0.0983022,  0.0443923, -0.0260463, -0.0085534, -0.3773391, -0.0121096, -0.0435939,  0.0480113,  0.0181929,  0.1873398, -0.0014447, -0.1418868, -0.0606274, -0.0678444, -0.2651196,  0.0370076,  0.0414075,  0.0373172,  0.0704207,  0.0448664, -0.0574305, -0.0807368, -0.1447597, -0.1054399,  0.0165243, -0.0811340,  0.0790383,  0.0461004,  0.0836488, -0.4301748, -0.2747194, -0.1155553, -0.2443281, -0.1914804,  0.4057248, -0.2554652,  0.0875042, -0.1441403,  0.0088328, -0.1762701, -0.4685448,  0.2449852,  0.1322246,  0.0517051,  0.2055387,  0.0035334, -0.0106217, -0.2927737, -0.7527142,  0.0557615, -0.2204731, -0.1963637,  0.0641454, -0.3096762, -0.1613489,  0.1049367, -0.1017455,  0.0281116,  0.2217778, -0.2779223,  0.3313014, -0.0559857, -0.1594854, -0.0736807,  0.1769164, -0.2211203,  0.0337018, -0.0555559,  0.1362854,  0.2612619, -0.2928271,  0.3579145, -0.3200329, -0.3499088, -0.2940820,  0.0826225, -0.1839424, -0.0163182, -0.1618362, -0.0906269, -0.4776172,  0.1064746, -0.0789231, -0.0675781, -0.0788433,  0.1079520, -0.0127929,  0.0036594, -0.1564571,  0.0582777, -0.1788841, -0.1324401, -0.0712137, -0.3906550,  0.0207793,  0.0455725,  0.0546621,  0.0544524,  0.0875865
.float  0.0273477, -0.1211201, -0.1190757, -0.1386007,  0.1281572, -0.2450791, -0.0379936, -0.0443768, -0.0788209, -0.0014969,  0.0031142,  0.0844344, -0.0524252, -0.1895369,  0.0916428, -0.1626630, -0.0751463,  0.1132985,  0.0130833,  0.0071811,  0.0417156,  0.0229957,  0.0816934, -0.3052172,  0.2213083, -0.1711229,  0.0073579,  0.0345520,  0.0068352, -0.1109849, -0.2043953, -0.3772154,  0.1482121,  0.3319596, -0.0469937,  0.0489281, -0.3499447, -0.0247364, -0.2478995, -0.3961470, -0.0221637,  0.2713924, -0.1837033, -0.1952961, -0.0060239,  0.0991262, -0.1805603,  0.1851522, -0.0052340, -0.1326563,  0.1126324, -0.0636639, -0.1611673, -0.0320279, -0.3124620, -0.1690891,  0.0182119,  0.2894565,  0.0470126,  0.0464018,  0.0572637,  0.2039144, -0.0831252,  0.2106739, -0.4432281, -0.3329373, -0.5169740,  0.4115894, -0.1785661, -0.2676177, -0.1102519,  0.1663904, -0.0101534,  0.1533622, -0.2774754, -0.1467943, -0.0734367,  0.4113996, -0.1301320, -0.3146665,  0.0744288, -0.4033665,  0.0670369, -0.3548038,  0.0820435, -0.1042711,  0.0320448,  0.0841031,  0.1071809, -0.0599367,  0.0244654, -0.4029871, -0.1214373, -0.2209017,  0.1091096, -0.1308712,  0.0632011, -0.1610129,  0.1311982,  0.1311828,  0.0311607, -0.3475164,  0.1807260, -0.1551276, -0.0159115, -0.0924897,  0.0865839,  0.0147522,  0.0180779, -0.1283118, -0.2684060, -0.0449640,  0.1975092,  0.0290429, -0.1695385,  0.2145019,  0.0582977, -0.4066837,  0.1650390, -0.0477147, -0.1443691,  0.2954672, -0.1024413, -0.0240554, -0.0351147,  0.3626545, -0.2008352,  0.1698591,  0.0586466, -0.0954656,  0.0771109, -0.0437151, -0.0731112, -0.3953395,  0.2042930, -0.1873756, -0.0375757,  0.0051132,  0.1521903,  0.0557676,  0.1068414, -0.2874343,  0.0422649,  0.0111019, -0.3499455, -0.1230295,  0.0905149,  0.1062461, -0.2791933,  0.0840714,  0.0917968,  0.1359859, -0.1856718,  0.1618830, -0.6799434, -0.1346527,  0.1804996,  0.2672332, -0.2428275,  0.0761659,  0.1305209,  0.1878617,  0.0453373, -0.2581600,  0.2544169, -0.3754658, -0.0553913, -0.1173206,  0.1825756, -0.0392602, -0.1185163,  0.0616567, -0.2795304, -0.0244201,  0.0017088,  0.1070269, -0.1056062, -0.0313354,  0.0872868,  0.0897288,  0.1350780, -0.0102483,  0.2684115, -0.1588835, -0.0208748, -0.1387386,  0.0725219, -0.0337674,  0.1127967, -0.2483777, -0.0524264, -0.0822085,  0.0868776, -0.1033040,  0.1921326,  0.1182212, -0.1459873, -0.2426970,  0.0969621, -0.0738401, -0.6361200,  0.2333964,  0.1523991,  0.0635507, -0.0411994,  0.2693806, -0.4263209,  0.1627152, -0.1600719, -0.1727624,  0.1046317, -0.3947369,  0.0199466, -0.1353002, -0.1145152, -0.0121264,  0.1423627, -0.0630948,  0.0164460,  0.1561425,  0.2158589, -0.1786521,  0.1540412, -0.1779355,  0.0074650, -0.3120581,  0.1130992, -0.0484090,  0.0083469, -0.0804931,  0.1549150, -0.0947120, -0.1252415, -0.1545121, -0.0690138, -0.2659541,  0.3412170,  0.3408822, -0.1309375, -0.2963427,  0.2143725, -0.3762699,  0.0525009, -0.3481842,  0.1365324, -0.1126359,  0.0329201, -0.1556163,  0.1897579,  0.0181737, -0.0614347, -0.3146688, -0.3054163, -0.0097851,  0.0394442,  0.1239010, -0.1465824, -0.2002921,  0.1031670,  0.0577683,  0.0963214, -0.2603958,  0.3176723, -0.1948866,  0.0982096, -0.2383092,  0.1601221,  0.1811732,  0.0602579, -0.2616627, -0.0941029, -0.2732740, -0.0194822, -0.0938674,  0.1741563, -0.1512641, -0.0812715, -0.2265765,  0.3217472,  0.0409671, -0.4677076,  0.1595243,  0.1854010,  0.0963919,  0.0590718,  0.2352608, -0.7561734,  0.2191516, -0.1917286, -0.1721760,  0.1115148, -0.0752281, -0.1281437, -0.1055230,  0.0231740, -0.0108801,  0.0738309, -0.1455094,  0.1516494,  0.1053294,  0.1794928,  0.2631218,  0.1728870, -0.3595883,  0.1179228, -0.2756308, -0.0407216,  0.2553748,  0.0548535, -0.3626913,  0.1476792,  0.2785920, -0.1412369, -0.2659120,  0.0054351, -0.2415974,  0.0486962,  0.5649198, -0.0936268, -0.2298974,  0.0383205, -0.0749340,  0.1801980, -0.1813393, -0.0609438, -0.1055022,  0.0099937, -0.1762098,  0.1168153, -0.2042665,  0.0238018, -0.3124961, -0.5423124,  0.1476628,  0.1310340,  0.1016286, -0.2946663, -0.0753641, -0.0139340,  0.1961800, -0.0809263,  0.1118452,  0.2358000, -0.0973903, -0.0172177, -0.2511873,  0.0979952,  0.2797501, -0.0573442, -0.1845057, -0.1174070, -1.0115660,  0.1250794, -0.2483609,  0.1201912, -0.0726253,  0.0187848, -0.1784614,  0.2153392,  0.1082566, -0.2407326, -0.0563058,  0.1382778,  0.0402628,  0.1526152,  0.0707453, -0.7143767,  0.1178201, -0.2391513, -0.0162232,  0.2209616, -0.2036170, -0.1749350, -0.0619892, -0.1347983,  0.1887244, -0.0209524,  0.0172403,  0.0280895,  0.0600386,  0.2734502, -0.1306768,  0.1145266, -0.1107090, -0.0662442, -0.1179309, -0.0402539,  0.0488829,  0.2298165, -0.2907341,  0.2400712,  0.0957952,  0.0599430, -0.2532931, -0.1516082, -0.1186391,  0.0372312,  0.2703757,  0.1283747, -0.0490809, -0.0289341,  0.0950651,  0.1554270, -0.0572856, -0.0843423,  0.0656069,  0.0323920, -0.2595643,  0.0312200,  0.1047266, -0.0435235, -0.0765295, -0.3115552,  0.2798747,  0.2350451,  0.0382610, -0.2517311, -0.3084677,  0.1638727, -0.0279524, -0.0829877,  0.0943085,  0.0015912,  0.1137637, -0.0751988, -0.3490114,  0.0667511,  0.0062219,  0.0571102,  0.0324629,  0.0831860, -0.3653858,  0.2093433, -0.2247398,  0.1906665,  0.0192398,  0.1646214, -0.4037978,  0.2140092, -0.0754563, -0.3364232, -0.3014468, -0.2411524,  0.1922626,  0.0427989,  0.1261418, -0.1454300, -0.3168403, -0.2184520,  0.3722743,  0.0804477,  0.0667612, -0.1370750,  0.1230542, -0.2459653,  0.0660568,  0.1102616, -0.2157157,  0.0965640, -0.1135741,  0.1206734,  0.2350429,  0.2916949, -0.0636584, -0.2274206, -0.0763070,  0.1413168, -0.4084667,  0.1213785, -0.1602066,  0.2269941,  0.2683722, -0.0737668, -0.0196374, -0.0835433,  0.1076055,  0.0396910, -0.0697227, -0.0432154, -0.1450871, -0.4064895, -0.1956389, -0.0246622,  0.0367430,  0.1524523, -0.0532740, -0.0095562, -0.1319471,  0.0925677,  0.2587644, -0.3078883, -0.1589381, -0.2218352,  0.3591747, -0.0219904,  0.0888052, -0.0057928, -0.3836907, -0.0612377,  0.1194122, -0.3544305, -0.0979905,  0.0574884, -0.0645982,  0.0059525, -0.0550691,  0.1779414,  0.0495019,  0.1422585, -0.0350215, -0.0485477, -0.0615495,  0.1371283,  0.0180111, -0.0555880,  0.0365412,  0.2927275, -0.1385545,  0.0606801, -0.3067729, -0.3467859, -0.0595130, -0.1927568,  0.1386115, -0.1139573,  0.1809431,  0.0292847, -0.0617158, -0.1446255,  0.0991285, -0.1129102,  0.1630463, -0.2014477,  0.0800174, -0.3726839,  0.0998625, -0.0253085,  0.0981840,  0.0400542,  0.0478921, -0.0796931,  0.1417179,  0.2820746,  0.1535859, -0.2586402, -0.0994622, -0.0224615, -0.2274092,  0.0896636,  0.0192350, -0.2107703,  0.2333833,  0.0271742, -0.0909963, -0.1270718,  0.0245770,  0.0333085, -0.1381087, -0.0156237,  0.1556058, -0.1473475, -0.0709122, -0.1654201, -0.0384333,  0.0029514,  0.0787671,  0.1273289,  0.0309638,  0.0715817,  0.1057155, -0.1040720, -0.1709301, -0.3797981,  0.0931632, -0.2527022,  0.0743726,  0.0422291, -0.0390531,  0.0489769, -0.0568585, -0.1626845, -0.3976564,  0.1834444, -0.0208890,  0.1099394, -0.1861000,  0.2305067, -0.0589433,  0.1359808,  0.0664972, -0.3580102,  0.0249327, -0.1549815,  0.1499065,  0.0604551,  0.1244154,  0.2777284,  0.0336918, -0.0424368, -0.0869800, -0.2610509, -0.1406673, -0.0544842,  0.1762708,  0.0076703,  0.0044531,  0.0632459,  0.0705292,  0.0222852, -0.1343329,  0.0092255,  0.1473139,  0.0026409, -0.2492400,  0.0409370, -0.1023768,  0.3344106,  0.1041837, -0.0424796, -0.0770902, -0.0347850,  0.0234827,  0.0316155,  0.0373473, -0.0801495, -0.0456743,  0.0495311,  0.0409612,  0.1358311, -0.1170924,  0.0274219,  0.2275714, -0.0645857, -0.1019381, -0.0333597, -0.0410342, -0.1527025, -0.0088586, -0.0987564,  0.2891527,  0.0148860, -0.1123690, -0.1583155, -0.0600902, -0.0012683,  0.0949728,  0.0969881,  0.0549375,  0.0655325,  0.0159099,  0.0421188, -0.3984648, -0.3979744,  0.0814758, -0.0372998,  0.1096105,  0.2402774,  0.0055871,  0.1568515, -0.2227474,  0.1352907, -0.4981475,  0.0715173, -0.1073378,  0.2412545, -0.2958654, -0.0648404, -0.1038439,  0.1207814,  0.0897025, -0.1073080, -0.0268897, -0.1877076,  0.0760801,  0.1106671,  0.1113860,  0.1451173,  0.0993047,  0.0685202, -0.1334394, -0.1297876, -0.0265053, -0.0979425,  0.0258321,  0.2470077,  0.0043527, -0.3526992,  0.0025673,  0.0403079, -0.1408374,  0.2699590,  0.2671472, -0.0216391, -0.3995152,  0.2687018,  0.0339809, -0.1478529,  0.0884914, -0.1897555, -0.1201314, -0.0177856, -0.2895900,  0.0119393,  0.0494145,  0.0061866, -0.0651100, -0.0082301,  0.1161631,  0.1318495,  0.0363085,  0.0025614, -0.0654099, -0.0972530, -0.0060068,  0.0553626, -0.1406091,  0.0584750, -0.0176937, -0.1312974,  0.1218101,  0.0201698, -0.2908016, -0.1125505, -0.0594326,  0.0953571, -0.0400282,  0.1143722,  0.1507081,  0.0472670,  0.0422505,  0.1313414, -0.1400219, -0.4081745,  0.1075086,  0.1184042,  0.0700259,  0.1252473, -0.1852287,  0.2719112, -0.1823723,  0.0158881, -0.0571812,  0.2124857, -0.1240648,  0.3171074, -0.3404332, -0.1087997,  0.0126368, -0.1484883,  0.1206300,  0.0163106, -0.1690692, -0.0784056, -0.0330586, -0.0764393,  0.0741068,  0.0898023,  0.0388699, -0.0355052, -0.0461734, -0.0821902,  0.0968573, -0.0811819, -0.0295080,  0.1535662, -0.0432731, -0.2199480, -0.1285665,  0.1588551, -0.2185214, -0.0332134,  0.2566248,  0.0407361,  0.0421932,  0.2126328, -0.1869625, -0.1460638, -0.0123732, -0.4082967,  0.0037970,  0.0513774,  0.0119579, -0.0740898, -0.0382031,  0.0748780, -0.1948501, -0.0272235,  0.0941870,  0.0262944,  0.1191775,  0.1351716, -0.0479632, -0.1060331, -0.1132355,  0.0132537, -0.0859542, -0.0069899,  0.0047657, -0.1660491,  0.2724390,  0.0099674, -0.0231885,  0.2205584,  0.0632105, -0.0279827,  0.0288891,  0.0529405,  0.0166725, -0.0498267, -0.2976331,  0.1526168, -0.0524820,  0.1120492, -0.2532333,  0.0372130,  0.0164803, -0.0199181, -0.3328039,  0.2473809, -0.1807763, -0.1765309, -0.1365625,  0.1863155, -0.2760134,  0.0399670,  0.0170204, -0.0338732, -0.0427544, -0.1391908, -0.1424286,  0.0612754, -0.2516739, -0.1156066,  0.0075760, -0.0129181,  0.0739939,  0.0610233,  0.0161588,  0.0077929, -0.1558010, -0.1860016,  0.2309024,  0.3319916, -0.3178278,  0.0279874, -0.1231699, -0.0939772, -0.1127324,  0.0271655, -0.0672989,  0.2697194, -0.1354690, -0.0714637, -0.5128533, -0.0187100, -0.0418798, -0.0647579,  0.1116352, -0.2686987,  0.1081268,  0.0493035, -0.3877802, -0.0606566, -0.1353200, -0.0015523, -0.0100530, -0.1438004,  0.0468344, -0.1788914,  0.0894471,  0.0812546, -0.2864365, -0.0298272, -0.0151333,  0.0555745, -0.0996547,  0.0674983,  0.1026462, -0.2501717,  0.1188150, -0.0771516, -0.4121478,  0.2568319, -0.0551731,  0.0275939, -0.0042423,  0.0780062, -0.0666214, -0.1208705,  0.1456778, -0.4004243, -0.2230701,  0.4827824, -0.4240820, -0.1470217, -0.1521878,  0.0311251, -0.3184858,  0.1143347, -0.4257602, -0.4308319, -0.1028669,  0.1933884,  0.2455897,  0.0553546, -0.3328111,  0.0196254, -0.1517182,  0.0369130, -0.2534519,  0.1797544, -0.2050067, -0.1637056,  0.0774199, -0.1632176,  0.0955268,  0.0693634, -0.2787511, -0.0053616, -0.1933519, -0.1604969,  0.1434640,  0.4125565, -0.2874978, -0.0472929,  0.0010683, -0.0338887,  0.0452142, -0.0688973, -0.1060397,  0.2468428, -0.0862333,  0.0476407, -0.1788615, -0.2043025,  0.1320863, -0.0930318,  0.0397980, -0.3086174, -0.6888302, -0.0708619, -0.1132020,  0.0226857,  0.0887874, -0.1026175,  0.1262975,  0.1009725,  0.0246283, -0.1423310, -0.2195310,  0.0513949, -0.0862035, -0.0998327,  0.0398852, -0.1517194, -0.0014570,  0.0358629, -0.0321941, -0.0252548, -0.1318617,  0.0509555, -0.1349423, -0.1217187, -0.0487450,  0.1873254, -0.0168529, -0.1019501, -0.0846169, -0.0480999,  0.0364655, -0.0103093, -0.1284150,  0.0253134, -0.0533525, -0.0762370, -0.0338824,  0.0317628, -0.0914489,  0.0306731,  0.0819216,  0.1253242, -0.2293044,  0.0546733, -0.0630778,  0.1402626, -0.0836282, -0.0146253, -0.1299220, -0.0045217, -0.1673102, -0.3972845, -0.4877252,  0.1555098,  0.1739056,  0.0926844,  0.1835612, -0.1622234, -0.2937045, -0.1308616, -0.8330801,  0.0852376,  0.3308800, -0.2115356, -0.2494499,  0.1591319,  0.0758180, -0.0609656,  0.0324555, -0.1127308, -0.0357339,  0.1209679, -0.2113248, -0.0270033, -0.1765970, -0.1671545,  0.0261609, -0.1924577,  0.1694825, -0.0575449, -0.0256218,  0.1012098, -0.1928404, -0.1249141, -0.3820084,  0.1593575,  0.0068337, -0.3964709,  0.1415103, -0.3128868, -0.1361867,  0.1734941,  0.1097672, -0.1628361, -0.2333424, -0.0662667,  0.1225463, -0.1552330,  0.3719344, -0.1000251, -0.3886313,  0.1245861, -0.2346738,  0.1921069, -0.2170636,  0.3026719, -0.1273199, -0.0086510, -0.0850707, -0.0464302, -0.2132495, -0.0051945, -0.4215274,  0.1793375, -0.0040649,  0.0448594,  0.0094132,  0.0091095, -0.1184642,  0.1606280,  0.0589519,  0.0517817, -0.3261661,  0.0520406, -0.1779152,  0.0353845,  0.0918763, -0.0078793, -0.0033661,  0.0699001, -0.0654047, -0.4054340, -0.2941561,  0.0808972,  0.1073307, -0.2043414,  0.5110904, -0.3648275, -0.5268792, -0.1578849,  0.1643996, -0.2296192,  0.3507844, -0.1685565, -0.2495775,  0.0913809,  0.2417344,  0.0171352,  0.0439936,  0.0138726, -0.0800127,  0.1975413, -0.1608391, -0.1179663, -0.3875296, -0.0046782,  0.0624255,  0.1333741,  0.0066941,  0.0378068,  0.0238404,  0.0748736, -0.0729341,  0.0279291, -0.0584220, -0.0096541,  0.0482416, -0.0652536,  0.1628330, -0.0322681, -0.0936282,  0.1974832, -0.1508562, -0.1824161, -0.1252766, -0.2481151, -0.0412611, -0.2746617,  0.4246222, -0.0596801, -0.1421302,  0.0859473, -0.1362831,  0.1943675, -0.3605572,  0.2777509, -0.0774562, -0.1133828, -0.0662387,  0.2448041, -0.0974178, -0.0234166, -0.0259630, -0.0702350,  0.0228228,  0.0258832, -0.0110114,  0.0033376, -0.0444040,  0.0017643, -0.0431520, -0.1099180, -0.3244196,  0.2202994, -0.1258689,  0.0810071, -0.0375167,  0.0572268,  0.1739570,  0.0967621, -0.1499629, -0.0142620, -0.0755834
.float -0.0080749,  0.2520584, -0.0955325,  0.2817622, -0.0360482, -0.3262518, -0.1582691,  0.1207180, -0.2813997,  0.3725952, -0.2228336,  0.1864249,  0.1251708,  0.2169619, -0.5066768,  0.0232165, -0.1475209, -0.0008950,  0.1110429, -0.3973480,  0.1941333, -0.2348352, -0.1764126, -0.1663380,  0.1264470,  0.0995819,  0.0705077,  0.0352317,  0.1293425, -0.0531177,  0.0697863, -0.2682151,  0.0039019, -0.1485966,  0.1081933,  0.1837801,  0.1709338, -0.2548845,  0.1249813, -0.0984109,  0.0855275, -0.2476044, -0.1591225, -0.2033493,  0.2314656,  0.3854835,  0.1849016, -0.1827455,  0.1703396, -0.4008976,  0.3580337, -0.2972151,  0.1222191, -0.2590302,  0.0860957, -0.3298273,  0.1457924, -0.1113915,  0.0119231, -0.1672467, -0.2471032,  0.0174830, -0.0601753,  0.1665083,  0.1259800, -0.0257713, -0.0916385,  0.2441759, -0.0899167, -0.1270374,  0.1947355, -0.2183551, -0.1018935, -0.1122505,  0.1602012,  0.2849154,  0.1254577, -0.1848147,  0.0280760, -0.0960477, -0.0981246,  0.0863866,  0.1072531,  0.0455730, -0.1216293, -0.0710009, -0.2228020,  0.2510385, -0.4874292,  0.0701539, -0.1424473,  0.0348102,  0.0780038,  0.2621408, -0.6528169,  0.1877048, -0.2367663,  0.0153895,  0.1338742, -0.3674659, -0.0268363, -0.0212307, -0.1012295, -0.1851526,  0.0241949,  0.0446951,  0.1056699, -0.0608007, -0.0279473, -0.1723147,  0.0849158, -0.3619772, -0.0499126, -0.2416593,  0.0871880,  0.4392312,  0.4146683, -0.5544764,  0.0761383, -0.1081244,  0.1175951, -0.4619914, -0.0497536, -0.2745791,  0.1800829,  0.5476040,  0.2734615, -0.3742917,  0.0314700, -0.1957472,  0.2035773, -0.0913990,  0.1227494, -0.2117483,  0.0807953, -0.2969387,  0.1747473, -0.1223197, -0.1995401, -0.1521261, -0.2467693,  0.2041546,  0.0315676,  0.2450711, -0.0157466, -0.0758139, -0.0627345,  0.0339455, -0.0485777, -0.1005851,  0.1412940, -0.1801381, -0.0810633, -0.2380392,  0.0779301,  0.1632079,  0.1991952, -0.2305026,  0.0121448, -0.6253340, -0.0847290, -0.0978552,  0.1972420,  0.0517816,  0.0180826, -0.0470193,  0.1095911,  0.1457451, -0.4134775, -0.0057190, -0.0364175,  0.0998376,  0.1086163,  0.1613294, -0.3906087, -0.0025640, -0.2567492,  0.2990724,  0.0862764, -0.1195418,  0.1490451, -0.1119671, -0.2002773, -0.1484176,  0.0768470,  0.0927180,  0.1726377, -0.0372466,  0.0536611, -0.1481471,  0.2571312, -0.2502767, -0.2950470, -0.2292306,  0.1146007, -0.0915529,  0.4193517, -0.2302404,  0.1521450,  0.0609971,  0.3080432, -0.3192630, -0.1941453, -0.1450029,  0.0325679,  0.2075910,  0.1425460, -0.4513879, -0.2211656, -0.0905071,  0.1912256, -0.0453770,  0.1188070, -0.1061638,  0.0379180, -0.0850478,  0.1019793,  0.1014762, -0.3355584,  0.2067068, -0.2387136,  0.2903007,  0.0944024, -0.0314045, -0.2659310, -0.1630551, -0.1136668,  0.0848466, -0.2762021, -0.0105050,  0.0432876, -0.0483121,  0.0738511, -0.0834341,  0.0662535, -0.0078897,  0.2081635,  0.0232864,  0.0706495, -0.3950144, -0.0782788, -0.0457983,  0.1589271, -0.0299540,  0.1706767, -0.3083651,  0.0863102, -0.2743745, -0.4207083, -0.1117890, -0.0334343,  0.1917181,  0.1173386,  0.0589192, -0.1877571, -0.2458145, -0.2764816,  0.2593182, -0.0479512, -0.0482227,  0.0708166,  0.2779522, -0.1857928, -0.0626652,  0.2227899, -0.2302855,  0.2479397, -0.2931613,  0.0314668, -0.0080397,  0.2105234, -0.1372386, -0.1387448,  0.0218692, -0.1026559, -0.2372350,  0.2776523, -0.0872896,  0.0480155,  0.2465030,  0.0856114, -0.2884594,  0.0935550,  0.0709153,  0.0271485, -0.0230767,  0.0866449, -0.2359235, -0.1461161, -0.2088661,  0.0383596, -0.0756880,  0.0921677,  0.0053884,  0.1082598, -0.1138790,  0.1479124,  0.0133731, -0.2253978, -0.1485171, -0.2284437,  0.2890302,  0.1189298,  0.0200510, -0.0171854, -0.0526470,  0.0078011,  0.0497407, -0.0961651, -0.1450109,  0.0097941, -0.1660407,  0.1088108,  0.0479321, -0.1055331,  0.0886263,  0.1228065,  0.0429380, -0.1130660,  0.0319253, -0.0672878,  0.0725468, -0.0287213, -0.0818008,  0.2907287, -0.1300099,  0.2193135, -0.5230488, -0.5800589,  0.2008273,  0.0352971,  0.1464891,  0.1459094,  0.0397343, -0.0526040, -0.1118150, -0.1858488, -0.0062261, -0.0358116,  0.1753796, -0.1658489, -0.1348832, -0.1442200,  0.1171029,  0.1831115,  0.0712686,  0.1128661, -0.0627311, -0.0686178, -0.0324190,  0.2828361,  0.1355191, -0.0554664,  0.0131064, -0.0890936, -0.1461830, -0.0091818, -0.0760433, -0.2001590,  0.1708065,  0.0289815, -0.0728762,  0.0105441, -0.0604155,  0.0879749, -0.0327974, -0.1969187,  0.0462176, -0.1381390,  0.0328142, -0.0676146,  0.1561664,  0.0482307,  0.0047495,  0.0656002, -0.0317890, -0.0929381,  0.0146568, -0.1674680, -0.3582000, -0.1315003,  0.0831381, -0.0574745,  0.0782935,  0.1241554, -0.1374358,  0.1232854, -0.0295091,  0.1266988, -0.1424221,  0.0357115, -0.1496042,  0.2605424,  0.0238853, -0.1065242,  0.0761928, -0.1215928,  0.0491849, -0.2417878, -0.0066612, -0.1342127,  0.0766709, -0.1159302,  0.1288192,  0.2930334,  0.0240731,  0.1796997, -0.1871215, -0.2733860,  0.0260322, -0.0228063,  0.0658697,  0.0152462, -0.0420782,  0.0400346,  0.0020607, -0.0491070,  0.0349608, -0.0518338,  0.0311013, -0.2573559, -0.2485960,  0.0641375,  0.0380674,  0.1524080,  0.1802271, -0.1038116,  0.0393082,  0.0901654, -0.0604203,  0.1089663, -0.0272771,  0.0314980, -0.0773437,  0.0441899,  0.0139565,  0.0534847, -0.1761434,  0.0187774,  0.0666007, -0.0403085, -0.0489798,  0.0008881, -0.0439353,  0.1380758,  0.0577650, -0.0358123,  0.1740548, -0.1437633, -0.1916040, -0.0301090,  0.0913301,  0.2539363, -0.0269957,  0.0441997, -0.0072424, -0.1961018, -0.1019571,  0.0495055, -0.4824201, -0.0910236, -0.0066883, -0.1200461,  0.0718406, -0.0455657, -0.0762913,  0.3107695, -0.0570208,  0.0614869, -0.1985299, -0.0013838, -0.0923911,  0.2004965, -0.1126559, -0.2947117,  0.2226805, -0.1075186,  0.1344422, -0.0351928, -0.1230286, -0.1141790,  0.0871071,  0.0344611,  0.0319654,  0.0599834,  0.0007186,  0.1800105, -0.2171531, -0.0440416, -0.2314818,  0.0091232, -0.0989606,  0.1172627, -0.2004073,  0.0926783,  0.2007020,  0.0293874, -0.2994251,  0.0382507,  0.1950562, -0.2026988,  0.0533409,  0.1254708,  0.0912404,  0.1014174, -0.0124812, -0.2088766,  0.0408158, -0.0354048, -0.0542849,  0.0789360, -0.0306584, -0.1286374, -0.1046771,  0.0861253,  0.0504907,  0.0966681, -0.0015309, -0.0987808, -0.0470021, -0.0344375, -0.0250637, -0.1066594, -0.1266489,  0.0989919,  0.1507488,  0.0059580,  0.0930716, -0.0614471, -0.1942211, -0.1292217,  0.0136414,  0.0007582,  0.0317329,  0.1473262,  0.1883538, -0.0425192, -0.1313181,  0.0723432,  0.0548797,  0.0337196,  0.0434634,  0.0982290, -0.0370482, -0.1437218, -0.0856171,  0.2556148, -0.3680052,  0.1498690, -0.1330880,  0.0758228, -0.2839571,  0.1958120,  0.0523337, -0.0930662,  0.2957670, -0.1890620, -0.4159591, -0.0905802, -0.1445387, -0.1017145, -0.0170947, -0.0694042,  0.0124198,  0.0068768,  0.1147911,  0.0105884, -0.0466936, -0.0336089,  0.2069983,  0.3150921, -0.2458137,  0.0057018, -0.3125300, -0.0317790,  0.0761962,  0.0505947, -0.3143576,  0.0805203, -0.0298237, -0.1225215, -0.0449051, -0.0426765, -0.0437135,  0.0583036,  0.0662859,  0.1231337, -0.1573574, -0.1713785,  0.1113004, -0.0147786,  0.0681349, -0.0643891, -0.0538730,  0.0993249,  0.0877596, -0.0884082,  0.0574331, -0.0003254, -0.2203613, -0.1474179, -0.0779629,  0.0812466,  0.0106874, -0.0833876,  0.1806746, -0.0438278,  0.0787824,  0.0503039, -0.2168766, -0.0844081, -0.0032360,  0.0813790,  0.1379585,  0.0007794,  0.0335098,  0.0185135, -0.1554882, -0.1508134,  0.1500704,  0.1436927, -0.2100234,  0.0031391,  0.1150140, -0.1647634, -0.2020224,  0.1757833, -0.2060516, -0.0452371, -0.0336599,  0.2155386, -0.2036143,  0.0105457,  0.0413511, -0.0386325,  0.1249120, -0.0839344, -0.2945874, -0.1365389, -0.0577242, -0.1113013,  0.1026266,  0.0140380, -0.0405485,  0.1148177,  0.0491715,  0.0290537,  0.0321607, -0.0720771,  0.4130467,  0.4848816, -0.5877808, -0.1091738, -0.0813948,  0.0231817,  0.0847144, -0.2679459, -0.1164828,  0.1727696, -0.3196374, -0.1351951, -0.1107621, -0.0297640,  0.1072661,  0.0181587, -0.0105531, -0.0414947,  0.0811349,  0.0694607, -0.2767250, -0.1415081,  0.0920104,  0.0202364,  0.1102591,  0.0066478,  0.2258654, -0.0998825, -0.2383783,  0.0708475, -0.3666803, -0.0403145,  0.1759323, -0.0163259, -0.0551499, -0.0559065,  0.2342459, -0.2155232, -0.0630325,  0.0041495, -0.2080526,  0.0732197, -0.1348296,  0.2075819,  0.0032955,  0.1076067, -0.0941713, -0.0530243, -0.2422214, -0.1988330,  0.0764220,  0.4423848, -0.7028782, -0.0978801,  0.1360432, -0.0176529, -0.4294273, -0.1660402, -0.8088078, -0.6195928, -0.0019499,  0.2678607, -0.3409554, -0.0325318, -0.3448910, -0.0351069, -0.0325062, -0.1037686, -0.1911696,  0.1092228,  0.0565757, -0.3016383,  0.0116416, -0.0183777, -0.0194065,  0.0693031,  0.0622721,  0.1455417, -0.1843657,  0.0324514,  0.3303121,  0.3742130, -0.2209047,  0.0096285,  0.0910480,  0.0053139,  0.0222588, -0.3432029, -0.2600326,  0.0479664, -0.0694213, -0.1530286, -0.0834358, -0.0077937,  0.0048731, -0.2384103, -0.1693432, -0.0081634, -0.0451398, -0.1208928, -0.0148748,  0.0802941,  0.0190679, -0.0454030,  0.0970841,  0.0349464, -0.0876746,  0.0498044, -0.2032409,  0.0648219, -0.0527801, -0.1637353,  0.0927803, -0.0671650,  0.0350436, -0.0523151,  0.0285852,  0.0411090, -0.1071312, -0.0066964, -0.3877449,  0.1080688,  0.0088596, -0.0637178, -0.0536189, -0.0215342,  0.1166093, -0.0787534,  0.0164212,  0.0070141, -0.4381517,  0.0081323,  0.0120530, -0.1168609,  0.0906558, -0.1148298, -0.1498615, -0.0255053, -0.2005826,  0.1637061, -0.1084845,  0.1617124, -0.1675998, -0.0566677, -0.0449593,  0.0649462, -0.1799254, -0.1079942, -0.0739451, -0.1906891,  0.0348881,  0.1875458,  0.0594812,  0.1708016, -0.0829256, -0.2958769, -0.5630842, -0.3130737, -0.6769072,  0.1592417,  0.2394051,  0.0356795, -0.2922558,  0.0421751,  0.2407119, -0.0025974, -0.0680056, -0.1230445, -0.2322446,  0.0670896, -0.2676510,  0.1810514,  0.0649089,  0.0138468,  0.0512951, -0.1855592, -0.1408858, -0.0229917, -0.2410066,  0.0916784, -0.4032483,  0.1281590, -0.2606839,  0.1737780,  0.1651341, -0.2054700,  0.0399416, -0.7169561, -0.2018995,  0.0894292,  0.0465480,  0.0875599, -0.1571492,  0.1066721,  0.0366078, -0.0589999,  0.0697896, -0.1828029, -0.0988794, -0.0400588, -0.0895832,  0.2734462, -0.2004342,  0.0822300,  0.0220823, -0.0031280, -0.2503545, -0.0874346, -0.1085882,  0.0427633, -0.0482036,  0.0043946,  0.1113243, -0.0047244,  0.1082433, -0.0866864, -0.1529650, -0.0236851, -0.1291945,  0.1135246,  0.0089289,  0.0020626, -0.0730826,  0.0262662,  0.0132983, -0.0956134, -0.0623324,  0.0044721, -0.0906676, -0.1745275, -0.0105998, -0.0911503,  0.2612508, -0.3124409,  0.1547387, -0.4551644, -0.3605132, -0.0719784, -0.0363008,  0.0161427,  0.1342871,  0.1191627, -0.0251148,  0.0115477,  0.1930251, -0.1204984, -0.0162297, -0.1067420, -0.0479038, -0.0111556,  0.0181355,  0.0298242, -0.0104868, -0.1176697, -0.0689043,  0.0454905, -0.0971642,  0.0378012,  0.0205619, -0.0103271,  0.0935521,  0.0685934, -0.1499716, -0.1130761,  0.1536033, -0.1494678, -0.0325330,  0.1055007, -0.0638245, -0.0091288,  0.0115301,  0.1029821, -0.0453691, -0.0099842,  0.1880974, -0.2067796,  0.0450248, -0.0783144, -0.1394135, -0.0686932, -0.0735849,  0.2500861, -0.0684782,  0.1172771, -0.1245433, -0.0892447, -0.1336019, -0.0221977, -0.1212253, -0.0491331,  0.0943439, -0.1174795,  0.0069470, -0.0113065,  0.0821831,  0.0220920, -0.0424603, -0.1088690,  0.0770341, -0.1037382,  0.1374264, -0.0373892,  0.0343441,  0.0304510, -0.0789153, -0.1966761,  0.1286521,  0.1188107, -0.3557711,  0.0808976,  0.1248324, -0.1890574,  0.1189077, -0.2633166,  0.1386049, -0.0272432, -0.1138936, -0.1943732,  0.1535147, -0.0248470,  0.1911612, -0.1757167,  0.0232897,  0.1130263,  0.2328015, -0.1676262, -0.0322406, -0.2992133,  0.0551343,  0.0488302, -0.0936036,  0.0061954, -0.0371155, -0.0120189, -0.1030284, -0.0545298, -0.0954890,  0.0485306,  0.1490020, -0.0564696, -0.0853207, -0.0249797, -0.0694841, -0.0220085, -0.0175229, -0.1536509,  0.0487220,  0.2375090, -0.1773491, -0.0901146, -0.2131083,  0.2890657, -0.3716979, -0.0752204,  0.0276028, -0.0133019,  0.0183743,  0.0921548, -0.0079607,  0.0173334, -0.1980491,  0.1961631, -0.1062634, -0.0222807, -0.1811677, -0.0025884, -0.2467076,  0.1211463, -0.0208630,  0.0923565, -0.1520240, -0.0972973, -0.0236330, -0.0030306,  0.0813375, -0.0069967, -0.1409031, -0.0140884,  0.2173865, -0.1260231,  0.0094257, -0.0052124,  0.0230787,  0.0251246, -0.0798853, -0.0772123,  0.1814072,  0.1900136, -0.2955872,  0.0446460,  0.1174164, -0.1667142, -0.0030707, -0.0849767,  0.0637619, -0.0481619,  0.0712460, -0.2770167,  0.2340272, -0.0866635, -0.0254472, -0.2447925,  0.1070819,  0.0974861,  0.2179113, -0.1907282,  0.0953075, -0.4367775,  0.1912238,  0.0874921, -0.1304464,  0.0831288, -0.0364964, -0.0755280, -0.2015680, -0.0173823,  0.0750238,  0.0757755, -0.0726437,  0.1360005,  0.0132476,  0.0938483, -0.1831966,  0.0464910, -0.1333376, -0.1756502,  0.1762294,  0.3101418, -0.6370775,  0.1223800, -0.1295952,  0.3206877, -0.2715144, -0.0794656, -0.0813777,  0.1185726,  0.2216618,  0.1388649, -0.4325562, -0.0420174, -0.2163695,  0.0972264,  0.0468943,  0.0709250, -0.1193528,  0.1689129, -0.0433369,  0.0447090, -0.1168876,  0.1278540, -0.2249452, -0.1511867,  0.1013437, -0.1028534, -0.0242127,  0.1629167, -0.1173645,  0.0330586,  0.0394253,  0.0423249,  0.0074612,  0.0264131, -0.0243995, -0.0227063, -0.0185317,  0.0245697, -0.0086815,  0.1321641, -0.2757876,  0.1072334, -0.0326439, -0.1902153,  0.1517047,  0.0653385,  0.0415446, -0.0661948, -0.1273813, -0.1884035,  0.0726730, -0.1095738,  0.0173169,  0.0206655,  0.2771190, -0.0734861,  0.2482003, -0.2797685, -0.1951902, -0.4920355,  0.2962352,  0.1030136, -0.3306308,  0.1527105, -0.1022343, -0.0824390, -0.1284737,  0.2090880,  0.0480578,  0.1377691, -0.0529019,  0.1250897, -0.2526383,  0.2132228, -0.1994552
.float -0.0323786, -0.1856640, -0.1885066, -0.0301327,  0.1491887,  0.0498196,  0.0563018,  0.0528409,  0.2269039, -0.2533442,  0.0270759, -0.1900616,  0.1094003,  0.2081708,  0.0495817, -0.2599569, -0.1739551, -0.1918925,  0.1014511, -0.0940759,  0.0035120, -0.0916675,  0.0213015, -0.0221202,  0.0588227, -0.0950220, -0.1705594,  0.0226052, -0.1131712,  0.2607431, -0.0959234, -0.2446915,  0.1035919, -0.1424502,  0.0269882, -0.0634534, -0.0181410,  0.2865698,  0.1559352, -0.0638334, -0.0832860, -0.0596001, -0.0744441,  0.0652442, -0.0118840, -0.0033106,  0.2006283, -0.2897846,  0.0845181,  0.1771011,  0.1534804, -0.0138027,  0.0055900, -0.0556688,  0.0114836, -0.3355916,  0.0471663,  0.1727048,  0.0516379,  0.3408795, -0.1001184,  0.3273877, -0.0921919, -0.1683754, -0.4672485,  0.0522034,  0.0773448, -0.1381719,  0.1219196,  0.1478615, -0.0590058, -0.2129540,  0.1972239,  0.0718438,  0.1223926, -0.2515332,  0.1301765, -0.1617476,  0.0833364, -0.1542323, -0.0051093, -0.1316766, -0.1112455,  0.0762097, -0.0849238,  0.0886279, -0.0149407,  0.2017528,  0.0010957, -0.4214959,  0.1132196, -0.0777162, -0.0732194,  0.1084830, -0.0282717,  0.0102058, -0.1728691, -0.2241796,  0.0003475, -0.0453489,  0.0933084, -0.0253087,  0.1295883,  0.0127052,  0.1284293, -0.0639646, -0.1883178, -0.1813853, -0.1111703,  0.0315322, -0.0226759, -0.0403949,  0.0207795,  0.1089482,  0.1998882, -0.1141020,  0.1777109,  0.2281962,  0.0382551, -0.0233502,  0.0873568, -0.0017348, -0.0969076,  0.1430291, -0.0881366, -0.0389323,  0.0726080,  0.0063077,  0.0655245,  0.2419239, -0.1140461, -0.1434837,  0.0078526, -0.3416730,  0.1462593, -0.1871608,  0.3285418,  0.1179511,  0.1548195,  0.2058156, -0.1368374,  0.0527562,  0.0630545, -0.1351785, -0.2428083, -0.0298207,  0.1760008,  0.0607484, -0.0883787, -0.2804141, -0.0174664,  0.0456659,  0.0590103,  0.0586322, -0.0145928,  0.1094386,  0.2033350, -0.2046461,  0.1893705, -0.0015260, -0.0229136, -0.0675027,  0.0305355, -0.0130209, -0.0900892, -0.1119935, -0.1356848,  0.0633553, -0.0259400, -0.2168454,  0.0386508, -0.0718578,  0.1297078,  0.1154245,  0.0123174, -0.0461507, -0.2430851,  0.0513016,  0.0074895,  0.0072503,  0.1181287,  0.1332741,  0.1718272, -0.0474245, -0.0122635, -0.1474397, -0.1973479, -0.1509492,  0.0950721, -0.0337335, -0.0329351, -0.0993275,  0.0850940,  0.0520273,  0.1494146, -0.1477869,  0.1586344, -0.2736773,  0.1186199, -0.0118267,  0.0127233, -0.0857003, -0.1345408, -0.1806704, -0.0493967,  0.0869585, -0.1648618,  0.0645801,  0.0150096,  0.0605940, -0.1402375,  0.0354270, -0.0047760, -0.0229778,  0.1465736, -0.0925198,  0.2493749, -0.1244280,  0.1187483,  0.2304461, -0.1226782, -0.0702644,  0.1036420, -0.1605985, -0.0406694, -0.1975913,  0.0605976, -0.1480013, -0.1787770, -0.1077391,  0.0198670,  0.0557814,  0.1750899, -0.0039243, -0.0025773,  0.1695998, -0.0269837, -0.2118186,  0.1592289,  0.1632159, -0.1273211,  0.0148960,  0.1607153, -0.1280021,  0.0764051, -0.0760116, -0.0438238, -0.0531359, -0.1108755,  0.0458869,  0.0311929,  0.1169077,  0.1436209,  0.0978663, -0.0365642, -0.0185431, -0.1253486,  0.0094528, -0.1587943,  0.0473720,  0.1086970, -0.0350423, -0.0591125,  0.1190995,  0.0301487, -0.0129941, -0.1590238, -0.0685770,  0.0974495, -0.1854095,  0.0738969, -0.0280472,  0.0765829,  0.0167815,  0.0525222, -0.0840181,  0.1771566, -0.1103987, -0.0183697, -0.0628585, -0.0065843, -0.0401071,  0.0265498,  0.0815885, -0.0523472, -0.0046943, -0.0993288,  0.0716739,  0.0063083, -0.0719766, -0.0825505,  0.0892168,  0.0117616,  0.0333714,  0.1646182, -0.1310780,  0.2222130, -0.0922881,  0.2029474, -0.1037055, -0.1057337, -0.1451329,  0.1992156, -0.0392758, -0.0452260, -0.3827603,  0.0636462, -0.0263638, -0.2204078,  0.1578348, -0.3228986,  0.0196775,  0.2095922, -0.2357063,  0.0859450, -0.0287816,  0.0887329, -0.0285910, -0.1341734,  0.0527465,  0.0675323,  0.0010145,  0.0540429,  0.0333478, -0.0592362, -0.1686740,  0.0242884,  0.0448874, -0.1430513, -0.0308633,  0.1435572,  0.0262342,  0.0380034,  0.1216515, -0.0145628,  0.0563278, -0.2143265,  0.0213079,  0.0193560,  0.1057594,  0.0985489, -0.0513227,  0.0363226, -0.0323148, -0.0141595, -0.0309837, -0.1463342,  0.1446484,  0.3021729, -0.0892962,  0.0464155, -0.1013966, -0.1008625, -0.1198462, -0.0482193, -0.1265385,  0.1451758,  0.0080611,  0.0772925, -0.1093965, -0.1032130, -0.1234016, -0.0315660,  0.2504917, -0.1155269, -0.0915482, -0.1364368,  0.0083026,  0.0028966, -0.0726088,  0.0619248,  0.0843991, -0.0903613, -0.0053176,  0.1715061, -0.0763978,  0.0150108,  0.2631153,  0.3712629, -0.4990396,  0.1574770, -0.2808977, -0.0981125, -0.0025031, -0.2805050, -0.2970121,  0.2685028, -0.3435416, -0.0125365, -0.0662264, -0.2680165,  0.1714770, -0.0979009, -0.2213785,  0.1313198,  0.0117160,  0.0980971, -0.0326006, -0.1186205,  0.0003238, -0.1197369,  0.0140016, -0.0378244,  0.2710290,  0.0250578, -0.2689191,  0.0131438, -0.1555434, -0.1490809, -0.0388405,  0.1176659, -0.0085491, -0.0970914,  0.1149933, -0.0334171, -0.0082407, -0.1014951,  0.1844704, -0.0958063,  0.0091405,  0.1979017,  0.0851008, -0.0480280,  0.0291742,  0.0100474, -0.1146508, -0.1399140, -0.0432698,  0.3013748, -0.3151633,  0.0453141, -0.0264089, -0.1614733, -0.1236484, -0.1709106, -0.1114473,  0.0597329,  0.1731590, -0.0218758, -0.0916899, -0.1512799,  0.0090332, -0.1991419,  0.0442745, -0.0896446, -0.1012600, -0.0658301, -0.0350427, -0.1162232,  0.1376544, -0.0055684, -0.0246016,  0.1405747, -0.0535703,  0.0494558, -0.1322516,  0.1127544,  0.1239503,  0.4328915, -0.3504278,  0.0773168, -0.2992406, -0.1447891, -0.0774285, -0.2795214, -0.2283691,  0.0141278, -0.2019049, -0.0206415, -0.0370358, -0.1241390,  0.0525339,  0.0612493, -0.5718440,  0.1084343,  0.0253920,  0.1067863, -0.1526159, -0.0890179,  0.0952128, -0.1297485,  0.0103597,  0.0474487,  0.0281923,  0.1299613, -0.1127273,  0.0346408, -0.0944553, -0.0938695,  0.0282328,  0.0247285,  0.0712068,  0.0036186,  0.0396931,  0.0093681, -0.1119556,  0.0360877,  0.1381551, -0.0150381,  0.0340291,  0.0689521,  0.1469572, -0.1855566, -0.0954670, -0.1251571, -0.0682651,  0.0136224,  0.0081521,  0.2094499, -0.3852950, -0.0636993, -0.1911326, -0.1040169, -0.0639575, -0.0089336, -0.5137679, -0.2679491,  0.1695851,  0.1302116, -0.3630837, -0.1818036, -0.3269647,  0.1526783,  0.0048691, -0.2978646,  0.1399813, -0.0217563, -0.0454628, -0.1268721, -0.0976259, -0.0818682,  0.1012737,  0.0601521, -0.0597791, -0.0430232, -0.0328214,  0.1113063,  0.1122226,  0.1811919, -0.1995570,  0.0378568, -0.1562765,  0.0153208,  0.0285648, -0.1757865, -0.1227000,  0.0033108,  0.1026580, -0.1461907, -0.0897087,  0.0654375, -0.1637103, -0.0663222, -0.2911800,  0.1156236, -0.0456064, -0.0589840,  0.0858847, -0.1053698, -0.0680488, -0.0858608,  0.0219721, -0.0560209, -0.0553965,  0.0406734,  0.0548068,  0.0097241,  0.0876528, -0.0966410,  0.0155794, -0.1028962,  0.0299008, -0.0496137, -0.0250886,  0.0397920, -0.0440034,  0.1454295,  0.0281363,  0.1184963, -0.0316582, -0.0530220, -0.0684041, -0.0957079, -0.2649595, -0.0497640, -0.0066843, -0.0428543,  0.1213958,  0.0179469,  0.0392260,  0.0166337, -0.1300910, -0.1076058, -0.3821776, -0.1119014,  0.0326759, -0.0361302, -0.1174205,  0.2369702,  0.0017859, -0.1414103, -0.1055098, -0.0871275, -0.2600197,  0.0269875,  0.1229344, -0.4638593,  0.1979246, -0.1464601,  0.2771707, -0.3334673, -0.1331985, -0.1882328, -0.1549525,  0.0477142, -0.3776608,  0.0489211,  0.1619520, -0.0771371, -0.0914715,  0.0452732,  0.0347140,  0.1023284,  0.0677728, -0.1387112, -0.1467865, -0.0602130,  0.1588084,  0.2350252,  0.0441767,  0.0316622, -0.0322556, -0.3613195, -0.3602065, -0.3105684, -0.2128173,  0.0224974, -0.0316660,  0.3958318, -0.2425018, -0.1061795, -0.1791681, -0.0069754,  0.0336435, -0.4058677, -0.2600053,  0.1039563, -0.0725188,  0.1895646, -0.0818756,  0.0705735,  0.1134894, -0.0833566,  0.0727814, -0.1858494, -0.3589897, -0.0438632,  0.0564679, -0.0525072,  0.0456335, -0.0307695,  0.1505834, -0.1389498, -0.1383073, -0.0457956, -0.0781133, -0.0474347,  0.0568016, -0.1671491,  0.1601383, -0.0453851,  0.0021269, -0.0833249, -0.2330170,  0.0511565, -0.0187797, -0.0975633,  0.0604798, -0.0191410,  0.0085993, -0.1092578, -0.0746834, -0.0551366, -0.0839113,  0.0401344,  0.0164670, -0.0547320,  0.1284397, -0.3529511,  0.2326615, -0.3327969,  0.1410133, -0.4040560, -0.1156410, -0.1698884, -0.0386570, -0.0774718,  0.2002251, -0.2130497,  0.0183120,  0.1703417,  0.0726407,  0.0087781,  0.0487705, -0.2395163, -0.0226091,  0.0569267, -0.1338800,  0.0022272, -0.0384928, -0.0849743, -0.0531426,  0.1074731, -0.1465993,  0.0661232,  0.1157466, -0.1929463,  0.1850181, -0.0304542, -0.2690147,  0.0645416,  0.2558423, -0.2343505, -0.0963352,  0.1544246, -0.0395380, -0.1480892,  0.2038790,  0.3911935, -0.2547387, -0.0974210,  0.2572099, -0.0584855, -0.1015070, -0.0763868, -0.0031944,  0.0813664, -0.1774151,  0.0738557,  0.0933535,  0.1169917,  0.0780364, -0.0863335,  0.0314386, -0.1496170, -0.0799491, -0.0104058,  0.0286983, -0.0460361,  0.1862525,  0.0661620,  0.1520768, -0.0605870, -0.2889127,  0.0407951,  0.0687369, -0.1492087,  0.1560002,  0.0317472, -0.0123414,  0.1399960, -0.0119582, -0.0886333, -0.0509707, -0.0564316,  0.1023490, -0.1722143,  0.0203337, -0.2445193,  0.3101715, -0.2993491,  0.0777864, -0.0814429, -0.2065819, -0.0723665,  0.2404177, -0.1966652,  0.1296156, -0.2593676,  0.1861383,  0.1702780,  0.1314186, -0.0999855,  0.0710150, -0.2804581,  0.1188607,  0.0567042, -0.0822190,  0.1067699, -0.0725969, -0.0072213,  0.0352365, -0.1008600, -0.1086327,  0.0504829, -0.0324271, -0.1481452,  0.2499845, -0.0343109, -0.3043051,  0.2386090,  0.0461906, -0.3131329,  0.2754988,  0.0378658, -0.1494312,  0.0154079,  0.0970285,  0.1589607, -0.3459368,  0.1436868,  0.0888831, -0.2302642,  0.2009508, -0.2170479, -0.1824257,  0.1529833, -0.1255795,  0.2302704, -0.1413451,  0.0388041, -0.1342813, -0.0886657, -0.0002245, -0.0817946,  0.0795992,  0.0101952, -0.0943808, -0.1221051,  0.1233032, -0.0849672,  0.0963004,  0.0033068, -0.2190904, -0.0903155, -0.0328723, -0.2851248,  0.1583918, -0.0811045, -0.0476602,  0.1408232,  0.1669152, -0.0746120,  0.0612655, -0.0856323,  0.1392642,  0.1711940, -0.0789150, -0.1645594,  0.0959773, -0.6142667, -0.0054629,  0.0341232, -0.3369392, -0.1082034,  0.2495357, -0.1093416,  0.0522914, -0.1696820,  0.2163206,  0.0485336,  0.2907663, -0.0711579, -0.0321243, -0.3847933,  0.3582606,  0.0801096, -0.2567652,  0.2094493, -0.1049920,  0.0324105, -0.0471056,  0.0301105, -0.1396333, -0.0056460, -0.0476712, -0.1093664,  0.0229663, -0.0369720, -0.2769139,  0.0819731,  0.0063242, -0.1565968,  0.1308459, -0.0066435,  0.1031304,  0.2259547,  0.2353092,  0.2431132, -0.3842820, -0.0521120, -0.1929834,  0.0486529,  0.0640656, -0.1226515, -0.2661316,  0.1014914, -0.1679098,  0.1304906, -0.1005030, -0.0927012,  0.0542698,  0.0925845, -0.0164065, -0.0718652, -0.1283218,  0.0993384, -0.1590395, -0.0993889,  0.0324747, -0.2251982,  0.0053419,  0.1117543, -0.1655420,  0.0866563, -0.0647368, -0.1192644,  0.1524210, -0.0918092,  0.0697292, -0.0173322,  0.1113968, -0.0743388,  0.0396918, -0.0628181,  0.0536482,  0.2861340, -0.2160133,  0.0485740,  0.0742418, -0.4569650,  0.1164336,  0.0474217, -0.4045407, -0.0870764,  0.0058052, -0.1424956, -0.2157290,  0.0981618,  0.2235380, -0.1331456,  0.2397909, -0.1458637, -0.3438055, -0.3297761,  0.3562406,  0.1257528, -0.1312419,  0.0429297, -0.3148566,  0.0737541, -0.1567083,  0.1981261, -0.0033864,  0.0399713, -0.0312083,  0.0256129, -0.0693445,  0.0528555, -0.1223040,  0.0783583, -0.0030607, -0.1534012,  0.1990429, -0.2030026,  0.1016849,  0.0756424,  0.2190727,  0.0356275, -0.4414245,  0.1285463, -0.1097460, -0.0402146,  0.1151431, -0.1904808, -0.1032090, -0.0181614, -0.4777124,  0.1194446,  0.1796747, -0.0434330, -0.0157344,  0.0980427, -0.0111217,  0.0686753, -0.1123011, -0.0101425,  0.0201745, -0.0630740, -0.0057147, -0.2031752, -0.0406252,  0.1587534, -0.1152553,  0.1831127, -0.1543271, -0.0249937,  0.1480633, -0.0518850,  0.0860949, -0.0870254, -0.0128357, -0.2263250,  0.0297454, -0.0538003,  0.1690135,  0.2264838, -0.2295480,  0.2531370, -0.1432052, -0.7178756,  0.0504845,  0.0675169, -0.3028631,  0.1213396, -0.0848468,  0.1623571, -0.1709439,  0.0724948,  0.2379481, -0.2518412,  0.1171907,  0.0802891, -0.4759804, -0.2029550,  0.0130144,  0.2295343, -0.0966657, -0.0956773,  0.0386063,  0.0260663, -0.2254211,  0.1236730,  0.1207558,  0.0490126, -0.2270179, -0.0009549, -0.2821221, -0.0191371,  0.1152847,  0.0306185,  0.0222528, -0.0270480,  0.0791659, -0.0124580, -0.0012653, -0.0922814,  0.0512555, -0.2088515, -0.2333850,  0.1609080,  0.0287466, -0.1192070,  0.1665355, -0.0221259,  0.0939532, -0.1467626, -0.1720960,  0.2104556,  0.1176254, -0.0092818,  0.0263093,  0.2191179, -0.2473710,  0.0168620, -0.0730572, -0.0646944,  0.0273456,  0.0494855, -0.0209270,  0.0519132, -0.1558465,  0.2539134, -0.0462532, -0.0054783, -0.2180333,  0.0576383,  0.0251640, -0.2220366, -0.0761593,  0.0105429,  0.0523997, -0.0760474, -0.0222042, -0.0178864,  0.1902607,  0.0394295,  0.1219756,  0.1405289,  0.0022601, -0.3383928,  0.0841565,  0.0016730, -0.0922235,  0.0712031, -0.2460612,  0.1481285, -0.2287869,  0.0703641,  0.1695922, -0.1551032,  0.1453206,  0.2437170, -0.3589379,  0.0042082, -0.4187523, -0.2029046, -0.0751507, -0.3285647, -0.2231335,  0.0365407,  0.0197863, -0.1568853, -0.0135346,  0.2701513,  0.0866929,  0.1164144, -0.3013601,  0.0937829,  0.0909093, -0.0748357,  0.1603563,  0.1153659, -0.1237012,  0.0121740, -0.1310627, -0.1507618,  0.0049814, -0.1870533,  0.0607063,  0.0598079,  0.0328634, -0.0069472,  0.0217786, -0.0546357, -0.0775540, -0.1540782,  0.0960148,  0.0380928,  0.0429190,  0.1499577,  0.1772722, -0.0177949,  0.0942917,  0.0346110, -0.1705365, -0.2194806, -0.0071486,  0.1874055, -0.1259010,  0.0091741, -0.0745395
.float  0.1240976, -0.0766398, -0.0490484, -0.3310875,  0.1957788, -0.5361366,  0.0434231,  0.0661707, -0.3531287,  0.0747025, -0.0041886, -0.1625101, -0.0989065,  0.1122892, -0.1151466,  0.2400241,  0.2949753, -0.0517056, -0.0557008,  0.0677393, -0.0346011, -0.1004243, -0.0904091, -0.1486600,  0.0704621, -0.0948621,  0.2179804,  0.0364390, -0.1631282,  0.1684908,  0.1368077, -0.3815790, -0.0399122, -0.2475704, -0.0784774, -0.4066755, -0.0448177, -0.0352265,  0.0508766,  0.0528016, -0.0931202,  0.0096681,  0.1535469,  0.0889783,  0.0295043, -0.2400273,  0.0236363,  0.0063815, -0.0655745,  0.0540047, -0.0701404, -0.1553971,  0.1518190,  0.0495794,  0.0013116,  0.0102946, -0.0866220, -0.0339677,  0.0286095, -0.0295172,  0.0287337,  0.0505961, -0.0501227, -0.0571609, -0.1986113, -0.1041372,  0.1097506,  0.1000248,  0.0493900,  0.0149637,  0.0278594,  0.1929300,  0.0121871, -0.1304449, -0.2070787,  0.2297066,  0.4349261, -0.3316550,  0.2243941, -0.3649426, -0.0318977, -0.0426716, -0.1723663, -0.0278907,  0.1256453, -0.3225524, -0.1373404,  0.1360316, -0.4838369,  0.1125057,  0.2253644, -0.2224790, -0.0063984,  0.0773965, -0.1012045,  0.1221943,  0.2625743, -0.1406722, -0.1522173,  0.0471182, -0.0760157, -0.1309835,  0.0018375, -0.0016436,  0.0549403,  0.1773325,  0.2193678, -0.1055876,  0.0515253, -0.0311986,  0.1045543, -0.1945367, -0.0833511, -0.2256569, -0.0837604, -0.2215218, -0.0692421, -0.0640454,  0.0991316, -0.0155159, -0.1003719, -0.2601748,  0.2814626, -0.0084347,  0.0416484, -0.0381741, -0.0944642,  0.1013926, -0.2147325,  0.0282802, -0.0447468, -0.0850538,  0.0611447, -0.0033351, -0.1132116,  0.0269654, -0.0963320,  0.0138173,  0.0144288,  0.1147518, -0.0100197,  0.0030746, -0.1173990, -0.0699892, -0.0826266, -0.0917901, -0.1363733,  0.1096489,  0.0171111,  0.2049442,  0.1143176,  0.0234793, -0.0140356, -0.2329921, -0.1782206,  0.1861251,  0.3527530, -0.3581609,  0.2539863, -0.1944275, -0.1069981, -0.0262562, -0.3038370,  0.1454810,  0.1469380, -0.4051195,  0.0490597, -0.0289350, -0.2803777,  0.2222013,  0.0774229, -0.2567464,  0.0442419, -0.0947082, -0.0523272,  0.1257254,  0.0546422,  0.0148936,  0.0620338, -0.0332192, -0.0518784, -0.0565287, -0.0658931, -0.0709772,  0.0331107,  0.3052519,  0.2282031, -0.2099362,  0.0546022, -0.1671310, -0.1299873, -0.0116117, -0.1564534, -0.0063313, -0.0474279, -0.1622523, -0.0757303,  0.0299729, -0.1629332,  0.1866429, -0.0318733, -0.2330064,  0.1044763,  0.0599745, -0.0000850, -0.0456321, -0.1129992,  0.2131374, -0.2955963,  0.0988059, -0.0521670,  0.0592126,  0.1413695, -0.0802770,  0.0232759, -0.0014232, -0.0771569, -0.0266366, -0.0414998,  0.0390862, -0.0139897,  0.2166930, -0.0154347, -0.0126889,  0.0393484, -0.0343530, -0.2650777,  0.1220533,  0.1002614,  0.0165263, -0.1171189,  0.2910154,  0.1281149, -0.0965397, -0.2807407,  0.0437477,  0.3874965, -0.3921289, -0.1094213,  0.0743076, -0.0687769, -0.2514738, -0.1076810,  0.0571937,  0.0324471, -0.1537444,  0.1556712,  0.0266206,  0.0687298,  0.0569905, -0.0751223, -0.2556740, -0.0798454, -0.2744446, -0.1161658, -0.0147303, -0.0045603,  0.0846240,  0.0592047, -0.0189697, -0.0521536, -0.1424424,  0.0435968, -0.0352877,  0.0809615,  0.3059150,  0.2470502, -0.3863153,  0.0134596, -0.0312321, -0.0826374, -0.0247853, -0.1811057, -0.0672330,  0.0217861, -0.0904920, -0.0453302,  0.0991821,  0.0458423,  0.1295132, -0.2208478, -0.5107800,  0.1791213, -0.1274932,  0.0022725,  0.0499554, -0.0755768,  0.0061896, -0.0838188,  0.0054410,  0.0170627, -0.4274158,  0.0742204,  0.0093965, -0.0625137, -0.0600890, -0.0736773,  0.0355532,  0.1067202,  0.0454470, -0.0579335, -0.0442764,  0.0823644, -0.0179937, -0.0630302, -0.0954694,  0.0659508, -0.1637298, -0.0497187,  0.2019617,  0.0102966, -0.1141677,  0.2889074, -0.0978688, -0.2328004,  0.1893556,  0.1682831, -0.3312985, -0.2134503, -0.0953586,  0.0591998, -0.2436989,  0.0962209, -0.1942990, -0.0338249, -0.5767551,  0.7159170, -0.6994621, -0.0873307, -0.1670618, -0.0744470, -0.3059340, -0.0268562, -0.0277605, -0.1126750, -0.0074032, -0.0863191,  0.0949737, -0.2693790,  0.0915757,  0.1247928, -0.1760388, -0.2216761,  0.0076198,  0.0033299,  0.2455014,  0.0760776, -0.2423659, -0.1337743, -0.1139665,  0.0647395,  0.0891051, -0.0445744,  0.0053569, -0.2829198,  0.2175794,  0.0007501, -0.1812222, -0.3101460,  0.1849178, -0.2583508, -0.4248877, -0.0907637,  0.2000241, -0.1147408, -0.1185115,  0.0219960,  0.1675227, -0.1463051, -0.1086002,  0.0972428, -0.3144712,  0.0207840,  0.0837920, -0.0307216,  0.0300576, -0.0755984,  0.1685332, -0.2030352,  0.1063659, -0.0188215, -0.1020605, -0.0896967,  0.0642259, -0.0044224,  0.0329554,  0.0628376, -0.1411906, -0.1396222, -0.0011417, -0.1473197, -0.0429719, -0.0503347, -0.0721554, -0.0174416,  0.1112664,  0.0837200, -0.0118695, -0.2845348, -0.1904596, -0.3638531, -0.1333914, -0.1359458, -0.2316519,  0.1609168, -0.1187297, -0.0656034, -0.0159698, -0.4278033,  0.0525312, -0.2033029,  0.0425080,  0.0446090, -0.0706678, -0.0974314, -0.2550137, -0.5668769,  0.4799912, -0.1620459, -0.1356062, -0.0492355,  0.4120288, -0.5031653, -0.4021283,  0.0309705,  0.2062992,  0.0415602, -0.1695737,  0.0202418,  0.0065995,  0.0229245, -0.1835643, -0.0306354,  0.0469228,  0.0008821,  0.0677122,  0.2135150,  0.0740848,  0.0582589, -0.3602087, -0.1088034, -0.2951232, -0.3121173, -0.0244977, -0.1063817,  0.1156004,  0.1314541, -0.0968474, -0.0812896, -0.2677090, -0.0238083, -0.3288473, -0.0385190,  0.0766728,  0.0191738,  0.0650953,  0.1559790, -0.0959770, -0.2422366, -0.0996484,  0.0032259, -0.3261626, -0.2210552,  0.0118479, -0.0082839,  0.1385697,  0.1155446, -0.0800682, -0.0827643, -0.1108439, -0.2207780,  0.1154690,  0.0787358, -0.1466943,  0.0929901, -0.1603741,  0.0520737, -0.0226180,  0.0091889, -0.0956566, -0.3431660, -0.0379595,  0.1869460, -0.0063033,  0.0182852,  0.0431218, -0.0555789, -0.0053489, -0.1131934, -0.0517212, -0.2198248,  0.1426860,  0.0440797, -0.0739353, -0.4009310, -0.2165336, -0.5841036,  0.5656235, -0.2322664, -0.0584989, -0.3139001, -0.1918735, -0.0610809,  0.0877991, -0.0218280,  0.1107801, -0.0683291, -0.0096496, -0.1096787, -0.0634605, -0.0089595, -0.1556202, -0.0057264,  0.0712467,  0.0218281,  0.0785384,  0.0157620, -0.0676524, -0.1702022,  0.0100312, -0.0194050,  0.0118071,  0.0042333,  0.0565750, -0.1495338,  0.1548450, -0.1984618, -0.1554616, -0.0420212,  0.0510899, -0.1867553,  0.0619937,  0.1667296, -0.0448391, -0.0733712,  0.1100180,  0.1464956, -0.1657434,  0.0229595,  0.2074340, -0.0213527, -0.0766922,  0.0076964,  0.0262604,  0.0797238, -0.2642766,  0.0304636,  0.0788024,  0.1690102,  0.0065083,  0.0026411, -0.1669399, -0.0709947,  0.1313653,  0.0908694, -0.1347647, -0.0018340,  0.0165381, -0.0327839,  0.0351960, -0.0416732, -0.3070801,  0.0302488, -0.0640632,  0.0006251,  0.0111018, -0.1289292,  0.0155655, -0.0096111,  0.0445081, -0.1703301,  0.1159722, -0.0079767,  0.0869382,  0.1055811, -0.1531369, -0.3435419,  0.2642102, -0.9299659,  0.1117384, -0.5571420, -0.3590435,  0.1262909,  0.0882537, -0.0369018,  0.1167993, -0.0082235,  0.0502589, -0.0490040,  0.0244008, -0.0863697, -0.1964889, -0.0432894,  0.0286581, -0.0291444, -0.0018167,  0.0136329,  0.0657677, -0.1201877,  0.0827348, -0.1223256,  0.0295554, -0.0105621, -0.0631904, -0.1203104,  0.0914013,  0.0159141, -0.1348350,  0.1602901, -0.0915683, -0.4221911,  0.4472530, -0.1512135,  0.1722991, -0.0688878,  0.0713635, -0.0053902, -0.0531626,  0.1832107, -0.1240881, -0.2026693,  0.3091257, -0.1699352,  0.1142342,  0.0587576, -0.1385269,  0.0236767,  0.1015775, -0.0940368,  0.1372734,  0.0880282,  0.0094869, -0.1747416, -0.0611192,  0.0855654, -0.0772039, -0.0057216,  0.0740374, -0.0958076,  0.0267652, -0.0031250, -0.2761908,  0.0310643,  0.0026858, -0.2944188,  0.0682072, -0.0771341,  0.0026193, -0.0046108,  0.0893475, -0.1259877,  0.0236359, -0.1463543,  0.0429544,  0.2482352, -0.2238773, -0.0613490,  0.1055052, -0.6355033,  0.0366465, -0.0501104, -0.6376484,  0.2120180,  0.0169324, -0.0068295, -0.0542773,  0.0591872,  0.1123001, -0.1182280,  0.1499203,  0.0412595, -0.3590268, -0.0354336, -0.0317596, -0.0621957,  0.0479048,  0.1387218, -0.0481028, -0.0672444,  0.0909648, -0.0069829, -0.1955130, -0.0556814,  0.0111652, -0.1222671,  0.1486439, -0.0715770, -0.0753648,  0.0948112,  0.1685953, -0.2091644,  0.2121039, -0.2579221,  0.1960600,  0.0388037,  0.3022594, -0.1614014, -0.0933940,  0.1113282, -0.1511222,  0.0060826,  0.0773038, -0.2793280,  0.2074705, -0.0627392, -0.1201182,  0.0304784,  0.2263760, -0.1310219,  0.2078684,  0.0167501, -0.0788478, -0.1610097, -0.1762099,  0.1147926, -0.0394604,  0.0744510, -0.0401718, -0.2089389,  0.0343680,  0.2027545, -0.1857805,  0.0608913, -0.1061955, -0.1850154,  0.1645718, -0.0648919,  0.1824899, -0.2363253, -0.0104550, -0.1805676, -0.0527673, -0.1685667,  0.0220524,  0.1948165, -0.1638266, -0.0614478,  0.0587452, -0.2702683,  0.0496846,  0.1655442, -0.4817111,  0.0802427, -0.0238623,  0.0654372,  0.0080115,  0.0835814,  0.0629095, -0.2079891,  0.0419391,  0.1401471, -0.3524725, -0.1007786, -0.1886377,  0.1354098, -0.0791666, -0.0159173, -0.0818819,  0.0841616, -0.1536935,  0.1229413, -0.0251714,  0.1024626, -0.0481574, -0.0280430, -0.1174582, -0.1530875,  0.0453454,  0.1211068,  0.0776879, -0.1298236,  0.1866316, -0.3309539,  0.2021455, -0.1264776,  0.0777275, -0.1410488, -0.1211051,  0.1301831, -0.0558646,  0.0257601,  0.1500781, -0.2353505,  0.1411813,  0.0367562,  0.0141219,  0.1113798,  0.0748950, -0.1130139,  0.0451004, -0.0031115, -0.2942996,  0.0210022, -0.1431188,  0.1027446, -0.0329770,  0.0185620, -0.0582852, -0.1041311, -0.0406011,  0.1153341, -0.1217855,  0.0071235, -0.0915850, -0.0465607,  0.0777636, -0.0259749,  0.1858830, -0.0450250,  0.0375826, -0.3629122, -0.0677554, -0.0759930,  0.0613547,  0.1126901,  0.1457068, -0.0493853, -0.0445861, -0.2856912,  0.0349616,  0.2263159, -0.0624676, -0.0529738, -0.0295026,  0.0710889, -0.0353801, -0.0554067,  0.1025589, -0.2063226, -0.0176798,  0.1441687, -0.3545208, -0.0179351, -0.3478543,  0.1904501,  0.0135168, -0.0744200, -0.3444155, -0.0195024, -0.3653282,  0.1263068,  0.0614845,  0.0772621,  0.0557040, -0.1024767, -0.3594202, -0.1101283,  0.2599124,  0.1062821,  0.1317864, -0.1502685,  0.0494621, -0.1522979,  0.0418418, -0.2394787, -0.0700764, -0.1862049, -0.0224334,  0.0596313,  0.0158485,  0.0138660,  0.0954621, -0.1017776,  0.1133952,  0.0483225, -0.1368864,  0.1501128,  0.1211253, -0.1840734,  0.1796288,  0.0580448,  0.0089497,  0.0667418, -0.3624462,  0.0617888, -0.1083387,  0.0779765, -0.0484908,  0.0161099, -0.0258571,  0.0822886,  0.0214884,  0.0249034, -0.0048773,  0.1960768, -0.2668644, -0.2291240,  0.1514138,  0.0780868,  0.0708990, -0.3532795, -0.2061368, -0.0546733,  0.0028711, -0.1820088,  0.2254080,  0.1906326, -0.1315693, -0.0804331,  0.0057268,  0.2132639,  0.0071177, -0.0710718, -0.0429864,  0.0813360,  0.0622702, -0.0006993, -0.0629737, -0.1133712, -0.0461449,  0.0889793, -0.2625867,  0.0694710, -0.2275026, -0.3953098,  0.0065935, -0.4212727, -0.0624174,  0.2173416, -0.1572648, -0.0331512,  0.0742707,  0.0689837,  0.0674192, -0.0421365, -0.1981005, -0.0932507,  0.1681045, -0.0251667,  0.1148414, -0.1967118, -0.1266328,  0.0767312,  0.0287898, -0.2430679,  0.0920850, -0.1150192, -0.0659742,  0.0929214,  0.1479333,  0.0443270,  0.0834660, -0.0045179, -0.0318562, -0.0667759, -0.0399877,  0.2461829, -0.0083317, -0.0666925,  0.2774222,  0.0344874, -0.1097522,  0.0042985, -0.2372719,  0.0088957,  0.0997036,  0.0819392, -0.1247932,  0.0287978, -0.1876459, -0.0326393,  0.0961643, -0.0648838,  0.0338615,  0.0361891, -0.1524988, -0.2773914,  0.3232130, -0.1124104,  0.0413849,  0.0784119, -0.3162074, -0.0029703,  0.0222192, -0.2474330,  0.0702116,  0.3170682, -0.1445348,  0.1465501, -0.0253135,  0.0534858, -0.1659553, -0.0491713,  0.0185566,  0.0373404,  0.1532890,  0.0675785, -0.0038942, -0.0751293,  0.0517858,  0.0997900, -0.2867217, -0.0098757, -0.0717809, -0.4710602, -0.0687653, -0.1320488, -0.0728681,  0.2365818, -0.0448214, -0.2848742,  0.0328473,  0.2942080, -0.0153497,  0.0835346, -0.3919545, -0.0651821,  0.1831242, -0.2576049,  0.1351463, -0.0961754, -0.0164798,  0.1000507, -0.0928875, -0.0257419,  0.0640324, -0.0790237,  0.0612675, -0.0034211,  0.0203714,  0.0508804,  0.0947630, -0.0607995, -0.0362189, -0.0624224,  0.1084326,  0.1885622, -0.0086741, -0.0065932,  0.0947832, -0.0294637, -0.1683771, -0.1361003, -0.1469217, -0.0950625,  0.1213177,  0.2772141, -0.1584303,  0.1274357, -0.2578657,  0.0577083, -0.2354669, -0.0289668,  0.0667973, -0.1162398, -0.0282278, -0.1050423,  0.3372053, -0.0261143,  0.1154465,  0.2738689, -0.5109189,  0.0431041, -0.0750644, -0.5569841,  0.1140420,  0.2428545, -0.0854773,  0.1775732, -0.0922217, -0.1922012, -0.0268900, -0.0564486, -0.0551636, -0.0076690,  0.1684642,  0.2193397, -0.1356451,  0.0276312, -0.0932596,  0.0334883, -0.1974390, -0.0995038, -0.0385478, -0.4737366,  0.3360043, -0.1290362, -0.0603742,  0.2932118, -0.0875813, -0.2091846,  0.0538096,  0.1145315, -0.2331422,  0.0352814, -0.1591702, -0.1408679,  0.0606890, -0.0886468,  0.1257388,  0.0397517, -0.2433825,  0.0163438, -0.1241066, -0.0484342,  0.0473385,  0.0454142,  0.0151770, -0.0525707,  0.0750407,  0.0067532, -0.0326503, -0.0925545, -0.0704716, -0.1049133,  0.0334329, -0.0214918, -0.0068536,  0.2098927, -0.0708277,  0.0029855,  0.0062724, -0.0543044, -0.1465549, -0.0365217,  0.0073010,  0.2504921, -0.2264677,  0.2138475, -0.2769572,  0.0170889, -0.2696429, -0.0801557, -0.0576928,  0.2050103, -0.2709131,  0.2385001,  0.1107545, -0.1135134,  0.0433229, -0.0568456, -0.7131486,  0.1856450, -0.0392765, -0.5775602,  0.2269300,  0.1563625, -0.2133378,  0.0362173, -0.2116259, -0.0621158,  0.1275521, -0.0556453, -0.0294667,  0.0514407,  0.1471965,  0.1899391, -0.2082368,  0.1859128, -0.1764380,  0.0510650, -0.0889325
.float  0.0401217, -0.2307238, -0.3524706,  0.1197037, -0.0194278, -0.2964301,  0.2349340, -0.1086584, -0.3298592, -0.1585611,  0.1183494,  0.0271057,  0.0428787, -0.1454345, -0.1510089,  0.1486185,  0.0312565,  0.1000002, -0.0681204, -0.0477598,  0.0142521, -0.0884693, -0.1597157,  0.0297696,  0.0096930, -0.0107032, -0.1240045,  0.0896551,  0.1293957,  0.0940626,  0.0167935, -0.0227402, -0.1071633,  0.1680682, -0.0308174, -0.0531104, -0.1359252,  0.1274124,  0.1743315, -0.0999564, -0.0134717, -0.0665248, -0.1863528, -0.1450599,  0.1273080, -0.0441841,  0.0374759, -0.0148224, -0.1224761, -0.2684223,  0.0142380,  0.0939197, -0.2528372, -0.3258745,  0.2793480, -0.0932386,  0.0836217,  0.3547728,  0.0635840, -0.5783020, -0.1916257, -0.2117082, -0.2640752, -0.0861389, -0.0557419, -0.1560577,  0.0742976, -0.1181706, -0.1761542, -0.0577717,  0.0314090,  0.0911236, -0.0369001,  0.0919961,  0.0649994, -0.1853394,  0.1173357, -0.1300976,  0.0922232,  0.0373858, -0.0998554, -0.1114108, -0.4658256,  0.1456991,  0.0601885, -0.1559272,  0.1427635,  0.0486221, -0.1050014, -0.0236656, -0.0170360, -0.1143999, -0.1798038, -0.3241927, -0.2186911,  0.2840714,  0.1593170, -0.0175307, -0.1360506, -0.2494925,  0.1398650, -0.1157575, -0.1616914, -0.0620539, -0.0824564,  0.1011983, -0.0042688,  0.0464589, -0.0246104, -0.0977000,  0.1042052,  0.0472126, -0.0990435,  0.2189830, -0.0354635, -0.0127559,  0.0397184,  0.2248360, -0.1132002, -0.0946859, -0.2341691, -0.2176375, -0.3044203,  0.1176140,  0.2066961, -0.1349701, -0.2142407,  0.0258822, -0.2664412, -0.1870023, -0.2651275,  0.2351068, -0.0341933, -0.1850837,  0.0108546, -0.0157778,  0.1089694,  0.0535030, -0.2709278, -0.3897169, -0.4920495,  0.2588823, -0.2058597, -0.2865890, -0.0674108,  0.1366200, -0.1014033,  0.1415215, -0.2520640, -0.4115624, -0.0056937,  0.0689598, -0.1099618,  0.3132858,  0.0297011, -0.1893006, -0.1139802,  0.1044659,  0.0147406, -0.0077309, -0.1505405,  0.1376575, -0.3710573, -0.0293056,  0.2712520, -0.2411952, -0.3369458,  0.2648018, -0.4100086, -0.1850148, -0.4686823,  0.2574234, -0.2164258, -0.2052955,  0.0537222, -0.1726469, -0.2624927,  0.2205832, -0.2838322, -0.4025025, -0.1705888,  0.2542018, -0.1697023, -0.1524058, -0.0518697,  0.0843921, -0.1242551,  0.1030906, -0.1723606, -0.1964182, -0.1130961,  0.1003254, -0.1076495,  0.0233226, -0.0974240, -0.0153538, -0.1150082, -0.1213393, -0.1517039,  0.2421221, -0.0699184, -0.0660793, -0.0607597, -0.4205167, -0.5426112,  0.1870445,  0.0476104, -0.2111207, -0.1683718,  0.0578583, -0.1723068,  0.2924217,  0.0079198,  0.0156072, -0.5062835,  0.1526327,  0.0828548, -0.0666289, -0.2058137,  0.0947338, -0.2708650,  0.1525231, -0.1204443, -0.0129108, -0.2212700,  0.0404871,  0.2402406,  0.0536148,  0.0631152, -0.3043946, -0.1821698, -0.0893716,  0.1562640,  0.3138729,  0.0118424, -0.1980434, -0.1619878,  0.1030116, -0.0721852,  0.1617081, -0.1314751, -0.0499666,  0.0065575, -0.1427892,  0.1238529,  0.1470417, -0.0793378, -0.1880456, -0.2358488, -0.3449092, -0.4138598,  0.1734788, -0.0819839, -0.1775347,  0.0095769,  0.0206893, -0.5293523,  0.0281494, -0.3437837, -0.0035038,  0.0635561, -0.2253112,  0.0430202,  0.0533637,  0.0142220,  0.0360697, -0.3328589,  0.0763278, -0.2099602, -0.1216401,  0.0600172, -0.1438915,  0.0859850, -0.1539157,  0.0157759,  0.1357573, -0.0431892, -0.0849628, -0.2080366,  0.0748800,  0.0145019, -0.0580498,  0.0269359, -0.0382564, -0.1496695,  0.2456449, -0.0326608,  0.0220886, -0.5035456,  0.0322771, -0.0691784, -0.0513312,  0.0724744, -0.2130701, -0.1081846,  0.2144830,  0.0072741, -0.1734398, -0.3611748, -0.0311465, -0.2865810,  0.2677402, -0.0061514, -0.1509508, -0.3206116,  0.3619070,  0.1442321, -0.3077307,  0.0040873, -0.6151995,  0.0142033,  0.4638074,  0.1184323,  0.1158248, -0.0154997, -0.0316872, -0.1349298, -0.0711369, -0.1899727,  0.2139540,  0.0005241, -0.0949054, -0.0053257,  0.1495028, -0.1027465,  0.0452854, -0.2481666, -0.0395263, -0.3117951,  0.1171258, -0.0242207, -0.0298387,  0.1780977,  0.1494816, -0.1972517, -0.0075594, -0.0048994, -0.1409898, -0.6146531,  0.2198711, -0.0644330,  0.0189607,  0.1174001,  0.0299112, -0.0460327, -0.0997212, -0.2040055, -0.0233207, -0.3836924,  0.1845227,  0.0207310, -0.0265372,  0.0818540,  0.0684119,  0.0275600, -0.1162964, -0.1097547,  0.1301062, -0.2926546, -0.0359677, -0.1014490,  0.0985267,  0.0477257,  0.0763675, -0.1010332,  0.1491452, -0.1383891,  0.0584223, -0.4877213,  0.0242926,  0.0539728, -0.0976387, -0.3603740,  0.1120701, -0.1189866,  0.2477700, -0.0971828,  0.0496941, -0.2228567, -0.0263195, -0.1425083,  0.0738685,  0.1146424, -0.0103789, -0.5023807,  0.4167182, -0.4594896,  0.1761037, -0.1467570, -0.4888431,  0.3582945, -0.2342948,  0.1804589,  0.0803156, -0.0621856,  0.0035244, -0.0916964,  0.0849555, -0.1023239,  0.0530051,  0.0544153, -0.0603207,  0.0323712,  0.0015072,  0.0595656,  0.1158467,  0.0595996, -0.2159497, -0.4324611, -0.0313506,  0.0209107,  0.1175463,  0.0696661, -0.1149467, -0.0891302,  0.0540590,  0.0826747, -0.0872013, -0.2253619,  0.1863580, -0.2559850,  0.1757768,  0.1234137, -0.0354184, -0.1247277,  0.0357031,  0.0923816, -0.2230321, -0.2313361,  0.0195242, -0.1518889,  0.1559559,  0.0190604, -0.0463638, -0.0426183,  0.0466329, -0.0776927,  0.0783903, -0.2409689,  0.0001485,  0.1170221,  0.0315636, -0.0438518,  0.0770572,  0.1646259,  0.0487366, -0.0731137, -0.0160006, -0.1594446, -0.0813956, -0.0161373, -0.0645265, -0.7435594,  0.0397320, -0.3293141,  0.3698357, -0.1874238, -0.1610938, -0.2038412,  0.0479223, -0.2322711,  0.2233703,  0.4892802,  0.2172513, -0.2255018,  0.4195359,  0.0596582,  0.0081089, -0.2191932, -0.4537032,  0.0010044, -0.3783428,  0.1529462, -0.1037389,  0.0672142,  0.0605466,  0.0438232,  0.0550436, -0.0961126, -0.1584226, -0.0769227, -0.0372655, -0.0216827,  0.0252728,  0.0043889, -0.1119667, -0.1505360,  0.0394081, -0.0020364, -0.0283337,  0.0155582, -0.0272867, -0.1868429,  0.0584244, -0.3408296,  0.0580548,  0.1068558,  0.0673658,  0.0979700,  0.0334120, -0.2216319,  0.1298749,  0.0264674, -0.0356141, -0.1515332,  0.0899397, -0.0452257, -0.0425810, -0.0497396,  0.1488807, -0.0703798,  0.0637967,  0.1236298, -0.1198782, -0.0198650,  0.0348602, -0.1337759,  0.2569893, -0.0139407, -0.1196000, -0.1133848,  0.0901413,  0.0493025,  0.1188656,  0.0942230, -0.0126671, -0.1819427,  0.2211542, -0.0147221, -0.2389522,  0.0479137, -0.0332244, -0.5917393,  0.0488987, -0.2062089,  0.4193895, -0.1579041, -0.0660015, -0.2629026,  0.0293165, -0.3243086,  0.1410172, -0.0359823,  0.7413762, -0.2703205,  0.0312110, -0.0173817, -0.0333257, -0.0833403, -0.0893224,  0.0872122, -0.2291392,  0.0604752, -0.0394785,  0.0140373,  0.0562124, -0.0861756,  0.0389910,  0.0230175, -0.1888341,  0.0200535, -0.1341746, -0.2548153, -0.0573488, -0.0535893, -0.0962608,  0.0289563, -0.1737774,  0.1648909,  0.2215444, -0.0306526,  0.0837362, -0.1819705,  0.0307558, -0.2456446,  0.0604394, -0.1866071,  0.0394495, -0.0270517,  0.1182599, -0.1404156,  0.1879279, -0.0415294, -0.1750652, -0.1106847,  0.0191509,  0.0478131, -0.0558882, -0.0863564, -0.0342948, -0.0025435,  0.1528446,  0.1396858, -0.3078660,  0.0848990,  0.1244473, -0.0800513,  0.1996273,  0.0733719, -0.0355567, -0.0665547, -0.2238004,  0.1339490,  0.0092137,  0.1609091, -0.0982612, -0.0651800,  0.0857095,  0.1148715, -0.0048597,  0.0037005, -0.0693720, -0.6122556,  0.0242601, -0.1938833,  0.2956357,  0.0176532,  0.2488618, -0.2790264, -0.0339312, -0.3494597, -0.0316829, -0.2509893,  0.3041402, -0.1722543, -0.3362164,  0.1889617, -0.0680382, -0.4719211,  0.1912334, -0.1020135,  0.0103090,  0.1806418,  0.0730300,  0.0451227, -0.0389534, -0.0316657,  0.0761001, -0.0197048, -0.1344857,  0.0380665, -0.2246037,  0.0857013,  0.1306342, -0.1306171, -0.0089165,  0.0182911, -0.0182225, -0.0231652,  0.0606674,  0.0192316, -0.0747944, -0.1116279, -0.0532268, -0.1260134,  0.3214733, -0.0657686,  0.1805558, -0.2889272, -0.0646698, -0.1894691, -0.0133829, -0.0955403,  0.0347315, -0.0525767,  0.0893430, -0.0373219,  0.0788381, -0.1393291,  0.0291772, -0.0356338,  0.0753987,  0.0708835, -0.0558156,  0.1239040,  0.1197336, -0.3366898,  0.1374462,  0.0893585, -0.0824712, -0.0996357,  0.0212053,  0.1311136, -0.0408220,  0.1882994, -0.0190461,  0.0110498,  0.0344384,  0.0585739, -0.0825532, -0.1170077, -0.0004446, -0.7337179,  0.0473288, -0.2146374,  0.2673831, -0.0289656,  0.2586720, -0.1734619, -0.0734845, -0.3515316,  0.1018867, -0.5462724,  0.1437546,  0.0771156, -0.7921114,  0.3162340, -0.2764863, -0.3816966,  0.1172178, -0.0836349,  0.2870343,  0.1064222,  0.0046652,  0.0584837, -0.0962576, -0.0524752,  0.0534823, -0.0644369, -0.0720329,  0.0355579, -0.1124218, -0.3531193,  0.0493978, -0.3113892, -0.2011129,  0.1248179, -0.3757511, -0.0998555,  0.2788465, -0.0700859,  0.2024667, -0.3170883, -0.3228034, -0.2654067,  0.2188210, -0.0509464,  0.3435913, -0.2233704,  0.1033290,  0.0793618, -0.1153357, -0.0659652,  0.0042624, -0.0670571, -0.0095237, -0.0055078,  0.0034104, -0.1380148,  0.0360090,  0.0557000, -0.0195326,  0.0708163,  0.0054897,  0.1491981,  0.1029571, -0.1204761, -0.0675794, -0.0308738, -0.0812964, -0.0166329, -0.1097918,  0.0962993, -0.0032183,  0.1392844, -0.0470993, -0.0413695, -0.0479335,  0.0118059, -0.1163915, -0.0116678,  0.0779091, -0.5635087,  0.2666507, -0.2567486,  0.2328766,  0.1192732,  0.4174354, -0.3081288,  0.0375089, -0.4269540, -0.1056322, -0.5779091,  0.0948059,  0.2241837, -0.1754911,  0.0475697, -0.5731421, -0.0653627,  0.0006518, -0.0489281,  0.2190569,  0.0054937, -0.0179816,  0.1748994, -0.0446933, -0.0243624,  0.0622585,  0.0634247, -0.1678024, -0.0588126, -0.1164939, -0.8176581,  0.0930246, -0.4513693, -0.1164454,  0.2248182, -0.0420185, -0.2465360,  0.3260691, -0.1573411,  0.1493174, -0.2726887, -0.1116361, -0.1942996,  0.2655043, -0.0059813,  0.2511265, -0.0757667, -0.2247675,  0.0694759, -0.0342287, -0.0210912, -0.0249391, -0.0494388,  0.0528558, -0.0989819, -0.0187482, -0.0385068, -0.0807536,  0.0114128,  0.0002328,  0.1884607,  0.0300374, -0.0338460,  0.1859915, -0.2809687,  0.0102139,  0.0100976, -0.1193527, -0.0752429,  0.2409666, -0.1013606,  0.0482629,  0.0808504,  0.0082208, -0.0366215, -0.0707041, -0.0886503, -0.0547574,  0.0236651,  0.0849460, -0.4786032,  0.0478254, -0.1465961,  0.3018733, -0.2649343,  0.2751709, -0.2331654, -0.2025704, -0.4652677,  0.1692000, -0.4070626,  0.1534744,  0.2530293, -0.1624531,  0.0312371, -0.5007848, -0.4100960,  0.0036004, -0.0325305,  0.2432459,  0.0552948,  0.0254989,  0.1149909, -0.0014351,  0.0642074, -0.0323767,  0.0001911, -0.0874792,  0.0464499, -0.0478994, -0.6953741,  0.4575099, -0.4155323,  0.0512346,  0.1507899, -0.2162939, -0.0630453,  0.2468856, -0.2225544,  0.1114516, -0.3544379,  0.1743684, -0.1867952,  0.2388279,  0.1083476,  0.2103534, -0.0562561, -0.0226816, -0.0623807, -0.1977856, -0.0306982, -0.0901447, -0.0964546,  0.1124630,  0.0458597,  0.1349431, -0.0609752, -0.0326117,  0.0412751, -0.0826689,  0.1768613, -0.1638916,  0.0223850,  0.0624815, -0.1379426, -0.0418575, -0.0381208, -0.2728612,  0.0587635,  0.1076248, -0.1509805,  0.0877103, -0.0722969, -0.1195951, -0.0467687, -0.0452286,  0.0130304, -0.2413903,  0.1195838,  0.1328125, -0.3089370, -0.0801496, -0.0100814,  0.0482683,  0.0779608,  0.4568988, -0.2551309, -0.0014392, -0.4815208, -0.2393949, -0.6056251,  0.2431532,  0.0071968, -0.0878120, -0.2145872, -0.0409387, -0.0626498,  0.0272655, -0.0019436,  0.1710131, -0.0414361,  0.0856651, -0.0349787, -0.0853591, -0.0093331, -0.0727270,  0.0734020, -0.1463174,  0.0942763, -0.0059439, -0.4817786,  0.0627886,  0.1057557, -0.3093898, -0.0614589,  0.0817269, -0.1521458,  0.0050108, -0.3932053,  0.1445653, -0.3459604, -0.0851916, -0.0271155, -0.0561415,  0.0428959,  0.1123181, -0.3170192, -0.0005123, -0.0256172, -0.1119780, -0.1618391,  0.0346499, -0.1506400,  0.1420894, -0.1138141, -0.0301888, -0.1133588,  0.0553063,  0.0893045,  0.1126526, -0.0074147, -0.1855233, -0.1768848,  0.0953969,  0.1858629,  0.0846338, -0.2078894,  0.1607492,  0.0275552, -0.1867427, -0.1270354, -0.2722587, -0.1337676, -0.0139368,  0.1574355, -0.1204237, -0.1103640, -0.3199129,  0.2207816,  0.0282032, -0.2203625, -0.1263439,  0.0908828, -0.2596654, -0.0806484,  0.3274032, -0.1613236, -0.3521421, -0.3065252, -0.1882781, -0.4810063,  0.2087362, -0.0830384, -0.2802052,  0.0468697,  0.0376024, -0.2110844, -0.1215577,  0.0778245,  0.2171295, -0.0737717,  0.1082052, -0.0745053, -0.0397319,  0.1681141,  0.0524492,  0.0507449, -0.0451548,  0.0040160,  0.0516903, -0.3602458, -0.2397573,  0.1084024, -0.3445399,  0.2232140,  0.1132715, -0.3518142,  0.1267795, -0.3365701, -0.0935537, -0.3585334, -0.2734053, -0.1315879,  0.0194326,  0.0443571,  0.2391342, -0.4100427, -0.1689736, -0.1306195,  0.0849248, -0.2874412, -0.1618245, -0.0882460,  0.0092110, -0.1469699,  0.0916507, -0.0549452, -0.0956737,  0.0472897,  0.2574768, -0.1162820, -0.3700827,  0.0449518,  0.1453883,  0.0359812, -0.0170520, -0.1520444, -0.1620669,  0.1489204,  0.0519800, -0.2453908, -0.3008766,  0.0540846,  0.0845020, -0.2666810,  0.2672620, -0.3959746, -0.5957422, -0.0569560,  0.1882096, -0.0973737, -0.0700902, -0.0128671, -0.1300498,  0.2013128, -0.1040311, -0.0877867,  0.2604594, -0.3870263, -0.1689444, -0.1833098, -0.2765397, -0.0780619, -0.0199958, -0.1632950,  0.1015282, -0.1992822, -0.1397400,  0.1716485,  0.0385810,  0.0660827,  0.1531589, -0.1075832, -0.1245205,  0.0773970,  0.1087337,  0.0450359, -0.0328805, -0.1470018,  0.0264502, -0.3288663, -0.1627172,  0.1438518, -0.1297202, -0.2892504,  0.3001023, -0.5152647, -0.2167264, -0.4733496,  0.1899647, -0.1088402, -0.0787691,  0.0469872, -0.2407855,  0.0949856,  0.3258327, -0.2685627, -0.1535985, -0.3286978, -0.0082359, -0.2060444, -0.3735807, -0.0799038,  0.0625434,  0.0114411,  0.1620593, -0.2378732, -0.2119589, -0.0834458,  0.0612371

--- Biases ---
.float  0.0813023,  0.2533585, -0.0158933, -0.1844285, -0.0031381,  0.0426630,  0.0397524,  0.0988688, -0.1927428, -0.0025004

==============================
Layer 6: ACTIVATION_1
==============================
(No trainable weights)
