
==============================
Layer 1: CONV2D_1
==============================

--- Weights ---
-0.2272593, 0.197488, 0.3557506, -0.32292056, -1.0778831
0.49470034, 0.29873085, 1.1300687, 0.3960677, 0.7589862
-0.25167453, 0.29530624, -1.8708069, 0.6354089, 0.70650107
0.8012528, 0.4149345, 0.6639686, -0.69680303, 0.13725667
-0.6288773, -0.055611487, 1.0636322, -0.36515668, 0.39027992

0.7496308, -0.95759386, 0.6291915, 0.5134322, -1.5342917
-0.38692874, -1.2482573, -0.08868026, 1.8483738, 0.20204702
0.534067, 0.9862791, -2.3943906, -0.46054164, -0.6557965
0.1599467, 0.8160827, 0.39257386, -0.58037615, -0.9223431
0.0009605302, -0.099004865, 0.15619504, 0.93135357, 1.1599344

0.913487, -0.90749806, 0.25182444, 1.2162999, 0.6082986
0.9235955, 0.69084746, 0.7534977, 1.5304561, -1.462611
1.6332312, 1.2783782, 0.5834297, 1.510676, -0.6653288
0.6401663, 0.7273448, 0.38583758, 1.574319, 0.091232814
-0.33431703, 1.3490593, -1.3842435, 0.48477104, 0.4473069

0.15372807, 0.1369091, -1.0921103, -1.9766831, -0.72845364
0.5937225, -1.670682, -0.5158098, -1.9693542, 0.40495172
-1.3770366, 0.031856664, -1.052421, 0.920703, 0.15706103
0.26351753, -0.92455167, 1.5560573, 0.042614296, 0.7462452
-0.75566816, -0.008126759, 0.9373574, 0.8439299, -0.5448395

1.3059671, 0.70965874, 0.8683088, 0.48191577, -0.64599216
0.34669045, 1.0639129, 1.2313411, -0.4802413, 0.13654737
-0.4631815, 1.3514767, -0.47364226, -1.6836512, 1.2284425
0.35396427, -0.8657446, -0.35399935, -2.9123993, -0.013625773
-0.35566136, -1.9392179, -1.0239371, -1.9689227, 0.7876722

-1.553278, 0.41231537, -1.167219, -1.1811956, -0.32278994
-1.5618978, -1.0739783, 0.56953394, -0.44607535, 0.602288
-0.47896692, -0.4978032, -0.28788272, -0.7216451, -0.0033648957
-0.47190377, 0.2305706, 0.519495, -0.055937573, 0.97728485
-1.9043251, -0.15055154, 1.2000568, -0.9993538, 0.021750975

-1.1061774, 0.9266888, 0.8415423, -1.975257, 0.65015644
0.8431359, -0.81405824, 0.67901933, -1.5330102, -0.31540805
-2.5799181, -1.3848029, 0.1025709, -1.6439952, 0.7281141
0.9111894, 0.9929014, 0.13376483, -0.330295, -2.8899615
-1.5756462, -0.7009519, -0.59181577, 0.06296362, 0.37693825

-0.25130248, 0.40916196, -3.6681778, -1.6210338, 0.16931163
-0.9934782, -0.09181164, -0.903158, -0.18083861, 0.92263544
-1.2968715, -1.5237255, 0.8402905, 0.032804303, 0.3499053
-1.5450569, 1.3774979, 0.96812993, 0.4471284, -0.38306555
0.24687983, -0.49881333, 1.4943708, -1.2217473, 0.24680589


--- Biases ---
-0.69772637, 0.077220425, 0.02221648, 0.039404657, -0.9085572, -0.47294453, -0.36585048, -1.7022967

==============================
Layer 2: MAX_POOLING2D_1
==============================
(No trainable weights)

==============================
Layer 3: FLATTEN_1
==============================
(No trainable weights)

==============================
Layer 4: DENSE_1
==============================

--- Weights ---
-1.6872834, 0.3723808, 0.6245539, -0.22246063, -0.65158, -0.48806766, 1.3755372, -2.0914955, 1.0757234, -0.3064753, 0.2333139, 0.17325966, -0.6775398, -0.2246779, 0.16994482, -0.31691068, -0.19513205, -0.12880686, 0.44742322, 0.22080523, -0.40872398, -0.7606584, -0.9715463, 1.3457592, 0.06670508, -0.5763244, 0.8392643, -0.31403548, -0.14943403, 0.2645135, -1.1646981, -0.096555844, -0.5343603, 0.58214474, -1.0366075, 0.40728694, 0.8868238, -0.60954726, 0.7106012, 0.41903117, -0.08658037, 0.15232444, -0.07946524, -0.02611529, 0.04266707, -0.10577886, -0.0133715, -0.054193415, -0.12457716, -0.11117208, -1.8110771, 0.91711456, -0.820022, 0.059743065, -0.6017216, 1.6868528, 1.3784728, -2.1040864, 1.4817239, -0.3818765, -0.02292253, 0.0397197, -0.06421424, -0.022956697, -0.014969672, -0.0070006885, -0.05283127, -0.075083554, 0.008518309, -0.064377286, -0.60557735, 0.057212703, -0.31822228, -0.05146888, -0.04368739, -0.0063933684, 0.59991723, -0.08351215, -0.121322274, 0.044434834, -0.1502852, 0.7041591, 0.3143377, -1.0818424, -0.19643764, -0.45366633, 0.96262944, 1.3947929, -0.13736801, -1.1666479, 0.14796092, 0.22384804, -0.52421683, -0.086925365, 0.09756448, -0.25158262, 0.084811315, -0.25210065, 0.25525802, 0.2055946, -1.3055899, -0.10969684, 0.7427995, 2.7437181, -1.5846211, -0.51776236, 1.9366996, -2.6402774, -2.8679614, 0.25410804, -0.094290435, 0.56116796, -0.27548602, -0.23067778, -0.76469696, 0.10400764, 0.2905572, -0.06073374, -0.16723491, 0.5801932, -0.2012276, 0.09633986, -0.02650941, 0.024153078, -0.05769348, -0.0016165954, 0.15379739, -0.06102718, -0.027648365, -0.1778469, -0.13864796, 0.27108142, -0.1449113, -0.016625736, -0.47702122, -0.63816905, 0.28498548, 0.63619936, -0.6282252, -1.5230758, -0.6296207, 0.04542002, -0.45044452, 0.20737174, -0.17681265, -0.09495485, 0.65450066, -0.043394357, -0.073970154, -0.060521185, -1.0257461, -0.22963336, -0.39298335, 0.43471298, -0.84391963, 0.08373742, 1.1002557, -0.2927153, -0.17577247, -0.0736105, 1.1476643, 0.58179766, -0.30667844, -0.082269646, -0.447647, 0.231576, 0.67208105, 0.93314457, -0.5023699, -1.507992, 0.41769212, -0.23893863, -0.50197434, -0.96276003, 0.8173194, 0.31039628, -0.62043035, 0.05831817, 0.48240533, -0.108406365, -1.3939503, -0.6748204, 2.474186, -1.3757333, -4.5151067, -1.059262, 2.000294, -1.7930096, -1.4753671, -0.07947871, 0.5422628, 0.2615062, 0.29433665, -0.53569186, -0.8851313, 0.30078444, 0.7004068, 0.12861493, 0.62896353, -1.3832037, -0.6941052, -0.07986471, -0.20900269, -0.046654418, -1.4120077, 0.053920988, 1.5919865, -0.041632283, 0.04023412, -0.060374353, 0.9274553, 0.86890596, -0.77699596, -0.6610308, -0.05947692, 1.0242246, 0.95243835, 0.67309856, 0.36317992, -1.2182038, -1.7759614, 1.5457507, 0.5273573, 0.18946375, -1.6485438, -0.24215402, 2.5824802, -1.3936048, -0.22731796, -0.43619454, -1.0314474, -1.1120414, 1.5642909, 1.6039635, -1.2775863, -1.0849869, 0.87425977, -2.8767095, -1.7914191, -0.38509494, -0.20445319, 0.3149364, -0.616067, 0.19048925, -0.42816055, -0.22138573, 0.9411155, -1.0384455, 0.80623835, -0.16924015, -0.1184003, 1.2011943, -0.83696353, -0.055909064, 0.4473529, -0.04197298, -0.58787596, -0.34011436, -0.079879306, 0.04184902, 0.60180974, 0.49217784, 1.2415053, 1.0231439, -1.5705537, -2.5883315, -1.4838054, 0.21877523, -3.5452724, -1.97241, -0.44113916, -0.10232552, -0.018948436, 0.023080738, -1.1924138, -0.18949664, 0.94914883, -1.0271156, 0.2580164, 0.07056965, -2.1530435, -0.08066832, 1.2112406, 3.614598, -0.29301104, -0.65453094, 0.8808937, -2.335036, -3.3388522, -0.026919045, -0.24016699, 0.8932214, -0.29030168, 0.19043227, -1.0020249, -0.4826035, 0.20646578, -0.4733739, 0.029271943, 0.29642606, -1.6857688, 2.2392633, 0.22082704, -0.95704883, -0.4229197, -2.0226412, 0.8384206, 3.2540557, -3.7722685, -0.9459797, -0.47489226, -0.753108, 1.3882505, 0.10410145, -4.5610104, -1.0277596, 2.0169547, -1.8360028, -0.86310214, -2.5599723, -0.4224397, -0.22295116, -0.11951561, -0.7402795, -0.31299376, 0.0006809671, -0.07738875, 0.18509312, 0.20496525, 0.5307734, 0.69494253, 0.37249026, 0.15478331, -1.3477871, 0.052872717, -0.188461, 0.18417872, -0.2386011, -0.3279049, 0.4579348, 1.265805, -0.5508122, 1.2115343, 1.1587383, -0.09721366, -2.477088, -3.3214157, -4.260453, 0.82273364, -2.2631161, -0.24363513, -0.037580393, -0.19675964, -0.29403952, -0.57966846, -0.65258044, 0.0925508, -0.49792588, 0.37229523, 0.6395889, 0.5090049, 2.7225564, 0.72235584, -1.992694, -2.800292, 2.3313863, 0.31310332, -1.1732385, -1.1489346, -0.4002113, -0.49546874, -0.9585823, -0.043549594, -0.11603784, -0.7116738, -0.23215628, -0.28281763, -0.24060473, 0.2959631, 0.9339453, 0.8923973, 0.76720905, -0.4500941, -1.1764799, 0.88916266, -3.0166333, 0.33594027, 3.1850064, -2.4743278, -4.329884, 0.53361875, 0.045076445, -0.50860775, 0.43977046, -2.970566, 1.1441267, 0.9523146, 0.92313516, -1.0490748, -2.374933, 0.47815135, -0.37933683, 0.009837129, 0.056951504, -0.24910456, 0.31451482, 0.5629346, 0.10693188, -0.37297103, -1.0220189, -0.008307709, 0.9591428, -0.35177547, 0.32380328, 1.1186646, -0.78924745, 0.14605238, 0.06574576, -0.35048968, -0.8026223, -1.8128482, -2.9022698, 0.9320472, 1.5911274, -3.543616, 0.10716463, -0.11500755, -2.5449638, 1.6919334, -2.3697877, -0.23192763, -0.037194956, 0.08607543, 0.10263548, 0.01877298, 0.5168074, 0.20299873, -0.7481395, -0.40097633, -0.9565613, -1.3875308, -2.136882, 2.6494296, -3.3486586, -0.9565391, 1.7646762, 1.3634135, -1.062252, 1.7026182, -3.303452, 0.18040638, -0.48374742, -0.3564243, 0.40510917, 0.0042428635, -0.41641894, -0.035879448, -0.1011354, 0.54654694, -0.3817319, -0.5758489, 1.1405634, -0.28462142, 0.825002, 1.0740262, -0.8216893, 1.5627354, -1.5772711, -1.9638202, -1.2629395, -0.19211128, 0.08863013, 0.6925063, -0.5579362, 0.68348503, 1.1298205, 0.73144025, -4.849224, -1.0628814, -3.141367, 0.71523106, -0.09873924, 0.4206342, 0.3371416, -0.0842621, -0.2512691, 0.062805, -0.7578793, 0.16249566, -1.7688079, 0.96409947, -1.2971705, 0.05518615, -0.23433995, 1.1056228, 0.34113097, -0.5579323, 0.7087429, -0.97247225, -0.47719273, -1.1755457, 0.74706733, 0.2549385, -0.48264948, -2.022045, 0.12264452, -0.5852823, -1.9990691, 1.2463331, -1.5615582, 0.006498302, 0.24629024, -0.09675596, 0.28324956, 0.14247744, 0.12444228, 0.23537187, -1.3397952, 0.38537288, -1.7283347, -0.69358027, 1.047603, -0.43595943, 0.8529515, -1.7882063, 1.9707508, 1.6379004, -4.3409185, -2.9971488, -5.209415, 0.010247693, -0.19214515, 0.0048151584, -0.3216868, 0.53032094, 0.1104257, 0.48970076, -0.3801971, -0.15048505, -0.06695043, -0.093123585, 1.0511928, 0.24406917, 0.19025451, 0.43935254, -1.1136286, 0.23817699, -0.1874059, -0.69210577, -1.558214, -1.4823376, 1.5687373, -0.9365355, 0.63480633, -1.5352783, 1.7408965, 0.102928594, -3.3875387, -0.48884177, -0.47268376, 0.68189937, -0.8866104, 0.30032998, -0.46218824, 0.32334217, -0.027912648, -0.20674571, -0.015647545, 0.19263732, -0.5704732, -0.37523198, 0.6059184, -0.27767053, 0.021039406, 0.64479154, -0.28460622, 0.94967633, -0.57346314, -0.5868732, -0.2951206, -0.22359996, -0.77806437, 0.53916734, 2.9915907, -3.2836924, -1.616547, 0.19609408, -0.841189, -0.29032752, -1.0480441, 0.86995494, -0.31190285, -0.08719692, -0.6080369, 0.7780937, 0.07048843, 0.1294572, -0.530118, 0.037398007, -1.5063088, -0.4548273, 0.48619732, -0.8253709, -0.28240803, 1.5565623, 1.1438473, 0.0141120935, -4.217833, -0.6542753, -2.689215, 0.8278583, -0.02034976, 0.12614202, -0.100942425, -0.9581911, -0.30475408, 0.0034711962, 0.12737487, -0.67244273, 0.7851616, -0.36444506, 0.5829601, -0.67217577, 0.26021188, 0.2638588, 0.106379695, -0.119582176, -0.57004446, 0.25492966, -0.95356953, -1.6371409, 0.19722652, 1.3726293, -1.5102916, -3.8164122, 2.7041578, 0.677679, -1.8320042, -1.2231951, -2.8723557, 0.015532183, -0.16931842, -0.5393846, 0.976245, 1.1264689, -1.9124154, 0.93320405, -1.8818334, -0.041067917, -1.5689292, 0.1746352, 0.17405684, 0.14111052, -0.5292546, -1.0130677, 0.24275653, 0.33219814, -0.074525855, 0.028191326, 0.20266503, 2.47571, -1.9929922, 0.98921365, -2.3393307, -3.3443437, 1.2537496, 1.5776373, 2.5092456, -0.70522475, -0.5275028, -0.07792647, 0.9560742, -1.255524, 0.2035618, 0.7958592, -0.5896305, 0.52014446, -1.7763548, -0.0025337883, -1.6656549, -2.5394099, 0.89804125, -0.102654696, -0.6068183, -1.4252986, -0.9223089, 0.55481976, -3.1950598, 1.9269315, 1.7059005, -0.98410165, -0.713046, 0.9992393, 0.54132044, -0.73222744, -0.030908799, 0.2779101, -0.5573396, -0.09783778, -0.69472307, -1.050174, 0.09941221, 0.034246862, -0.6840128, 0.022649713, 0.4867836, 0.45418993, -0.28138873, 0.35279387, -0.15576667, -1.3584352, 1.8060186, -3.0049374, -2.7144835, 1.0550514, -1.0975037, 3.8255923, -1.9618689, -1.7515304, -2.1923409, -0.53515327, -0.3237987, -0.1777704, 1.3192587, -0.9039114, 0.46458247, -0.6301646, -1.0059347, -0.12586373, -3.0126214, -0.29113632, 0.4385769, -0.18518978, -0.8067168, -0.24990888, -0.3023305, 0.91733897, -0.16925494, 0.16039291, 0.4714425, 0.09638748, -1.0950911, -0.83128434, -1.6751301, -1.4057174, -0.06621782, 2.1721377, 0.20794097, -0.71697533, 0.5886844, -0.81644446, -1.2654073, -0.1666525, -0.1038282, -0.6020713, 0.25957102, -0.04762226, 1.1943151, 0.04707971, -3.5153475, -1.3000267, -0.89663386, -2.5596442, 2.434046, -1.3406577, 0.784201, 0.21657005, -2.4920506, -1.6805011, 1.6239064, 0.85397565, -1.1846676, 1.6414028, -0.59338236, -0.80982107, -0.037850626, 0.109784424, -1.9274005, -0.6530932, 0.5729177, 0.07992664, 0.12119065, -0.2854016, 0.55135643, -0.6588269, 0.5244927, 0.21578272, -1.6015369, -0.7336104, 0.6798343, -1.3036181, -2.5668416, -0.12327265, -2.2679267, -1.8699318, -2.8907537, 3.6698427, 2.69774, 0.19244736, -0.44168767, -2.4394927, 0.34974912, -3.2248037, -1.2604425, 0.24459825, 0.27815607, 1.5606627, -1.041606, -0.13388015, -0.69670343, 0.5079749, 0.3036167, -0.4793633, -0.44458523, -0.076947, -0.23012288, -0.05385894, -0.31977382, 0.48855433, 0.3152664, 0.15985455, 0.4585083, -0.05776057, -0.9836786, -0.6264005, -0.8025863, 1.0486176, -0.16113275, -0.40502614, 0.06386352, -2.606631, 0.5116354, -3.208771, -0.87096596, 0.36701506, 0.31773958, 1.189174, -1.5449022, -0.08398077, -0.7250111, -0.41884977, -1.3799771, -2.2016413, 1.1873596, -0.5509966, -0.22203957, 0.6067269, 1.8211946, -1.0058159, -1.8045918, -0.9224912, 0.43341842, 1.3360717, -0.6692751, -0.6192902, -0.86773324, 0.107131384, -3.199316, 0.7925994, -0.20789176, -1.2042898, -0.55982006, 0.21271476, -0.049926102, -0.26927242, -0.49061048, 0.34653986, -1.1000313, 0.48846567, -0.6362656, -0.71693367, -0.94226724, -1.2913465, -0.23437715, -0.8733855, 0.416601, 0.5297658, -0.22443882, 0.29036766, -0.21612923, -0.7870402, -1.0624051, -2.2384398, -0.15868975, 0.9440745, 1.1924448, 1.11454, -0.3449803, -1.6312375, -0.19354987, 0.19108309, 0.23996522, -0.5024023, -0.33177102, -0.054270037, -0.19707407, -0.281523, -0.1348145, 0.34489357, 0.21472853, 0.47385997, 0.50495636, -0.049121674, -0.45174932, -0.3733536, 0.53225, -0.75067097, -0.09463775, -0.032073885, 0.13601306, -0.8233196, -1.5790381, -2.0389712, 0.87981796, 1.0358464, 0.14355251, 1.1735717, -0.19402331, -1.6883894, 0.30061194, 1.3650774, -1.5766444, -1.038498, -0.8575262, 0.34485003, -0.237274, 0.8841902, -1.939087, -2.586116, -0.3001944, 1.4605832, 0.9373755, 0.061753035, -1.4799566, -0.73581976, 0.93461186, 0.52527314, -3.209608, -1.1057842, -1.773966, 1.0806706, -0.07996818, 0.008834728, -0.5352207, -0.060897373, 0.6596285, 0.0021811605, -4.4120784, -0.80260944, -3.9066532, -0.09153311, -0.05464814, -0.16197579, -0.043176685, 0.004298568, 0.055793863, 0.01695556, 0.04479868, 0.10009856, 0.0050155544, 0.13133198, -1.9816523, 0.24002422, 0.0021943105, -0.3843862, 0.09331062, 0.069725454, -0.049170986, -0.66197443, -0.007463887, 0.39380908, 0.16704394, -0.6940003, -0.411641, 0.23599787, -0.30116367, -0.2148324, -0.030492533, 0.28091648, 0.238635, -0.50101376, 1.3846191, -2.0386767, 0.22673568, -0.3969366, -0.4861854, 0.6888823, 2.493398, 0.06478213, -1.8576059, -0.1689779, -1.1865028, -0.38551036, 0.4414984, 0.4867593, 0.2663089, -0.021964129, 0.32668433, -0.28111517, -1.14227, 0.2634543, -0.9222394, -0.7274361, 1.2836467, 0.04545794, 0.016431939, -0.30021212, -0.026473105, 0.010495414, -0.14156204, 0.44915158, -1.1459894, 0.1856029, -0.25858614, -0.032440156, 0.39355585, -0.11358983, 0.0895224, -1.1000617, -0.07898672, 0.23638791, 0.1291923, -0.07818452, 0.65107876, 0.049691938, -0.19039008, -0.20766452, -0.06680309, -0.06761641, -0.7161782, -1.0477837, -0.28111896, 1.1993998, -0.86627996, -0.3852713, -0.17456475, 0.6929059, -1.7648555, 1.3337877, -0.23957847, 0.20958826, -1.6335831, 0.042325098, -0.14746583, -1.0475667, -0.21440688, -0.56337714, 0.5489575, -1.5912981, 0.22043687, 0.1948548, 0.35808027, -0.33485714, 0.16839977, -0.20685737, -0.6503449, -0.122876264, -0.26366612, 0.5595642, 0.25532433, -1.0611155, 1.9036232, -0.4093189, -0.08849177, -0.9288739, -0.13103744, 0.62068355, 0.44750553, 1.2399929, -3.2977204, -0.12912866, -0.19992235, -0.23056273, 0.10944682, -1.1745987, 0.07056464, -0.007462295, 0.0131193735, -0.279435, -0.61257154, -0.72321564, -1.2101355, 1.0298649, -0.27272028, -0.20629886, -0.056905024, 0.7049039, -0.8929368, -0.080265336, -0.06564199, -0.36408764, -0.3809196, -0.11989804, -0.26519296, -1.4066898, -0.47399417, 0.030561272, 1.4174083, -0.9116412, -0.58728707, -0.8951656, 0.37846726, -0.086502664, -0.32939413, -0.28710353, -0.11084258, 0.8254573, 0.17936611, -0.31854945, -0.26249996, 0.36424997, 0.05093698, -1.6123043, 1.1685306, -0.62260056, -0.26796973, 1.0954605, 0.10769102, -0.9758777, -1.4510512, -0.3589263, -0.33107185, -0.8219275, -0.12764834, 0.48433298, 0.25853953, -0.81396115, 0.21580283, -0.36332104, 0.6611935, 0.17533642, 0.07462793, 0.30962238, 0.6276711, -0.31850484, -0.9192357, -0.58447, -0.027332662, -0.1234048, 0.037703495, -0.86622816, 0.39572474, 0.11030018, -0.38489023, 2.1294923, 0.60185206, 0.61808825, 2.107091, -0.12867361, -7.384949, -0.31222218, -0.39620686
-0.04821899, -0.5184438, -0.38170126, 0.16815911, 0.06709876, 0.20993553, 0.06281239, 0.53406477, -1.2590584, -0.93608975, 1.9613069, 1.0778104, -0.20061763, -2.7725701, 0.42306203, -4.5197854, -2.8997984, -0.46261746, -0.6576005, -0.61961305, -1.0049772, 0.2138097, 0.60277724, -0.102657765, -0.78950405, 0.36677873, -0.17908084, 0.73373735, -1.2767893, -1.1468992, 0.5882366, -1.459861, -0.575702, 1.337127, 2.4144034, 0.742425, -1.4667857, -3.153574, 0.036533933, 0.21071504, 0.35834086, 0.5811818, -1.8029336, -0.66354114, 0.25367618, -0.51863647, 1.173094, -1.7456541, -0.04213092, 0.22529761, -0.036817845, -0.3953958, -0.43465656, 0.8626319, -0.6704016, 0.6174778, -0.022598788, -0.24745604, 0.5880294, 0.10356546, 0.5770243, 0.44872454, 0.40847212, -0.4007804, 0.38328874, -2.3237245, -0.5930835, -0.52085185, -1.0152807, -0.26034832, 0.66998845, 0.3725935, 1.1910723, -0.6636966, -0.17704627, 1.740337, -1.8485674, -2.7320416, -0.1255131, -0.17024468, -0.32120693, -0.12855014, -0.6072971, 0.24260749, 0.31957287, 0.19404958, -0.10547132, 0.31333572, 0.4444439, -0.89306813, 0.21324779, 0.051867247, -1.7848275, 0.94498366, 0.5956621, -3.2664826, -0.67320955, -2.3706636, 0.18621923, 0.16908404, 0.06798114, -0.03868581, -0.33809876, 0.5193761, -0.3122112, -0.11407992, -0.24457124, 0.1569089, -1.3734219, 0.58983535, -0.8362195, 0.76377404, -0.18747923, 0.23369634, 1.7850193, 1.3261166, -5.11804, -4.342783, -0.8099729, 1.1808637, 0.31547993, -0.41314524, 0.12250634, -0.33757952, 0.39256576, -0.8180535, 0.13164647, 0.22615433, 0.023313409, 0.29681596, 0.3788592, 0.50835276, -0.13111892, -0.75950396, -0.28314176, -0.24594343, -0.37604383, -0.007919778, 0.08567489, -2.4121842, 0.5320539, 0.6746067, 0.81588405, 0.37905902, -0.61051995, 0.098610826, 0.19717559, -1.0860057, -2.5426083, -0.53440154, -0.019865919, -0.011778192, 1.361805, -0.15865475, -2.1035862, -0.24871832, 0.59047437, -1.2475975, -0.06719428, 0.17345923, -0.39781243, -0.09449517, 0.22232257, -0.7114289, -0.21118502, -0.65612787, 0.19544588, 0.32589388, -0.08199799, -1.0400192, -0.6126231, -0.4013117, -0.7698164, 0.068295754, 0.55835867, -0.91942847, -0.617656, 1.2695106, -0.24404843, 0.106642894, -0.44215342, 0.64879024, -0.8945997, -0.4855501, -0.101994865, -0.083085656, -0.17658184, 0.4848779, -2.2128627, -0.29242465, -3.23749, -1.0334238, 1.88026, -0.36049107, 1.1535443, 3.3765597, -2.075165, -1.3109431, 0.46743184, 0.47166058, 0.7490037, 0.009328837, 0.51716435, -0.84152126, -0.30001315, -1.1582706, 0.029813264, -0.5098901, 0.27112857, 0.26974943, 1.0183804, -0.687914, -0.17140144, -0.049697205, 0.06572442, -1.274365, 0.2939397, 0.04296021, -0.08947493, -1.9870533, 1.1234791, 1.227122, -1.2635763, 1.1146936, -0.9825814, 0.29419386, 0.23072407, -1.5669812, -1.1899036, -0.890343, -0.14482066, 0.9285121, 2.034802, -0.82367545, -1.429132, 0.28798202, -0.35733533, -0.7680156, -0.84183735, 0.39181095, 0.26525566, -0.64314353, 0.5092781, 0.15413508, 0.50069535, -0.61520284, 0.10973592, -0.35429123, 0.090509325, 0.9968913, -0.47267368, -1.1186332, -1.4163806, 0.40587258, 0.6340707, -2.1185102, -0.3391423, 1.3501347, -0.52890784, -0.30655813, 0.11817466, 0.30151027, -0.3059215, 0.010117664, -0.3852547, 0.6993014, 0.07506054, 0.08789784, -1.6662902, 2.247931, -0.749349, 0.9805541, 0.7353132, -2.9210072, 1.5323879, -0.97464824, -0.5943234, -1.0830725, -0.043334976, 0.14519425, 0.3618996, 0.19798356, 0.24261224, -0.8397996, -0.115474366, -1.3478713, -0.66860604, 0.43313643, -0.3790777, -0.09572061, -0.2777135, 0.7076852, 0.48113933, -0.79773855, 0.3079265, 0.06729727, -0.5036416, 0.065449625, -1.5705985, -0.07806885, 0.374997, 0.21020107, -3.1214416, 0.32641312, 1.6843513, 1.4388818, 0.1581731, -0.74234164, 0.27907732, -1.3913918, 0.32401842, 0.846451, -0.53736395, -0.15236072, -2.2162182, 0.6455079, 0.2672121, -1.1458035, -0.58575463, 1.267202, -0.15934779, 0.14268917, 0.818645, 0.18754725, -0.042603604, -1.5371159, -0.437492, -0.651312, -0.33254126, 0.51727104, -0.49295563, -0.22427285, 0.70268404, 0.478458, -0.2540158, 0.17480671, -0.20730352, -0.33751544, -0.15924999, 0.5536284, -0.3592039, 0.094145514, -0.9792493, -0.12326389, -0.42476675, -0.093666084, -0.114800826, 1.0696453, 0.17143133, 0.6886635, -1.2924491, 0.2206186, 1.7945231, -0.8973775, 0.84215504, 0.8424944, -1.1057488, -1.4921129, 0.20967734, 0.7641661, -0.16271594, 0.67907983, -0.4754943, -0.34891495, -0.11194805, 0.034536168, -0.75015694, 0.54509884, 0.061770685, -0.28426373, -0.014283222, -0.4245912, -0.19575964, -1.5017601, -0.40737963, 1.3571054, 1.0148695, 0.0009499779, -0.012942265, 1.4654518, -0.36924794, 0.13243239, -0.8917244, 0.44632983, -0.029617926, 0.7974686, -0.5315711, -1.9169436, -0.4466975, -0.18333778, 1.0069162, -0.24020302, -0.18020932, -0.6913493, -0.64141446, -2.855105, 0.0034162272, 0.005492486, 4.332975e-05, 0.5055667, -0.19186941, -1.4761399, 0.7892889, -0.8844532, 0.063991986, -0.69597745, -0.19150999, 0.648012, 0.19257514, -0.64250726, -0.48156568, -0.28130692, 0.72608674, 0.18593635, -0.3720861, 0.280497, 0.1411142, -0.10076146, -0.516423, 1.6548611, 0.451082, -0.434282, -0.50234073, 0.377131, -0.7800005, -0.89939165, -0.18036926, 0.6724809, -0.2230194, 0.33358583, -0.26199558, -1.0036376, 0.62966466, 0.4420549, 0.18839416, 0.021918016, -0.21028917, -0.02157699, 0.29173273, 0.6986966, 0.4062065, 0.8195196, -0.09567294, 0.1196865, -0.2687463, -0.91026443, -0.35125437, -2.0657141, 1.2850333, 0.653962, -0.13724646, 0.027754627, -0.23813388, -1.6038635, 0.15491751, -1.008984, -0.82785374, 2.0761616, 0.31276476, 1.0015112, -0.6053542, -1.061494, 1.2247418, -0.3129457, 0.67297393, -0.18049234, -0.85731393, -0.36791795, -0.78501076, 1.7137225, 0.46888107, 0.091541834, -1.9712727, -0.5280215, -0.33902672, 2.768338, 0.89872897, -2.2737718, -0.2703561, 1.0195838, -1.08103, -0.9692802, 1.184495, 0.07647797, 0.6011105, -1.7850136, -0.13436048, -0.3849124, -0.58097756, 0.41133535, -0.22544147, -0.50506103, 0.7188842, 0.6036015, 0.10202866, 0.9447493, -0.18525334, -0.7667376, 0.030031595, -0.034134936, 0.8806251, -0.5503835, -0.16732498, 0.7753329, -0.6397214, -0.1431969, -0.28172207, -0.26554948, -0.9628487, -0.35871577, 0.43101454, 0.22489128, 0.44799602, 0.11610419, 0.22054057, -0.39896822, -0.021078356, -0.27975935, 0.0613917, 0.70270634, -0.066572174, 0.70033455, 0.82298934, 0.41379085, -0.32955807, -1.5085124, -0.83693665, -2.292127, 0.12299069, 0.72068363, 1.2411991, -0.759103, 0.9179864, -0.8013392, -0.755757, -0.6179456, -0.37886867, -1.7601186, 0.08095456, -0.4120673, -1.4781393, -1.8540387, 0.40517554, 1.3627334, -0.018276181, -0.42625445, 0.10835167, 0.32595322, 0.091395855, -3.1367679, -2.5545819, -0.98372895, 1.9916313, -0.5007131, -0.38881773, 2.784521, 0.77810436, -4.019372, 0.46751592, 0.7085678, -2.023477, -4.2928243, -0.26363525, 1.4964689, 0.77401686, -0.22989991, 0.38902515, -0.58009017, 0.68271244, -0.7888556, 0.1339826, -0.43735203, -0.316418, 0.497903, -0.14222528, 1.094856, -0.04397084, -0.7023927, -0.7507674, -0.35204175, -0.23438431, 0.5307207, 0.23652852, 1.468879, -0.5624103, 1.7138432, -0.9214421, -0.7842889, -0.1785403, 0.38956878, -0.50460726, 0.2952012, 0.01664865, 0.014495083, -0.12180599, -0.62531596, 0.31099716, 0.07752986, -0.46731168, -0.40575573, -0.17048751, 1.8114097, -0.18612574, -0.23001327, -0.51721686, 1.0942283, -0.99954057, -1.78246, -0.8347973, 0.7384397, -0.9365062, 0.5538859, 1.2884926, -1.0373257, 1.2555038, 0.5581463, -1.2665676, -2.3025527, -0.9399013, -0.90906763, 0.008828803, -0.69775707, 0.6024249, 0.874286, 0.3084017, -0.5364818, -0.6304019, 0.39220113, -1.300944, -3.552634, -3.5534823, -2.0807083, 0.5275871, 1.511382, -0.034218773, -1.4410193, -0.40752587, -2.439175, -1.8172925, 1.4585689, -0.96375144, -3.6936316, 1.1274518, -0.71080995, 1.9588221, -0.66126585, -0.169421, -1.2297803, -0.065161094, 0.66364413, 1.2729388, -0.20277435, -0.07339668, -1.0926566, -0.34067044, -0.25112304, -0.21628904, 0.03506255, -1.2388629, 1.4077332, 0.83575, -0.44809017, 1.0337781, 0.74856734, -0.17071356, 0.119917914, -0.6934366, -1.3217334, -0.27489933, 0.96719235, 0.37236837, -0.119735144, 0.3564289, -0.08395222, -0.52810925, 0.18567774, -0.47513187, 0.303625, -1.1053008, -0.14662476, -2.166672, 1.5665809, 0.4032561, -1.5117669, 1.7846686, -0.9708276, 0.3867414, -1.2244835, -1.205713, -2.03348, 3.0019288, -2.43545, -0.034123734, 2.2292745, -1.4130363, 0.18015657, -1.3638829, -0.57573354, 0.055107616, 0.10192239, -0.9717083, -0.34277096, -0.11419996, 0.3042113, -0.055931818, -0.05197086, 0.20578714, 0.39534995, -2.814787, -1.4832431, -1.8793494, -0.7004722, 0.5038456, 0.9864496, 1.0981667, -1.0259932, -3.86528, -0.51328486, -0.51237196, -2.2678237, 4.2542877, -2.0651615, -1.4425926, 1.7153401, -2.5834436, -0.1115184, -0.654883, 0.018263707, 0.16606362, -0.5593474, 0.9480626, -0.0919684, 0.43005013, 1.0039042, -0.007390586, -1.7492661, -0.5264808, -3.4876518, 0.7793041, -3.8045816, -1.4634008, -1.7241672, 0.04487156, 0.526368, -0.20721872, 1.2644309, -0.6082041, 1.786296, 0.8266808, -0.05146682, 0.34121734, 0.15787715, -0.2958619, -0.16114865, -0.12111431, -0.0015547746, 0.10173201, -0.7276327, -0.41035965, -0.2588243, -0.44907767, -0.24140888, -0.8615874, 1.3106041, -0.96605074, -0.1811872, -0.28506607, -0.18362434, 0.57526296, -2.6846406, 0.23453318, -0.3786075, -0.6373687, -1.0819484, -0.8114665, 0.3993889, -0.16868998, -0.61561173, 0.34750578, 0.58277804, -0.24963771, -0.38672423, 0.047904506, -0.42285547, -0.2677339, -0.45177865, 0.13388786, 0.19451976, 0.3506667, -0.35553423, 0.054458007, -0.7645711, 1.2279437, 0.663816, -0.41287223, 0.33716363, -1.0800881, -1.388354, 0.17493185, -0.9112821, -0.68222654, 0.4692282, 0.13731569, -0.06797947, -0.5833106, 0.1531538, -0.46757603, 0.27428874, 0.25035548, -0.67457134, 1.9881229, -1.0335267, -0.6671993, -0.4025114, -0.2848004, -1.3983145, -0.22247393, -0.6922563, 1.0197605, -0.76857024, 0.08318856, -0.80594134, -0.05516642, -0.13699053, -1.4481605, 0.09460798, -0.26756355, 0.035075273, 0.2270789, 0.33357033, -0.118658826, 0.63034546, -0.6422245, -0.19650784, -0.25324413, 1.828557, -0.082051985, -2.163988, -1.6423433, -0.7603669, 0.15425871, 0.42705116, 1.2068697, -2.1978266, 0.39241394, -0.26647562, 0.276441, 0.65283287, -0.10185181, 0.5180646, -0.42080945, -0.27992216, -0.110045604, -0.7632298, -0.21103323, -0.5286784, 0.61937463, 0.019827725, 0.15523204, 0.8288427, -0.2823578, 0.8313567, 0.07539788, -1.9412463, -0.5648078, -0.054512933, 0.16064677, 0.33962628, -1.0394031, 0.972416, 0.24755819, 0.20039357, -0.7238544, -0.9816589, 0.5435608, 0.38915256, 0.44220093, -1.445273, 0.26714215, 0.21994348, -0.27412966, 0.13580668, -0.5555707, -0.23372772, -0.08170014, -0.4855529, 0.12836513, 0.18144745, -0.91601855, -0.1575506, 1.0688927, 0.10354627, -1.6961898, -0.6704197, 1.988072, -1.051528, 0.5719366, -0.94729316, -0.30990967, 0.98329836, -0.49853954, 0.031582892, 0.036557227, -1.1135901, -0.077580325, -0.030767381, 0.51292145, -0.16539727, -0.8797506, 0.78127664, -1.394478, 0.4353448, 0.5610285, -0.5562323, 1.6456225, 0.24853292, 0.64651847, -2.3018754, 0.28787217, -0.80391294, -0.7820725, -0.1962257, -0.85275686, 1.3909483, -0.91607594, 0.6992541, -1.1738495, -0.2694272, -0.075466804, 1.2854432, -0.68015575, -0.20709467, 0.9029451, -0.1262973, -0.12099302, -0.2032559, 0.12072681, 0.18675551, -0.23066579, 0.6114418, 0.48297536, 0.30435836, -1.345189, -1.3835652, 0.52720636, 0.8719418, 0.21678485, -0.3436456, -0.7342478, 0.31645578, -0.57769877, 0.38882715, 1.8750856, -0.95230114, -0.13633262, 0.42859367, 0.07508698, -0.6741947, -0.2625156, -0.14481008, -0.1541215, -0.74959123, 0.12553234, 0.10306901, 0.056189824, -0.43123114, 0.36614954, 0.70150006, -0.21378171, -0.43923968, 0.4678194, -0.3373887, -0.31993648, 0.751273, -0.7210556, -2.4540455, 1.1746559, 1.9058167, -0.076341845, 1.2004546, -0.5647667, -0.42360458, 0.45998642, -0.30410975, -0.14328824, -0.10916757, 0.4219246, 0.17603055, -1.4599036, 0.092757866, -1.1783847, 0.18004785, 0.9042731, -0.81320524, 2.568722, 3.5842242, -4.032921, -2.9312985, -0.4181336, -0.41331318, -0.47306463, 0.2756162, 0.10581584, 0.68260854, -0.35322487, 0.8831843, -1.7922252, 0.72136533, 0.26195285, -1.2340173, 0.06797455, 0.9473545, -0.004295216, -1.4243582, -0.28655088, -0.23515278, -0.2513497, 0.64521044, -1.5573901, -1.2605945, 0.5658357, 0.55845207, -1.7918348, -0.06455758, -1.1042204, 1.1661034, -0.4374274, -0.4400206, -0.75563693, 0.2629432, 0.14617734, 0.73178834, 0.261544, -0.30495763, -1.648773, 0.462708, -0.97740835, -0.8416453, 0.08048982, -0.7178873, 0.4863312, -0.26552325, 0.08550593, -0.14997949, 0.32101655, -0.14473107, -0.40655702, 0.44447964, 0.17198342, -1.3666257, 0.7985066, -0.44403884, -0.34699073, -0.2576514, 0.1570853, -0.70870966, -0.28900337, 0.7959335, 0.5820398, -0.31992668, 0.397554, -0.33412448, 0.46983522, 0.261617, -0.69813347, -0.085308865, -0.46266386, -0.10997827, -0.2719024, 1.9727371, -0.9773121, -0.17000486, 1.0776907, -1.6834847, 0.6335607, 0.22030489, -0.19313143, -2.459509, -0.400122, 0.5206186, 0.1888231, 0.19321327, 0.03690849, 0.044321112, -0.8216983, 0.016750742, 0.17344482, 0.1669837, -0.023147915, -0.6116484, 0.49031088, 1.1775784, -0.9797753, -0.8122439, -0.42992234, -0.46116933, 0.35056058, 0.55822045, -1.5538927, -1.402886, 0.8515401, 0.39826584, -3.0230043, 0.29832533, -0.7986718, 0.36394647, -0.04149307, 0.34776637, -1.7370036, -0.18032052, -0.5706388, 1.3993428, 0.16245641, -0.004489084, -0.90665096, -0.43613523, 0.103277706, -0.34643608, -0.30665275, 0.11841644, -0.30898055, -0.9829315, 0.37755027, -0.068136945, 0.056921106, -0.29435053, 0.33025557, 0.2879939, -0.4966935, -0.22832912, -0.23993093, 0.29213738, -0.65774757, -0.6199419, 0.13907076, -0.9453617, 0.75832486, 0.4705687, 0.029130101, 0.76928234, -0.3009666, 0.11064239, -0.30355835, 0.056130037, -0.16219011, -0.69129455, -0.2224418, 0.7677669, 0.060466055, -0.48209897, 0.10489335, -1.9734107
1.5042596, 1.6679734, 0.194207, 0.65678275, -0.33707204, -1.6157224, -0.49651253, 0.087062545, 0.3061278, -0.03429415, 1.5788746, 0.10555615, 0.38996664, 0.3847904, -0.35195434, -1.7782831, 0.12045251, -0.084464796, 0.98101014, 0.001128892, -1.1952583, -0.79094976, -0.23245884, -0.7721994, 0.10976867, 0.36684197, -0.9693867, -0.47970712, 0.67055523, 0.3305033, -2.0990536, 0.28727585, -0.48619178, 0.7982631, -0.92768896, 0.1685342, -0.4737224, -0.7796914, -0.037604205, 0.18273085, -0.61962575, 0.15920344, -1.1273321, 0.2702153, 0.24060728, 0.11561661, -0.7051034, 0.5018838, 0.50950444, -0.10937395, 0.56727225, -0.63643926, -0.059951324, -0.15527794, -0.2958648, -0.389984, 0.32574147, -1.177794, -0.36854404, -0.13652454, -0.6758156, 0.058585487, 0.75251675, 0.00057198404, 0.27514556, 0.17896225, 1.0897675, -0.101060584, 0.2613887, -0.964388, -0.52150023, -0.5175965, -0.8501956, 0.74076265, -0.6006834, 0.8502395, 0.12517585, 0.46035242, 0.6069026, -1.8401384, 1.5940133, 0.16738857, 0.8061177, -0.83568186, -0.74781996, -0.862749, 0.067844175, -0.63539934, 0.5138281, 0.23292948, 0.00967256, -0.48680612, -0.096570544, 0.8960884, -0.28097895, -0.39975265, -0.37807682, 0.3003729, 0.3132566, -0.16521434, -0.5300307, -1.0254337, 0.30762854, 0.0786129, 0.17939568, 0.3093173, -0.15327787, -0.1061375, 0.18439028, -0.3246413, -2.283464, 0.3755681, 0.09942218, 0.47306466, -0.12232567, 0.24555577, -0.2357131, -0.33463398, 0.023803264, 0.20263818, -1.7313986, 0.19260679, -0.15639345, 0.75425243, -0.62515837, 0.20092611, -0.2006586, 0.8377417, 0.9174039, -0.9149048, 0.8810023, -0.61389023, -0.3869481, -1.2745656, 0.096237876, -0.65217644, -0.623611, -0.30072144, -0.0005506405, -0.14931773, -0.06590457, 0.52264726, 0.17992969, -0.206564, 0.39219776, -0.18098551, 0.65469044, 0.32420567, 0.38352937, -0.7712172, 0.16332461, -0.7170736, -0.6623625, -0.083188675, 0.30238643, 0.12947774, -0.09623058, 1.219744, -0.8082146, -0.43980944, 1.1714088, -0.14763601, 0.473514, 0.0023289064, -0.6665117, -1.3814968, -0.2610094, -0.046484828, 0.41560754, 0.4333583, 0.61563617, -0.8173811, -0.25451922, -0.24133626, 0.31021973, -0.3250861, 0.5720056, -1.108871, 0.9613397, -0.39345026, -0.6974329, -0.31135678, 0.49769977, -0.24916847, -0.22739474, -0.006767865, -0.5510122, 0.727918, 0.027857149, -0.6182298, -0.8115178, 0.975446, 0.30004078, 1.7583711, -0.5733633, 0.13815154, -0.19450662, -2.2625153, 0.10128194, -0.25890413, -2.510874, 1.0631694, 0.008859704, 0.2799319, 0.049852036, -0.04519539, -0.540368, 1.1077354, -0.3060323, -0.90183896, 1.729227, -1.8325276, 0.591654, -0.7858218, -0.72666353, -0.6265366, -0.96721345, -0.2569966, 0.17641874, -0.6530891, -0.79153305, 0.62714523, 0.45005465, -0.31910622, -0.1733114, 0.68678063, 0.18773067, 0.4636221, -0.23597832, -0.652591, 0.029027285, 0.41885296, -0.8431736, -0.74956894, 0.2595257, 0.12021947, -1.0170629, -0.4848299, -0.2969582, 0.036740664, 0.7459989, 0.039999127, 0.60649973, 0.28833213, -0.43207127, 0.11875382, 0.16113016, -0.0418398, 0.56574064, -0.11282985, -0.1138206, -0.95946586, -0.9362366, -0.2545205, 0.12868984, 0.122961886, 0.16142982, -1.0713426, 0.32021832, -0.34533882, -0.22748819, -0.7599342, 0.58555824, -1.2002208, 0.3608555, 0.29479343, -1.5763917, 0.7351352, -1.0953556, -0.5407807, -1.4830047, 0.66505, 1.0516042, -3.245559, 0.40474615, 0.40993643, 0.3817929, -0.54830146, -0.47303554, -0.645685, -3.146338, 0.5452933, 1.0978918, -0.50882995, 0.26827642, 0.8344575, -0.59559786, 1.2277038, -0.07058911, -0.28240973, 1.5299078, -0.69844484, 0.8254599, -1.8191714, 0.1550632, -1.1173483, -1.1432682, 0.47399443, -0.19677441, -0.52612066, -0.18542837, 0.9605146, -0.39594415, 0.66031116, 0.06784844, -0.7645344, -0.10575048, 0.3671039, -0.9633252, 0.19599375, 0.11487298, -0.65776384, -0.1757236, -0.7701327, 0.88466996, -0.11800116, -0.3821059, -0.3721426, -0.08692912, 0.00038990227, 0.2783731, 0.1542397, -0.48439753, 0.12659493, 0.69360495, 0.04252869, 0.3108067, -0.77562964, 0.109724216, 0.55171704, -0.06560894, -0.93186593, 0.072798416, -0.78355443, -0.15206231, 0.35506228, 0.30903614, -2.1660612, 0.11049244, -0.36249968, 0.1557291, 1.0629443, -0.12197782, -0.05522344, 0.037824653, -0.11099237, -1.2716845, -1.9318627, -2.013959, -1.0390174, 0.6235181, 1.715029, 0.475442, -0.080706835, -0.7882964, -0.1748089, -0.35765177, -3.063272, -0.80243886, -1.1518347, -0.037380658, 0.77532446, 0.15193804, -1.4029267, 0.013270726, 0.6424355, -0.33284163, 1.5188371, 0.5270407, -1.5525594, 0.9604359, -0.840896, 0.5586738, 0.40965483, -0.14702982, -1.4049929, -0.3886998, 0.19363947, -0.48774675, -0.59617877, 0.27611408, 0.78399354, -0.3890769, 0.5319222, -0.24169616, -0.114317045, 0.4088854, -0.7540461, 0.21658522, -0.26436806, -0.21408515, 0.2347049, 0.39245543, -0.46134517, -0.0016031808, -0.23752975, -0.11457636, 0.12911591, -0.42059413, -0.2894094, 0.008600246, 0.43615475, -0.7476401, -0.023328984, 0.13129361, 0.4716563, 0.12723611, -2.4678972, -0.17250778, 1.4750526, 0.1369397, -1.9141002, 0.38088876, 0.04046862, 0.60008204, -0.28495538, 0.3681722, 1.3089054, -0.5530443, -0.07691278, 2.1358514, -1.4620434, -0.54468983, 0.6397796, -0.47908947, 0.07511028, -1.2591068, -1.2875476, -1.0613947, -1.9063083, -0.02337581, 0.5333766, 0.40638438, 0.94560343, 1.1941316, -2.1065443, -0.009297137, -0.73558635, -2.162365, -0.107973, 0.35383037, -0.71135515, 0.20967202, 1.1219057, 0.07296065, 0.61293703, -1.8204445, 0.28144035, 2.3323147, 0.3277329, 1.360063, -1.2919194, -0.38576284, -1.2138596, -0.40766403, -2.5013885, -0.11946872, 0.380881, 0.123063155, -0.6984355, -0.045856647, 0.10806736, -0.22091486, 0.104327336, -0.19359729, -0.07643455, 1.1704794, -0.7365671, -0.3169446, 0.26542756, -0.766126, -0.010815085, -1.1605433, 0.6008738, 0.09772306, -0.40240362, 0.37426156, -0.17821983, 0.098486006, 0.3205656, -0.09536585, -1.0181302, -0.5139838, 0.5152965, -0.0498389, -0.12567084, 1.8303916, 0.06702475, -0.4035723, 1.1682338, -0.031211097, -0.50496703, -0.81417775, -1.8373432, -0.82380915, 0.91053593, 0.39224443, -0.2851888, -4.4002266, -2.5375583, 2.1724553, -0.42054787, -0.5487101, -0.95558524, 0.38929045, 0.11724948, 0.170403, 0.08496734, -1.3048359, -0.5639174, 1.1987897, -0.04190298, -0.08873055, -0.44526842, 0.13445476, -0.5364206, 0.8129411, -0.31695908, -2.8803551, -0.10053021, 0.868441, -0.5407546, 0.2122769, -4.08873, 0.41677648, 0.2675199, -0.24282856, -0.73161125, 1.395392, -2.3330684, 1.4589432, 0.863948, -2.225958, -1.835262, -0.7828531, 0.09175314, 0.7262488, 0.11724988, -0.4672588, -0.34059206, -0.1404839, 1.1006489, -0.15525666, 0.101999834, -0.10340742, -0.43874803, -0.9041659, -2.1524758, -0.111885354, 1.9320588, 0.1601196, -0.043363314, 0.15360913, -0.26177412, -0.11751837, -1.0105985, 0.8009532, -0.4766565, 0.4943267, 0.34297565, -0.289297, -0.05737129, -0.32603222, -0.25067884, 0.14970964, -0.70198965, -0.5936308, -3.343698, -2.493186, 0.41002753, -1.7247187, -0.43911403, 1.9162424, -0.080295786, 0.9264752, -1.9869988, -1.9339694, -0.20976616, 0.1844245, 0.60242677, -0.35171637, 0.07442491, -0.76686776, -0.024125483, -0.7500433, -0.44297892, -0.07893146, -0.07716644, 0.6800782, -0.8450253, 0.8339071, -0.6545984, -0.3796973, -0.46413544, -0.08042508, -0.23859982, 1.1466668, -0.6330354, -0.45710936, -0.29129955, -0.23379764, -0.32519367, -1.1853077, 0.42022115, -1.2462945, 1.1377107, -0.2921624, -0.8235034, -0.7378151, 0.41130233, -0.13449657, -0.17867827, -0.8689395, 0.2607701, -0.45908397, -0.3039195, -1.1430677, -2.0250545, 0.49926817, -0.7279421, -0.12683855, -1.0949016, -0.35544303, 0.7910238, 0.113552876, -1.2008629, -0.99020296, -0.011916584, -0.19772126, 0.037396852, 0.025390605, -0.3851887, -0.8794402, 0.45710206, -0.44605708, -0.54733855, 0.006761051, 0.30631945, -1.1673179, 0.28676283, 0.8436121, -0.31162223, -0.050241265, -0.6967394, 0.95902395, -0.8749453, -0.7277064, -0.5993505, -1.3209157, 0.20255943, -0.27230728, -2.2449138, 1.3473189, 2.072649, 0.87286335, -0.65967673, -0.22864829, 0.17148979, -1.0372827, -0.78290296, 0.76022476, -0.91207147, -0.3365252, -0.48812988, 0.95928264, 0.878925, -0.6541771, 0.48343372, 0.2634919, 0.10169441, -0.06440326, -0.8499731, -0.46147403, 0.34502384, 0.7884952, -1.1263833, 1.1140531, 0.98577565, 0.2647363, 0.4859596, -0.7668846, -1.6599879, -0.5084881, -0.3486696, -0.1305782, -0.63819903, 0.18739514, 0.95291215, -0.71274936, -0.26815957, -0.22843583, 0.055856403, 0.043807644, -0.2766779, 0.43110114, 0.2567932, -0.36286417, -1.8956655, 0.31825268, 0.378078, -0.7262224, 0.5231206, -0.0569355, -0.84277993, 0.51001793, -2.5098944, 0.19352968, 1.6030189, -0.4527685, -0.56970894, -0.09296424, -1.2474934, 0.16381899, 0.25428605, -0.13274422, 0.4594205, -1.9401515, 0.43239528, 1.4303359, 0.0939209, -0.25469, -1.9120855, 2.2717395, -1.6201098, -2.0670195, 2.3950062, -0.07468225, -1.7921067, -0.02341555, -1.308639, 0.40918332, -0.02647808, -0.41007033, 0.41685468, -0.9456467, 1.1226037, -0.42833444, -0.9226877, -0.80507517, -0.21095043, 0.69205946, -0.28568205, -0.26153407, -0.107334964, 0.09567628, 0.55415183, -0.57989573, -0.78093934, 0.23196429, 0.54032505, 0.21146962, -0.9827336, -0.6648639, 0.0057474053, -0.018620977, -0.34697908, -0.49065205, -0.69947696, -0.29922354, 0.664802, 0.22757623, -0.77094096, -0.33730862, 0.26402694, 0.27517197, -0.3883378, -0.023289943, -1.4000008, -0.41367254, -0.42569235, 0.72608626, 0.01097597, -0.002268266, -0.36168665, 0.4650407, 0.26866978, 0.13149238, 0.52670294, 0.3725988, -0.50584984, -0.9104374, -0.43233967, 0.8848936, -0.8706308, 0.2328556, 0.33270153, -0.023137063, -1.1087636, -1.230656, 0.2779097, 0.6081515, -1.0192666, -0.055638984, 0.3020623, -0.08769065, 0.11543957, 0.099803574, -3.3270657, 1.015806, -0.2949394, -0.12947108, 0.13963306, 0.5900751, -1.6537195, -0.058088467, -1.0249797, -0.26770172, 1.6359977, -1.316353, -0.68731457, 0.30334315, 0.1675434, -0.4981106, 0.7375871, -0.29223028, 0.3528767, -1.0735105, -0.08942001, -1.7002743, 0.70853555, -0.18721996, -0.6262733, 0.5618547, 0.0067173247, 0.41412017, 0.5523703, -0.25089774, -1.4277421, 0.8298166, 0.95661765, -2.0608218, -0.3671978, -0.9726899, 0.35587072, -1.0962461, -0.48083404, -0.37953478, 0.6839518, 0.32766995, -0.07402811, 0.06986732, -0.37693718, -1.226706, 0.3877555, -0.71711546, 0.13490917, 0.21591862, -0.040825598, -0.10643555, -0.40019953, -0.3867917, -0.10439116, 0.28934944, -0.23559676, 0.23589157, -0.02266412, 0.693379, -1.1252241, -0.24528287, -0.16522866, -1.0245534, -0.31354463, 0.3048915, -0.4890164, -0.030873662, 0.6124545, 0.015068585, -0.57295275, -0.20362665, -0.7763955, 0.5012045, -0.8252463, -0.16701347, 0.9517305, -0.3652935, 0.0694258, -0.33812657, 0.8102172, -0.7344456, -0.17069301, 1.9018297, -0.1650904, 0.55866337, -1.3688072, 0.011833827, -0.29514986, 0.33159003, -1.2110995, -0.55912215, -0.1572339, 0.59764045, 0.09431298, -0.453458, -0.030445471, 0.8170787, -0.32793447, -0.7292979, -0.664126, 0.3557586, 0.5484656, -0.17028041, -0.3258838, -0.024512323, -0.49343038, 0.5890588, 0.17769684, -0.65370136, -0.6829098, 0.49774885, 0.16413476, -3.0174773, -1.648762, 0.20459631, 1.4043005, -0.2195881, -0.93391716, -1.3422076, -0.15428042, 0.122897156, -0.37417412, 1.0517088, 0.24521908, -2.5201824, -0.35450798, 1.0188842, -0.09847873, 0.0723138, -0.576078, -0.4252022, -0.14022918, 0.75839233, 0.36125177, -0.023749432, -0.06664394, -0.3422859, 0.16897416, -0.053857826, -0.5299483, -0.52129525, 0.2890496, 0.17969707, -0.46327052, -0.25880334, -0.92680526, 0.5468757, 0.7580835, -0.11084464, 0.08756074, -0.94836515, -1.1117688, 1.0473164, -0.7980005, 0.5185672, 0.3528601, 0.14082651, 0.3367983, 0.3848368, -0.93539643, -0.6719405, -1.0354371, 0.5525725, 0.823653, 0.5765947, -0.12981728, -0.37768155, 0.080844395, -0.5341762, -0.40461567, -0.15107396, 0.15768291, 0.5138101, 0.44660038, -0.6091915, 0.519496, -0.8386266, 0.105246566, -0.32386306, -0.4778858, -0.16005322, -0.0066987495, -0.6221036, -0.46483278, 0.35295436, -1.3289781, 0.7405469, 1.2314805, -0.18898085, 0.06288418, 0.1823076, 0.9773567, -0.59526587, -0.10029872, -1.3686471, 0.8473726, -0.6911657, -0.88224435, -0.6771298, -0.5321186, 0.32285005, -0.11896649, -1.1840044, 0.57885, -1.2564073, 0.08988684, 0.490344, 0.13529734, -0.1060285, 0.19424202, -0.24052471, 0.30697396, 0.086178005, 0.17294155, 0.39330983, 0.577433, -1.299808, -0.4809925, 0.19950159, -0.84062314, 0.08675757, -0.5619073, -0.010634914, -0.41432852, 0.34920555, -0.27646583, 0.01054389, 0.694134, 0.0714383, -0.6540263, -0.71027076, -1.2540038, 0.18529958, 1.0563333, -0.120701715, 0.8026163, 0.18429847, -0.31091088, -0.41415802, -1.7653627, 0.3458023, -0.40860933, 0.1047556, 0.053540938, 1.319647, -1.0819927, -0.14210702, -0.07782358, 0.646437, -0.14120884, 0.040225554, -0.4859408, -0.42671436, -0.07982355, -0.8958131, -0.4798445, 0.9406111, 0.25765368, 0.67218673, 0.18814032, 0.25097996, -0.38207665, -0.018993419, -1.4938676, 0.023625288, 0.35134634, 0.15573338, -0.109841295, -0.5547488, 0.26268363, 0.6699062, 0.0229937, -1.7091843, 0.99754864, -0.2858619, 0.60445535, -0.78897643, -0.112518646, -0.31376934, 0.015922446, 0.17127125, 0.057856448, -0.36372104, 0.84180063, -0.30576316, -0.06603023, 0.19839932, -0.53599155, -0.025437582, 0.7333935, 0.056339715, -0.054775864, 0.8490447, -1.5106171, -0.114261955, 0.7112192, -0.31927487, -0.70955, -0.120065354, -0.38927242, -1.0311655, -0.4311692, -0.51228374, -0.8407523, 0.29331207, -0.34565672, 0.64251035, 1.2518556, -0.18664189, -0.10792293, 0.165613, -0.4322648, -0.074306756, -0.3199671, 0.36742017, -0.08533638, 0.61243975, 0.024316465, -0.21977223, 0.94381773, -0.5749324, 0.30127594, -0.065044165, -0.091360405, 0.9632169, -0.17670257, -0.60173535, -0.542296, 0.6236213, 0.047793098, -0.11239559, -0.3378655, 0.286078, -0.351175, -1.6504776, -0.0090093305, 0.105366975, 1.1744733, 0.9219044, -0.51199186, 0.4755697, -0.80410105, 0.92994785, -0.050506923, -1.1263514, -0.5179816, 0.43419877, -0.27740583, -0.62803316, 2.8084626, 0.5534229, -0.15792882, -1.7130566, 0.7016206
0.84037334, -0.5846056, -0.046042707, -0.2535256, -0.28508818, -2.1167247, -0.6329058, -0.28363374, -1.3383201, 1.0343881, 0.12350335, 0.05386494, 0.3553254, -0.012747002, 0.1350866, 1.2435186, 0.47133502, 0.15964594, 0.39200565, -1.4026045, -0.6139751, 1.0833389, -0.50403434, -0.5600623, -0.22629508, -0.33602294, -0.4044113, 0.6694029, 0.2899875, -0.0023791385, 0.6553408, -0.7862123, -0.02763896, -0.20881014, 0.66126114, -0.5200094, -0.054177526, -0.063379355, -0.6580305, -0.044625707, 0.035767224, -0.56430626, 0.49613214, 0.77505785, 0.04655341, 0.15507355, -0.28824502, 0.46031347, 0.3362719, -0.6085895, -0.25684637, 0.014069877, 0.01588929, -0.03485141, 0.77350783, 0.37011707, 0.11822066, 0.15027164, 0.1327346, -0.39459968, -1.4749516, -0.07688066, -0.22008085, 0.28525722, -0.0815107, -2.834404, 0.18247348, -0.47689542, 0.63453144, -0.74379337, 0.44187444, -0.006804046, 0.39704168, 0.19541912, -0.5900868, -1.2706908, -0.2198955, -0.19687068, -0.6185591, 1.1117613, 1.1317333, -0.45992848, -0.3574299, -0.09105492, 0.5707142, -2.5807283, -0.17610808, -0.72247803, -0.6248046, 0.7783515, -0.15854293, -0.3917529, 0.42351252, -0.055889796, 0.78079337, -0.15431778, 0.42245856, -0.06251457, 1.916845, -2.35008, -1.0024428, -0.059887122, -0.3488534, -0.7212625, 0.3679273, -0.26319683, -0.22577637, 0.27202326, 0.08938477, 0.13174658, -0.49320802, 0.4043602, -0.24202883, -0.6769215, 0.5883171, -0.36212474, -0.22520675, -0.5456215, -0.4363312, -0.048933864, -0.4218475, 0.09656833, 0.26436442, -0.015542479, -0.08799934, -0.028655369, 0.07531575, 0.3814484, 0.8241056, -0.6664533, -0.9548074, 0.7606479, 0.055374958, -0.4391005, 0.48438847, -0.8944134, 0.28672677, 0.08593548, -0.8048015, -0.52879626, -1.1103561, -0.25446227, 0.105346665, 0.5629788, 0.425897, -0.17171754, 0.3181042, 0.29383457, -0.27869332, -0.65266097, -0.30473757, -0.29668757, 0.24154508, -0.70185804, -2.3674622, 0.34093076, -2.8211434, -0.7638849, -1.4790217, 1.0840181, 1.1996111, -0.0022294922, -0.26798084, -0.49842966, -0.06689759, 0.575118, -1.0074532, -1.7399082, -3.18608, 1.0850644, 0.15523598, 0.28333542, 0.402166, 0.07986819, 0.347266, 1.6654071, 0.6847455, 0.10571098, 1.1250983, -2.0231278, -0.6894885, -0.69925195, -0.6530365, 0.4761331, -0.5215499, -0.084180325, -1.3800329, -0.096802965, 0.1823752, -0.04552804, -0.33595043, 0.115983255, 0.20234768, 0.4176876, 0.10138621, -0.58772045, 0.16822608, -0.13538481, -0.05897579, 0.07351586, 0.076131746, -0.6023472, 0.18113779, 0.22095451, -0.054736983, 0.39890644, -0.25705102, -0.0006591832, 0.34513208, 0.066745035, -0.84646523, 0.3623495, -0.07937218, 0.1149437, 0.39479557, -1.1802477, 0.24992077, 0.08568115, 0.09889339, -1.0760899, -0.081701644, -0.3636457, 0.084097005, 0.46356693, -0.08816493, 1.1242819, 0.26391894, 0.27474877, 0.46962544, -0.9452484, 0.08997945, -0.93040407, 0.4690852, -1.0461929, -3.253749, 0.30601794, -1.0317276, -1.0385718, 0.11103905, 1.3269714, -0.29859638, -0.26962152, 0.17513618, -0.79332507, -1.3386801, 1.2634133, -1.7206432, -1.6122881, 0.5408453, 0.8581828, -0.7547606, -0.77728134, 0.28562865, 0.29370096, 0.71553576, -1.4276794, 1.1615386, 1.4225608, 1.6595911, -1.6132232, -0.3889172, -2.9470484, 0.10633898, -1.6204199, -0.078509174, 0.7703946, -0.04430203, -0.4183028, 0.651598, 1.1478367, -0.26180133, 0.40421054, -0.7406338, -1.1780128, -0.14506899, -0.06436856, 0.011736596, -0.38753185, -2.195201, -0.60640544, -0.50106907, -0.5310876, 0.8392867, 0.7848159, 0.35485628, 0.49754363, 0.10869924, 0.13577846, -0.3006961, -1.1327484, -0.5139002, 0.643941, 0.04344434, -0.06199201, 1.4954325, 1.123397, 0.5185097, 0.80826044, -3.3856304, -1.1101649, -1.4359468, -2.5440404, 0.54456395, 0.886963, 0.99006957, -0.5131277, 0.48446682, -1.137796, 0.008078638, 1.7232791, -0.93551797, 0.2413794, -1.2070627, 0.80481756, -0.8268016, -0.6914298, 1.136069, -0.96638715, 0.9373604, 0.32397205, 0.22644901, -0.4227409, -0.6190234, -0.0301752, 1.0230985, -1.0876651, 0.71246165, -2.2417598, 1.1925592, -0.07227926, 0.2480067, -0.5357467, -0.16927077, 0.077200375, -0.13914545, -0.24220955, -0.31439042, 0.40589955, -1.2139872, -1.8831855, 0.046798557, -1.9130067, 2.348155, -0.24105586, 0.06860805, 0.92982763, 0.48970616, -0.6485523, -0.3289788, 0.43635142, -1.3927162, 0.12350653, 0.3604808, -1.4255594, 1.4360427, -2.0079472, -2.7531273, -0.9634898, 0.9574699, 0.22006549, -1.062979, -0.3658525, 0.05683386, 0.31901366, 0.5160972, -0.17937097, -0.10076403, 0.51664627, 0.02717767, -0.025355676, -0.38685456, -0.60687464, -0.081199065, 0.18838878, 1.4458694, -3.0689218, -2.6709566, -2.3615427, 2.1869059, -0.7742204, 1.0515437, -1.2734634, -0.22116874, 0.42991176, -0.5700086, -0.12100095, 0.5484683, -0.74239, 0.7371348, -0.29717833, -0.9102551, -0.8873778, -0.39978692, 0.009177159, 0.33579364, 0.25239733, -0.18842854, -0.3173133, -0.12325242, 0.24236873, -0.47421065, 0.19801748, -0.77828693, 0.26496574, -1.0773559, -0.16855222, -0.58793586, -0.17014979, 0.41337895, -0.905186, -0.2604899, 0.3901582, -0.117093325, -0.3726255, -0.022028243, -0.49138212, -1.0069963, -0.4940645, 0.45607415, -0.1617691, -1.0025011, 0.03024213, -0.08557295, 0.07219393, -0.49958226, -2.510154, -0.56474996, 1.3645118, 1.6562542, -1.7181479, -0.6084659, 0.32683042, -1.7294497, -0.44329762, 0.06335547, -0.25575292, -0.08312663, -0.9413298, 0.90300363, -0.87704355, -0.6435214, 0.078898214, 0.11251489, -0.28426385, -0.025107188, -0.37883994, -1.226202, -0.03523377, 1.0908147, -0.5532519, -0.0704693, -0.93809205, 0.20904727, -0.33927897, -2.443417, -0.6875816, 0.17221491, -0.1500424, -0.55500704, -0.2732757, 0.12791592, 1.6536858, -0.40946034, -0.89138395, 0.12553161, -0.6356477, -0.6015483, 0.1551249, 0.28593826, -0.7559276, -0.013326141, -1.3452966, 1.47077, -0.12688029, -0.852213, 0.9296952, 0.28056613, 0.54776174, -0.3244164, 0.004673456, -1.1179565, 0.33257514, -1.5307761, -0.8225422, -0.5389316, 0.2878901, 0.05145638, 0.28303698, -0.5676542, -0.31285334, -0.08800936, -0.16924098, -0.32899457, 0.24538997, 0.2944214, 0.6168541, -0.6629929, -0.64163107, 0.06446481, -0.14163734, 0.17938647, -0.13166414, 0.40005076, 0.15337637, -1.2177002, -0.12275066, -0.838848, -0.2823382, -0.83895195, 0.7828141, -0.73927075, 0.11323248, 0.014743776, -0.66292065, -0.8969785, 0.48530972, 0.4855224, 0.08526658, 0.038850926, 0.9642619, 0.5943194, -1.0629497, -0.26730937, -0.20881402, -0.6244091, 1.2273862, -2.0799463, -0.1366661, 1.9144443, -2.3170056, 2.2155402, -1.1671892, 0.90356004, 1.6799146, -0.04152108, -0.5752112, -1.7866648, -1.1320174, 0.8868547, -0.38474378, -0.45213974, 0.68374515, 1.0352385, 0.6633241, 0.11935142, -0.30788887, 0.80193603, -0.64921904, 0.22319777, -0.59865177, -0.0018321483, -0.32248646, 0.5983733, -0.45355195, -1.4165612, 0.2466778, 0.24443777, 1.3300464, -0.8684487, -1.5722452, -2.2854624, 1.4548461, -1.1035517, -1.4657573, -0.28704026, -0.6934453, 0.12988928, -0.46454042, -0.09146141, 0.3941168, -0.64006156, 1.1895237, 0.512505, -1.0312421, 0.07977767, -0.76259315, -0.56428295, -0.06944573, 0.3780799, -0.41057986, 0.31279996, -0.31496522, 0.49763262, 0.18368472, -0.46623927, 0.48011202, 0.23051386, 0.16581479, -0.50059867, -0.081530966, 0.7120814, -0.33425793, -0.48041582, 0.31532434, 0.12877618, 0.6050837, -0.033011824, -1.5436294, -0.014019601, -0.6302546, 0.6334113, 0.118615665, 0.67499727, -0.0828624, 0.054687243, -2.2629402, 0.3070674, -0.78822786, 1.7787929, -0.51775354, 0.98542434, -0.5856902, -0.27837452, -0.82257473, 0.3114735, 1.4350569, -1.7494777, -0.649669, 0.082442194, 0.9255094, -0.41739336, 0.6224073, -0.71472985, 0.73413485, -0.52450436, 0.19974442, -0.646585, 0.47893482, -0.22072424, -0.104553536, 0.10993707, -1.3222558, 0.6139576, 0.12953621, -0.17009756, -0.4128152, 0.31337598, 1.118429, -1.0099266, 0.21483977, -2.3226845, 0.6661092, -1.7341268, -1.1155057, -0.41171986, 0.008958161, 0.21334197, -0.14253363, -0.79098034, 0.14727283, -1.7144544, 0.23530206, 0.6137794, -0.20612028, 0.44075242, -0.06919144, -0.50042874, -0.08712553, -0.042708132, 0.14873469, 0.602077, -0.6608367, -0.6964751, 0.24448593, -0.352535, -0.8270953, -0.40564716, 1.1954128, 0.019658476, -0.41622666, 0.15689138, -0.7090109, -0.48015514, 0.11746662, 0.05601481, -0.8546878, -0.036491472, -0.6457718, 0.7129773, 0.21857397, 0.48471874, -0.8422484, 0.15064865, -0.38869244, 0.8299253, 0.09637696, -0.22904813, -0.23449379, -0.14468943, 0.51995003, 0.6233942, 0.18333492, 0.25519365, -0.7441616, -0.16617717, 0.42272884, -1.0324349, -0.040672775, 0.6127271, 1.0428083, -0.43447155, -0.4946324, 0.32136172, -0.76261157, 0.06448269, 0.1486148, -0.8244027, 0.072769925, 0.53844196, -0.11491115, -0.61884636, -0.4133521, 0.71406233, -0.33535346, -0.25919086, -0.8325396, 0.5371321, 0.69469726, 0.18948743, 0.71264017, -0.6623281, 0.6376358, -0.97715557, -1.1857824, -0.93731695, 0.3518368, 0.1844415, -0.7521863, -1.4091033, 0.54945654, -2.619866, 0.15316366, 0.45679635, 0.7675043, 0.23274459, -0.1492365, -0.34421605, 0.32728344, 0.48015034, -0.54486156, 0.3547871, -0.06500223, -0.21074837, -0.033631843, -0.8022614, 1.0671744, -1.3610896, 0.41115853, 0.32050174, -0.058901317, 0.026486192, -0.733594, 0.31473637, 0.31643662, 0.06875225, -0.39200848, 0.7144294, -0.74302006, -0.2166578, 0.6403297, -0.6020457, 0.37517738, -0.008387891, -0.24542211, 0.14002259, -3.5625184, -0.24065061, 0.095977984, 0.16048488, 0.74118006, -0.19758637, 0.4725784, -0.29476964, 0.1737752, -0.34355626, 0.025160154, 0.13414334, -0.4163622, -1.7119503, 0.6358842, -0.45826438, 0.4568131, 0.47441882, 0.6012928, 0.19811098, 0.46715614, -0.019845566, 0.2279383, -0.70548135, -1.0348603, -0.62622654, -0.2757612, -0.003906511, 0.481471, -0.12831286, 0.19776925, 0.4747674, 0.91716623, -1.3349805, -0.5255159, -0.41830721, 0.6016918, -0.7492397, -0.6176865, -0.2650017, -0.61180145, 0.033988416, -0.21492352, -1.5389812, 0.12078654, -1.5669022, 0.9718192, 0.3038497, 0.3485842, 0.28773507, -0.27046818, 0.048868433, 0.6180454, -0.13716425, -0.0033367905, -0.32634318, 0.13105889, -0.45360798, -0.8101639, 0.2804275, -0.59377754, -1.1117468, 0.6601589, 0.7510762, -0.20940036, -0.08254621, -0.6459176, -0.35130134, 0.07681456, 0.43760234, -0.17927125, 0.7303117, -0.66870713, 1.1843979, 0.822641, 0.39770237, -1.0605868, 0.034553844, -1.0522561, -0.26425374, -0.75282216, 0.61223316, -0.60593134, 0.061045468, 0.27293244, 0.33649343, 0.42229328, -0.4632211, 0.21610722, 0.56272876, 0.30736592, -0.73754156, -0.40879968, -0.4099934, -0.18804814, -1.3124824, -0.10894195, 0.8660054, -0.05211853, -0.20322788, -0.06305366, -0.08066812, 0.36115953, -0.48641142, -0.36778235, -0.77592206, 0.6333839, -0.21686888, 0.09268789, -0.5162461, -2.482156, 0.14310381, 0.4938988, -0.49087358, 0.61492556, -0.6655796, -0.31976616, -0.18147255, 0.05225058, 0.51543945, -1.3382462, -0.63972014, -0.7621897, 0.38344386, 0.3853637, -0.3827972, 0.21349162, 0.9835974, -0.527793, -0.8166027, 2.6044846, 0.15877816, -0.85101634, 0.5397284, -0.29401872, -0.9567215, -0.0720451, -0.4879344, -0.43672726, 0.58755547, 0.5074574, -0.53715086, 0.24531999, -0.5856598, -0.8735761, 0.27650928, -0.28910613, 0.075055264, 0.25267294, -1.1481298, 0.13032645, 0.6032881, -0.26389802, -0.4809756, -0.10465547, 0.6444541, -1.6309742, 0.768537, 0.5265835, 0.4455464, 0.023775902, 0.6069993, -1.6142342, 0.036971964, -0.32081565, -0.036806304, 0.44434077, -0.28380734, 0.11259063, 0.09196766, -0.12104063, -0.17736727, -0.5353094, -0.46175137, -0.3132638, -1.1509233, 0.8624635, 0.7316309, 0.18563911, 0.76445305, -0.03912484, 0.36543953, -1.0932261, -1.0440451, 0.39661217, 0.02028711, 0.33731326, -0.83536696, 0.55711067, -0.10093816, -0.5542616, -0.34069523, 0.029262457, -0.4596337, 1.1088741, 0.31967962, -0.1584948, -0.7096882, 0.20478627, -0.21500073, -0.23620208, 0.07352572, -0.292164, -1.1146834, 1.5183328, 0.48157504, -0.2366939, -0.68161666, -0.049566146, 0.7601173, 0.27915633, 0.276098, -0.10719756, 0.35071662, -2.7219052, -0.59169686, 0.842974, -0.4257333, -0.36498523, -0.93441033, -0.44237825, -0.4867152, 0.9894164, 0.15704189, -1.0246296, 0.55693525, -0.47250077, 0.9078235, -0.20913787, 0.37852338, -0.33627978, -0.024345104, 0.034677114, 0.2417357, -0.6280689, 0.8516143, 0.011947874, 0.32713377, -0.50562674, 0.72574806, 0.00025460645, 0.10641003, -0.09913561, -0.30855563, -0.6948954, -1.5417559, 0.83274406, 0.40444672, 0.016000422, 0.998943, -0.77811694, -0.25794244, 0.032339208, 0.10561469, -0.50147456, -0.8036325, -0.228714, 0.26650962, 0.19808656, -0.41241792, -1.2437106, 0.31980318, -0.1501118, -0.5473248, 0.4672809, 0.6590074, -0.25289622, 0.06950505, 0.28101876, -0.9155149, -1.4365231, -0.92413205, -1.5053684, -0.4872137, 1.2446959, 0.94552267, -1.1206285, -0.24801853, 0.65680546, 0.39498407, 0.84898263, -0.46985537, -0.12614286, -0.6073739, 0.32345384, 0.36619753, -0.29264733, -0.21953754, 0.10417822, 0.21370357, 0.14055595, 0.94735646, 0.13574527, 0.9614821, -3.503051, -1.3631353, -0.23022473, -0.47743687, -0.03011082, -1.0532316, -0.7834621, -0.49426925, 0.7488294, -0.2249711, -1.2463138, 0.25332686, 0.6346597, 0.23874147, 0.48082745, -0.31896445, 1.784051, 0.46188772, 0.610343, -0.69392663, 0.18799293, 0.71032745, -0.73238885, -0.9707889, 0.08930793, 0.87513006, 0.16586828, -0.15705346, 0.19865358, 0.335579, -0.95065504, -1.7076172, 0.528559, 0.17918105, -0.314841, 0.31875375, 0.5861361, -0.24412905, -0.38238353, 0.3241952, -0.5191042, -0.5216182, 0.5914406, -0.6435638, 0.4945813, 0.46918854, 0.45982552, 0.91141355, 1.0319985, 0.8637528, -1.083535, -0.13767305, -0.14138973, -0.27812138, -1.6461973, -0.55455273, -0.26113322, -0.97856873, -0.3041041, -1.0515124, 0.7406972, 0.25342643, 1.7099794, 0.20363237, -1.5297095, -0.5884689, 0.62759066, -0.20732567, -0.48471037, -1.5585808, 0.4259374, 1.5567135, -0.09432137, 0.55203754, -0.8711276, 1.1018479, 0.1847028, 0.68816423, -1.2786963, 0.44026327, -1.6356101, -0.5480214, 0.54320157, -0.47716224, -0.6839997, -1.5840563, 0.04247541, -0.29955518, -0.1035687, 0.44331908, 0.47616714, -0.35201365, 1.2485409
0.3299894, -0.57236886, 0.18938214, -0.69031805, -0.101147816, -0.41314214, -0.22945806, -1.0608194, 0.5242982, 0.3176765, 0.4176898, -0.28137964, -0.23989005, 0.29518914, -0.061648104, -0.36517176, 0.16434015, -0.46767893, -0.33749044, 0.36556634, 0.1900009, 0.09835141, 0.3236554, -0.7793491, -0.48924938, -0.5004948, 1.0257567, -0.10749487, -0.8299175, 0.24398166, 0.4191999, -0.49489558, 0.283799, -0.56151766, -0.34830952, 0.11344838, 0.6995134, -0.43616402, -0.06439318, 1.1768541, -0.5132363, -0.7551712, -2.1689665, -0.28940803, -0.48035198, -0.5019051, 0.013115265, 0.10246045, 0.38701138, -1.0170444, 0.18462722, 0.5024215, -0.9591308, -0.24976976, -1.0779973, -0.026865643, 0.7245581, 0.23345454, 0.5948588, -0.7475928, 0.18082793, -0.65695965, 0.0149464235, -0.16403788, 0.7181878, -2.4040685, 2.487294, -2.9106376, -3.5278218, -0.6322207, 1.8156089, 0.815097, -0.95793366, 0.8624367, 0.23893239, -0.722213, -0.09046493, -0.183784, -0.6469816, 0.63864446, 0.22301479, 0.306832, 0.53221613, 0.7948625, -0.011113259, 0.9378446, -0.2539776, -1.0882206, 0.13419653, 0.24044134, -0.5262569, 0.10118608, 0.09728373, -0.07152012, -0.273882, 0.10442338, 0.38726592, -1.592822, -0.6176823, 0.12078831, 0.27716503, 0.4050774, 0.9791852, -0.0431876, -1.031306, -0.63112074, -0.6557535, -0.51189584, -1.2861558, -0.6233107, 0.349561, 0.90623003, 1.0717472, 1.0799592, 0.010470889, 0.15193117, 0.18731229, 1.602269, -2.0998, -0.8775923, -0.22794095, -1.8741056, 0.072629884, -0.17152564, 0.23054941, -1.1919736, 0.04525084, 1.938212, -0.74547976, -0.44956538, -0.32176563, -0.21173947, 0.5330195, 0.057730228, -0.4503194, -1.3925192, 0.3851803, 2.3557267, -2.5555558, -0.42848423, 0.14430968, -1.4024329, -1.903193, -0.45606932, 0.8898137, 0.715075, 0.7749332, -1.7878457, -0.87797076, -1.0259542, 0.9951879, 1.0805863, -1.1772041, -0.68366754, -0.5833135, -3.5626268, -0.81687886, 1.1970159, 0.17299633, -0.20550601, 0.9530524, -0.114146486, -0.2133683, -0.096842006, -0.44934025, -0.506236, 0.95317715, 1.1236022, -0.7841193, 0.42923805, -0.3266738, -0.29662213, 0.42414686, 0.5506718, -0.1867269, -0.10521051, -0.54851514, -0.41820815, -0.18554547, -0.37462398, 0.60271364, 0.012950326, 0.19626334, 0.59810644, -3.6533432, 0.6783642, 0.5827467, 1.0653301, -2.0472906, -0.3552111, 1.2551273, -2.957742, 0.0024805542, 0.4626852, -0.14245483, 0.33599776, 0.22513148, -1.3807929, -0.73402774, 0.03863781, -1.224163, 0.37618414, -0.59775704, 0.08635181, -0.047209572, -0.21798043, -0.19282776, -1.0314827, -0.8808281, 0.89978206, 0.39935896, -0.3679739, 0.8034163, -0.4002619, -0.3955733, -0.21268018, -0.071014896, -0.9615832, -0.42652816, 0.029570282, 0.087739564, -0.0066225757, 0.0574737, -0.13513725, -0.60286576, -0.3992508, 0.7774755, -0.54495007, -0.76619637, -0.065234795, -0.0558586, -0.18260874, -0.7262038, -0.51238716, 0.21534956, -0.024199063, -0.5812622, -0.47049028, -1.2668597, 1.4859885, -1.3187146, -1.1844088, 1.0687591, 0.89420205, -0.24016327, 0.30506688, -0.66897064, -1.585644, -0.7991166, 1.0838482, -0.7787296, 0.21124583, -0.022598293, 0.10893914, -0.82954013, -1.5845366, 1.1092616, -0.15001746, -0.09274138, 0.76835346, -1.334234, -0.37056687, 0.057589952, -0.2664646, -1.8644959, -3.0753355, -0.4192445, -2.1704617, -0.7305249, 2.0480852, -1.9211012, 0.95220226, 0.25080848, 0.14563568, 1.7094359, -0.33728012, -0.18960285, -1.4371227, -0.37350315, -1.1098605, 1.1498474, -0.6075752, -0.8078357, 0.01639902, 1.1969806, 1.1253157, -1.5312343, -0.40976864, -1.4463383, -0.9705869, 0.094727, -0.5739009, -0.042374812, -0.0313352, -0.014006253, 0.6422911, -0.44388366, 0.38195804, -0.09357389, -0.0054725287, -0.31669775, -0.35659328, 0.16654192, -0.85112876, -0.099167824, -0.37508607, -0.20558465, -0.58367914, 0.29127783, 0.08116296, -0.03370391, 0.14573693, -0.20052981, -1.2351054, 0.6595801, -0.90521616, -1.4999025, -0.70435107, -0.29018983, -1.0573072, 0.7038355, 0.9760689, -0.12009553, -1.7783655, 1.4789422, -0.11238623, 0.37089726, -1.370564, 0.15458634, -0.46947208, 0.3799688, -1.3757321, 0.18233235, 1.6124374, -0.8139751, 0.7973274, -2.3154578, -1.0122416, 2.289646, 0.015587444, -0.3718212, 0.6491947, 0.25150293, -1.8811337, -1.1892571, -0.66604465, 0.2567308, -0.646001, -0.9638105, -0.28622043, 0.18693545, 1.256545, 0.23954366, 0.29377803, -0.3076845, -0.21901943, 1.1566159, -0.66385233, -0.3054725, -0.117547266, -0.0524455, -0.6935357, -0.30910593, -0.30595395, 0.7648533, 0.5270699, 0.12078431, 0.1412321, -2.184218, 0.41016126, -1.3138909, -0.88800126, -0.88704515, -0.34137714, -0.39025155, 0.12477478, -0.43155447, 0.2877679, -0.23172256, 0.73675025, 0.7607245, -0.81573516, 0.52044076, -0.48363256, 0.08421249, -0.671983, -0.12780713, -0.13556394, 0.26778492, -0.76956534, 0.25904095, 0.054766726, 0.21091175, -0.82323205, 0.9243236, 0.18457837, 0.44850808, -1.0432163, 0.46438915, -0.6304502, -0.16100793, -0.262175, 0.4966924, -0.12542684, 0.1620617, -0.4091286, 0.2444413, -0.7238879, -0.47581056, -1.2964386, -0.2763447, 0.76872104, 0.64240056, -0.83053225, -0.52654856, 0.2186791, -0.7836085, -0.41289708, 1.7844958, 0.24792643, -2.2112253, 0.602622, -0.18361565, -1.8681198, -0.8989512, -1.4696373, -0.23172545, 0.051305365, -0.5838476, 1.8795874, -0.18017915, 0.35956872, 0.21091954, 0.45517668, -0.2913095, -0.9211598, 0.65715545, -0.4348218, 0.13573688, -0.53750753, 0.3514654, -0.46005005, -1.308066, 0.22536129, 1.7421675, 0.17982528, -0.8810486, 0.57292753, -1.1409853, 0.81487566, -1.8478129, -1.1292192, -1.0233388, 0.06635402, -0.14751066, -0.44870478, -1.5324799, 0.37238258, -0.96743244, 1.3076335, -0.07709778, 0.36968192, 0.22953202, -0.07585951, -0.19854401, -0.31232587, 0.18193078, 0.16908991, 0.43216062, 0.057602998, -0.25897628, -0.3928006, 0.043495547, 0.50989914, -0.42974448, 1.2684578, 0.04835218, -0.50193435, -0.27831343, 0.3131894, -0.23838319, -0.17962722, -0.060339734, -0.80046445, 0.7495687, -1.470939, 0.19173656, -0.10985156, 0.6263234, -0.109249696, 0.14758198, 0.05994348, 0.6972298, -0.42516023, -0.9038888, 0.124672845, -0.13896228, 0.44357157, 0.24914935, 1.1338505, -0.8523978, -0.15224145, 0.21186255, -0.47957402, 0.09793036, -0.73003477, 0.161687, -0.25406924, 0.39879382, -0.21235965, 0.44940946, -0.037727956, -1.2933465, -0.4898139, 0.11751349, -0.054079916, 0.43041372, -0.1860508, -1.1736826, 1.4304005, -0.0055922684, -0.36997086, -1.2671248, 0.15751205, 1.3713342, 0.26591644, 0.23901121, -0.54772097, -0.58658004, 1.1019464, -0.6965934, -1.2333577, -0.7100357, -0.54418683, -0.16576426, -0.53169066, -0.20646074, 0.14669336, -2.1004882, 0.5553488, 0.34964144, 0.9493099, -0.12567367, -0.18625322, -0.4374133, 0.022526588, 0.03705229, 0.28085625, 0.24352352, 0.3617726, -0.07776532, 0.028182086, 0.50240344, 1.0872824, -0.43669626, 0.82537144, 0.29649082, 0.01814331, -0.37898776, -0.53186125, -0.95552945, -0.13596183, -0.3680646, -1.0871924, 0.15667371, 0.055834763, 0.19131961, 0.3506468, 0.44080245, -0.42457223, 0.113657475, -0.0847582, 0.42512703, 0.38606772, -1.6759862, 0.22627833, -0.21142538, -0.79538065, 0.6032377, 0.9219303, 0.35632762, -0.2614004, -0.1119396, 0.30726257, -0.37900662, -0.6341448, 0.0038503686, -0.05139194, 0.35625502, -1.7027984, 0.4532937, 0.50076693, 0.10993261, -0.20460922, 0.040112883, 0.6406625, -0.308643, -0.25360587, -0.6563654, -0.32894087, -0.38071615, 0.5637883, -0.51261526, -1.1408864, 0.5987647, 0.45567012, -0.98175436, 0.12936462, -0.6101642, 0.019086935, -0.33127365, 0.027381247, -0.39293593, -0.6264327, -0.5497857, 0.044314574, 0.9763742, -0.5512147, -0.1618993, -0.3663855, 0.088331856, 0.6003365, 0.90967834, 0.7877711, -0.72207636, 0.25703067, -1.4635745, 1.0278077, 0.2734448, 0.32684392, -0.60983294, -0.47147477, -0.37429073, 0.43690282, -0.8263998, 0.63584775, 0.23037905, -0.6786682, 0.33795288, -0.37436676, -0.19343871, -0.08086858, 0.25699952, -0.82895887, -0.46807712, -0.032520965, -0.115294896, 0.06724626, 0.2554574, -0.3558283, 0.9050266, -0.14985263, 0.76402617, 1.599767, -0.05232316, -0.102905616, 0.13368872, 0.45103392, -0.424496, -0.22846739, -0.123121664, -0.9151669, 0.38205674, 0.62372994, -0.57964444, -0.28156948, -1.0834432, -0.08415391, -1.0189538, -0.75993025, 1.073911, 0.11064912, -0.84478265, -0.40045938, -0.33360314, 0.6642571, -0.45366344, 0.14407341, -0.025993083, -0.101833485, 0.17020695, 0.32183713, -0.6407914, -1.6791823, -0.47235373, 0.9877739, -1.1534183, 0.18132202, 0.71903384, -0.5799046, -0.04446268, -0.16087773, 0.06819158, -1.8450547, -0.3317437, 0.35170284, -0.5048086, 0.14751819, 0.46827763, -0.3108823, -0.32423443, 0.75665265, -0.20592861, 0.363435, -0.5674336, -0.25435075, -0.5523552, -0.7003805, 1.0006374, 0.53202623, -0.64111817, 0.22501574, -0.5638537, -0.7983833, -0.98922104, 0.89518344, -0.026104929, 0.11445683, 0.7104723, -0.46357808, 0.014649673, 0.51586384, -1.0234214, -0.26692587, -0.04031463, 0.13199957, 0.9927064, -0.6266014, 0.71789616, -0.3858657, 0.72138405, -0.54206276, 0.8971339, 0.4417466, 0.09122513, -0.37867963, -0.8237073, 0.3455448, 0.14773697, -0.03504758, -0.91864514, -1.4224458, -0.021163652, 0.124413975, 0.42197707, 0.080477834, -1.130963, -0.029213002, -0.64004666, 0.38562098, -0.46539602, 0.8611119, 0.012570533, -1.1860375, 0.41406143, -0.6267859, -0.28113237, 0.41938707, -0.11051996, -0.025732772, 0.6351836, -0.17568538, -0.4340024, -0.76937485, 0.5228472, 0.061218463, -1.9752699, 0.7819512, 1.0094274, 0.029814223, -0.43735835, -0.885692, -0.01102814, -1.5807537, -0.55304813, 0.1163316, -0.8497334, 0.5270303, 0.2359236, 0.003098505, 0.13327354, -0.8179192, 0.501417, -2.2585022, -0.04129569, -0.58628696, 0.59552383, -0.30804476, 0.20976491, 0.32885364, -0.21503617, -0.56170124, -1.7627186, -1.1199423, -0.017114425, 0.88645995, -0.6234129, -1.6097901, 0.36507985, -0.12554634, 1.1221263, 0.021642612, -0.6876311, -1.4258091, -0.048083857, 0.35522798, 1.0047475, -0.5955058, 0.5385375, -0.19217023, 0.06496714, 0.035726827, 0.3181086, 0.37639767, 0.3250489, -0.71435785, 0.26003358, -0.9168651, -0.8893733, 0.12888172, -0.13322654, -0.021755623, 0.16283228, 0.5596167, -0.8744998, 0.011249755, -0.30772918, 0.33371952, 0.23818287, -0.11492178, -0.48065063, 0.46559826, 0.21796323, 1.7652664, 0.42260334, -0.22450623, -0.5743476, 0.43712842, 0.04766803, -0.1881125, -0.1599193, -0.5349608, 0.34944797, -0.44126627, -0.4881615, 0.47074294, -1.6310579, 1.030179, 0.9918627, 0.1637033, -0.037277006, -0.4567746, -0.4285911, -1.3568408, -1.0386693, 0.67295325, -0.33360702, 0.35481668, -0.22773083, 0.8745094, 0.7839109, -0.94803154, 0.93302363, 1.8149737, 0.04735635, -0.72762954, 0.75650537, -0.2927403, -1.0351944, -0.47905162, -0.15158214, -0.5360347, -1.1462795, -0.32125968, -0.40979138, 0.6326796, 0.55862004, -1.8328539, -0.100911684, 0.4113796, 1.2151986, -0.7944356, 0.25926062, -1.4253776, -0.6770404, 0.24690787, 0.22783053, -0.41731033, 0.30260938, -0.20708922, -0.27497977, 0.17956764, 0.36069858, 0.39834943, 0.07982797, -0.022536581, 0.27283952, -0.3045436, -1.5909146, -0.58878875, 0.046331413, 0.49954307, 0.20736706, -1.5869126, -0.563457, -0.31614727, -0.31033084, 0.22320718, -0.13513626, 0.5304742, -0.56542236, 0.35604343, -0.18686457, -0.7278373, 0.07706159, 0.12989172, -0.3097107, -0.29864794, -0.5585664, 0.49187222, 0.09653124, -0.49641705, 0.15835774, 1.0971289, -0.2676388, -0.4506749, -0.6971095, 0.9365054, -2.2101467, -1.2532593, 0.032984328, 0.73607403, -0.097553656, 0.69179225, -0.50312126, -0.06445831, -0.79343945, 0.7894299, -0.68140024, -1.0153446, 0.14675015, 0.75433314, 0.3927107, -1.8384792, 2.076788, -2.8425035, 1.254016, -0.14823896, -0.3521729, 0.3334081, -1.5471587, -0.24263218, -0.5132737, -0.070509925, 0.008364155, 0.37372378, 0.089442745, -1.1152445, -0.6372276, -0.64428884, 0.7669823, 0.3457721, 0.027511543, 1.0767218, -0.38658366, 0.48941788, 0.24975662, -0.30203784, 0.09387961, -0.38069615, -0.90070593, 0.31123695, 0.24376456, 0.14192963, -0.17277302, -0.322355, -0.35445258, 0.43350458, -0.57397765, -0.00047240895, 0.1670513, 0.2561199, 0.8357456, 0.5131706, -1.1272119, -0.66026765, 0.27311364, 0.15600035, 0.37070704, -0.05994226, -0.38362533, 0.14107865, 0.10734623, -0.79652023, -0.28573203, -0.06880737, -0.84018296, 0.90313965, -0.36430445, -1.2227365, 0.42581695, 0.31270453, -0.8117093, -0.3919486, 0.64664847, -0.02942896, 0.041909415, 1.090172, 0.067940325, -0.4281405, 0.2555088, -0.6132592, -0.40386584, -1.4969997, -0.8664107, 0.34144354, -0.52942044, 0.5074051, 1.1466986, 0.06342656, 0.10119839, 0.07758594, 0.55989456, -1.6629748, 2.1322403, -3.363284, 0.12821858, 0.8435962, -1.075394, 0.43584263, -0.5459095, -0.28377166, -0.33689618, -1.6695814, -0.8111292, 0.38319084, 0.8703297, -1.7609721, -0.31731263, 0.3156445, 0.9803466, -0.53008616, 0.45123214, -1.5816389, -0.98025817, -0.2863179, -0.25323504, -0.34507635, 0.51322657, 0.4645868, -0.3964659, 0.23238018, 0.29863477, -0.4047225, -0.43054458, -0.43377146, -0.024971234, -0.8483547, -0.23401627, -0.075847186, -0.191253, 0.9297541, 0.13199997, -3.2600608, -1.0714844, -1.1539901, -0.6087163, -0.36005467, 0.5803495, -0.55554163, 0.10724773, 0.8118498, -0.5323071, 0.4814174, 1.8337346, -0.114628956, -1.8826275, 1.3939645, 2.784008, -2.2716033, -0.22161078, -0.2870504, -0.18980938, 0.30661258, -0.11336297, 0.31126052, -0.38835633, 1.1837549, -0.15315849, -0.25356838, -0.37584054, 0.15243717, -0.31633916, 1.001588, -0.23847054, -0.40119657, -0.9616952, -0.031821772, 1.3696367, 0.46642843, -0.08384066, 0.8618251, -1.7697017, 1.17233, 2.7960453, 0.7786672, -2.8482745, 1.9591521, -0.6815674, -0.8024767, 0.835505, -2.107285, -0.30133274, -1.78692, 1.6796952, -2.463147, -1.0355496, -0.83669996, 0.7006024, -0.24108224, 0.1279743, -1.3510917, 0.18084525, -2.133114, -0.9185994, 1.5916965, 0.36518762, -0.7189335, 1.3461037, -0.3469467, -0.34371448, 0.7845604, 0.12699643, -2.3712616, -0.69374907, 0.27069604, 0.012729622, -0.52009857, 0.81126887, -0.3305664, 0.37234735, -0.19808583, -0.73233414, -0.9655011, -3.0410645, -0.8187932, 1.0358075, -0.22531657, 2.028275, 1.4347048, 1.4467885, -0.7131758
-0.18453874, -0.7305429, -0.17461577, 0.58925086, -1.2560831, 0.63280135, -0.8067737, 0.24411324, 0.33311683, 0.33016104, -0.5136358, 0.19182144, -0.36303902, -0.2177701, -0.26326537, -0.72559, -0.47823617, -0.12382912, 0.9043212, -0.051329274, 0.35849154, 0.60130656, -1.0773934, 0.11048241, 0.31719875, -1.1214033, -0.18028347, -0.027484871, -0.2853981, 0.11502826, 0.13526745, 0.23854278, -0.26976985, -0.27499703, -0.06609124, -0.21648864, -0.5723615, 0.06810073, -0.44503525, -0.0028276104, -0.6908121, 0.59713626, -1.5080132, -0.22858752, -2.840128, 0.15117973, -1.1079454, 1.445104, -0.44086456, -0.72497356, -0.049251277, 1.5836223, 0.09806557, 0.39906457, -1.0686404, 0.49503672, -0.019575508, -0.82403195, 0.26205173, 0.51712024, 0.05531864, 0.35902023, -0.37761024, -1.3402121, -0.323639, -0.2500562, -0.13527197, 2.8394015, -2.6335988, -1.2677174, -3.1908774, -0.3988166, 0.25200576, 0.74886477, 1.9836203, 0.57616055, -0.87289023, -1.0951241, -2.1893532, 0.69832265, 0.43407148, 1.0322565, 0.08140779, -0.22005682, 0.22395413, -0.7994338, 0.42292428, -0.72701573, -0.008421602, -0.42674935, -0.6903895, -0.08833636, -0.2638135, 0.6914135, -1.3376303, -0.057658304, -0.893609, 0.7875496, -0.3733435, -0.5307354, -0.18935713, -2.318824, -0.30252647, -0.2988956, -0.16301747, 0.54452956, -0.20682973, -0.007762588, 0.074011564, -0.26504096, 0.10819436, -1.8103335, 0.2190487, -0.54119635, -0.21261294, -0.41696993, 0.41209254, 0.33633897, -0.14244832, -0.31753492, 0.20014437, 1.5739567, 0.49163014, -0.38687074, -0.087004706, -0.8496361, -0.28636828, 1.0986814, -0.55863464, -1.3994989, -0.414752, -0.767251, 0.1883281, -0.2915966, -0.33415842, -0.56965715, 1.1554039, -0.5604343, 1.0767692, -0.6896029, 1.930495, 0.9593552, -2.2537637, 2.2699096, -4.3868833, -3.290051, 0.6369313, 1.668392, -1.3939071, -0.094707176, 0.31458938, -1.6689461, 0.22717302, -0.41442177, -0.5235643, -1.3117269, -0.022156997, -0.28089944, 0.061268512, 0.73767024, -0.0068700532, -0.57723504, -0.07321773, -0.06293535, 0.19880256, -0.6497303, 0.4945221, -0.5625442, 0.46876943, -0.7664849, -1.7645184, 0.15177797, 0.23130597, 0.33827424, -0.33698964, 0.88925016, -0.85270303, 0.23622346, -0.7509855, -0.48307687, -0.5566641, -0.07441958, -0.67761713, -0.06855261, -0.13558862, 0.5699183, -0.44839203, -0.012479665, 0.29456985, -0.16064118, 0.48642328, -1.0263678, 0.080322444, -0.9776471, -0.086778834, -0.23068887, 0.34332088, -0.5142758, 0.3104702, -0.12433204, 0.42800555, 0.14849582, 0.49048698, -1.1306498, 0.5928468, -0.5946312, 0.30552596, -0.9221916, -0.60925514, 0.2523352, 0.094195545, -1.992338, 0.27639794, -0.946935, -0.8388148, -0.2572379, 0.51700324, -0.8988921, 1.1528037, 0.11588584, 0.34135222, 1.0961685, -0.875793, 0.48723778, -0.970662, -1.0265516, 1.9926339, 2.226594, -2.2538462, -0.3777094, 0.42977944, -2.0657547, -0.79756594, -1.2036034, 0.34749445, -0.2534414, 0.3809159, -0.31373334, 0.95380163, -0.12610877, -0.13569903, 0.0034712453, -0.5102458, -0.10799393, -0.29193193, 0.022686647, -0.48835984, 0.7585761, 0.18988998, -0.043371603, -1.4729544, 0.20066261, -0.1707834, -0.06657042, 0.073289394, 0.90674675, -3.8814113, 0.32867256, -0.34586298, -0.021670086, -1.0060349, -0.4374986, -0.42518777, 0.39240143, -0.010807214, 0.61584204, -1.058037, -0.16208343, -0.609913, 0.35183802, 0.3371458, -0.6127622, 0.19267933, -0.34665927, -0.1411991, -0.18636557, 0.62673515, -0.06849416, -0.09523233, -0.070848316, 0.58311003, 0.31790632, 1.421362, -0.2720301, 0.5161776, -0.52793384, -0.50871754, 0.41614413, -0.97012955, -1.2383485, -0.9559672, -0.35335794, 0.2899856, -0.45261106, 0.45516467, -0.68101126, -0.73086596, -1.0911125, 0.7674017, 0.21593428, 0.75173765, -0.15596266, -1.2663802, 0.30963013, -0.36484745, -0.80102605, 0.018409168, 2.619899, -0.5093625, -0.7821085, 0.45228007, -0.13112575, -0.8821042, -0.11600059, -0.2525376, 0.2881933, -0.002361801, -1.8676842, 0.60417944, 0.25149322, 0.305902, -0.7356622, 0.06907423, -0.39131466, 0.2691835, -0.21751764, 0.28948906, -0.2132945, 0.70969814, -0.702733, -0.6553052, -0.34061196, 1.0937268, 0.27905223, 0.05655218, -0.11277925, -2.525594, 0.46558735, -0.6147489, 0.05248846, -0.6391265, -0.5886186, -1.6368058, 0.3284168, 0.41462725, 0.23013651, -1.4323584, -0.2627552, -0.7103781, 0.9127079, 0.60463357, 0.41607216, -0.4475267, -0.17893748, -0.5377341, -0.28492954, 0.33437893, 0.056255557, 0.49942088, -0.9873528, 0.52204865, 0.25178313, 0.63184327, -0.09433728, -0.43180287, -0.3481547, -0.021168647, -0.20717148, 0.336678, -0.992516, -0.250804, -1.092526, 0.363952, -1.1632361, -0.3128177, 0.54695785, 0.0033239713, 0.3840388, 0.103238724, 0.40702528, 0.48719034, 0.31213847, -0.26647565, -0.69608665, -0.34803897, -1.0280844, -0.30262882, 1.9030249, -0.17580909, -0.26013383, -0.5903195, -0.5719311, -0.10878752, -0.018652523, 0.2911403, -0.38768053, 0.9522136, -2.2195096, 0.26739478, 0.04702295, 0.82407844, -0.24031809, -0.06315098, 0.38939288, -0.77338195, 0.38902342, 0.09914326, -0.32221246, 0.050896797, 0.118826814, -1.2286835, -1.1526085, -1.7173401, 0.72260505, -0.29108062, 0.43576348, -0.22951871, -0.36402074, -0.2547364, 0.61312264, -1.1300546, -0.5614254, -0.5423999, 0.2553221, 1.1272293, 0.2603178, -0.81814396, -1.1433778, -0.8909199, 0.58542883, -0.9291076, 0.67514366, -0.5576741, 0.20530282, -0.2381726, 0.37409073, 1.1572509, -0.36734173, 0.22762471, 0.15761928, -0.12502632, 0.33783457, 0.8058615, 0.48418877, -0.5568829, -0.8858344, 0.43314424, -0.7984633, -0.51997244, 0.004635504, 0.1120112, -0.886544, 0.36808586, -1.0125432, -0.27581102, 0.8607365, 0.26469648, -0.20446596, 1.1063789, -0.7853325, 0.46391636, 0.55345714, -0.35631055, -0.4404418, -0.8253822, -0.5595911, -0.25653428, 0.8038418, 0.21198761, -0.26718858, 0.44558287, 0.38697377, -0.32176736, -0.36351103, 0.1454733, -0.25086212, -0.51788265, -0.1279495, 0.71396494, -0.49607977, -0.2997941, -1.0804169, -0.40889108, -0.14563604, 0.18034707, 0.6903321, 0.36086854, -0.20187426, 0.87080956, -0.749349, -0.82353944, 1.7379609, -0.7436645, 1.005178, -0.044151943, 0.21620552, -0.04560438, 0.013781729, -1.2148958, -0.05998619, -1.0263635, -1.8125738, -0.346789, 0.8833762, 0.7578744, -0.047549207, 0.5034603, -1.0275815, -0.59258366, -0.072291106, -0.45715833, 0.40379164, -0.4197838, 0.15478277, 0.104336545, 1.084573, -0.43042073, 0.45273042, -0.7683784, -0.48256722, -0.31909767, -0.52585155, -0.36495516, 0.21193428, -0.5065494, 0.22192748, 0.6502141, -0.5812027, 0.47243765, 0.4146043, -0.5107888, -0.4140493, 0.2295953, 0.12182602, -0.56828636, -0.15794171, -0.91299164, 0.38550943, 0.9712009, -0.03607576, -0.6485186, 0.14560193, 0.3419257, -2.0302584, 0.33662242, -0.3954666, 0.4786335, -0.70581466, 0.20602393, 1.0603949, -0.6212557, -0.22272328, -0.5620152, 0.17208102, 0.7673246, -0.008737513, 0.13587171, -0.47922304, -0.3288176, 0.10917791, -0.2087388, -0.98941404, -1.1669835, 0.54914767, 0.9423243, -0.40787348, -0.19267616, -1.0886086, 0.5600104, 0.3313431, -0.38024145, -0.3570117, 0.19895643, -0.2561172, 0.20883663, 0.49219292, 0.16593143, 0.23185362, -0.29990038, 0.17590049, -0.3937333, -0.23563167, -0.4612786, 0.12112769, -0.03188782, 0.36315146, -0.26577657, 0.40009174, 0.3187775, -0.3240562, 0.29866293, -2.61756, -0.11382285, -0.9157568, 1.3462467, 0.49480525, -0.50242114, -0.05730664, -1.1919088, 0.16787001, 0.259599, -0.427571, 0.05975186, 0.6676524, 0.3832694, -1.238492, 0.46085942, -0.12472496, 0.13595785, -0.46872127, -0.16624957, 0.4202364, 0.011207408, -0.3742799, 0.26922634, -0.05769664, 0.2891319, -0.53417104, -0.44630456, 0.42887828, 0.2786468, 0.5751697, 0.47455236, -1.0627314, -0.3888219, -0.24123465, -0.81938964, -0.4560287, -0.7342844, 0.94036055, 0.2959257, -0.5091059, -0.7184837, 0.44331053, 0.48822922, 0.43226174, 0.12906857, -0.37973315, -0.31506807, -0.025972415, 0.16561227, -1.3324258, -0.44795457, 0.09714564, 0.35213092, 0.47228476, -0.842959, -0.7305047, 0.64625674, 0.44221526, -0.012464676, -0.38015807, 0.34524393, 0.42114413, 0.9252932, 0.14808083, -1.3119409, -0.69530904, 0.033408318, -0.8009624, -0.5435372, -0.85525054, 0.41790327, -0.3680095, -0.25084463, 0.30708948, 0.3450447, 0.15172878, 0.055876926, -0.19332238, 0.8089298, 2.6815438, 0.047973096, -1.0459651, 0.27930897, 0.04110814, -0.8469943, 0.3887376, -0.6901518, 0.76717764, -0.58687663, -0.28488493, 0.58657086, -0.23951714, -0.15828873, -1.1830387, -0.4866608, 0.33043784, 0.038953975, -0.13851094, -0.13591135, -0.09305744, -0.014390469, 0.22045282, -0.07044777, 0.022138853, 0.21224925, -0.74153924, 0.3821185, -0.21454383, 0.4644873, 0.47384706, 0.36004183, -0.29110298, -0.052682776, -0.20960544, -0.44319704, -0.035518527, -0.5543613, 0.28348783, 0.023966063, -0.64402443, -0.6587365, 0.22119704, -0.20324011, 0.25418338, 0.51473504, 0.73265076, 0.1414492, -0.5797934, 1.1239544, 0.6391068, -0.8095512, 0.308338, -0.024156222, 0.13921537, -0.17679885, -1.0316556, -0.242184, 0.08084013, -0.25403693, -0.19971177, -0.6450425, 1.0206492, 0.43715248, -0.27006772, -0.9783455, 0.40564832, 0.61959934, -0.85806155, -0.3063703, 0.14569566, -0.2908258, -0.045250602, 1.0007327, 0.26030675, 0.23306729, 0.68385565, 0.3273098, -1.8469778, 1.1928605, 1.2925745, -1.3046263, -0.33103317, 0.72098535, 0.31605935, -0.45108142, -0.021129763, -0.9567732, -0.16377078, -0.35282838, 1.0123456, -0.2701836, -0.8654321, 0.25047773, -1.8029791, -0.017074443, 0.56980777, 0.46353647, 0.3566064, -0.6094853, 1.6266263, -1.2827712, 0.70631343, 0.59197444, 0.14417551, 0.4369434, -0.20752198, 0.24604698, -0.82399476, -0.006437475, -0.7624267, -0.48786435, -0.18489766, -0.2988407, 0.11870237, 0.20728473, -0.17574899, 0.052112978, 0.50960815, -0.27535394, -0.115104064, -0.8698538, 0.1690162, -1.1707463, 0.19339338, 0.98573226, 0.71950287, 0.11978579, -0.6250029, 0.5080056, 1.2780101, -0.7593009, -0.9188948, -0.748979, 0.6151144, 0.99118626, -1.2408831, 0.75352925, 0.5340684, -0.031388726, 0.014376478, 0.16932249, -1.0589871, 0.1946786, 0.56195563, -1.1179494, 0.8269148, -0.29622266, -0.10102968, 0.14757854, -0.6151814, 0.16027874, -1.0303967, 1.7247177, 0.5024469, -1.0575017, -0.8651759, -0.2485319, -0.085563056, 1.1307319, 0.00037409214, 1.2725363, -2.2581508, -1.153725, -0.504914, 0.047433246, -0.5262665, -0.49330026, -2.2001882, 0.21279919, -2.4731078, -0.0042831264, -1.5959557, 0.5942103, -0.35433146, 0.4029517, 0.107477784, -0.817596, 0.9953527, -0.38271272, 0.013281423, -0.37530345, -1.2353103, 0.40059617, 0.4730397, 0.1101549, 0.7442248, 0.58064026, -1.3549942, 0.028670387, -2.3957717, -0.1935833, 0.15335102, 0.070704676, -0.604794, 0.05362938, -0.18443008, 0.108088605, 0.4540644, -0.07952426, -2.3832865, -1.0663505, -0.6123678, 0.19906811, 0.50767815, 0.40566716, 0.67548746, 0.615242, -2.102851, 0.45397383, 0.42369476, 1.0612261, -1.7266823, -1.0903627, 1.5380952, 0.49267957, -1.849068, -0.052791435, -1.9271126, -0.5090385, 0.08216953, 0.53340906, -0.37613013, 0.33712336, -0.027913056, -0.9350662, 0.7035419, -1.0811685, 0.3589693, -0.47864038, 1.50918, 1.0108892, -0.3836315, 0.37055233, 0.3387396, -1.0983329, -0.4021834, -0.8018752, -0.7915046, -1.3460418, 1.3759842, 3.5691411, -0.37223962, -1.5174124, -1.2918303, -3.355543, 3.9180267, -2.262008, -1.598807, -0.2706267, -3.2704794, -0.04849871, 1.6102343, 0.731136, -0.29465294, -0.06658148, -0.026553791, -0.97570646, -3.3530235, -0.015798764, -1.529429, 1.4185241, -0.2362567, -1.9984336, 0.5250694, -0.38544357, -1.8525548, -0.1303288, 1.228324, 0.024048919, 1.0769032, -0.25751925, 0.47425878, -0.54992133, -0.40148503, 0.8926439, -0.58584404, -0.19320777, -0.53259575, -0.19114122, -0.5504266, -1.100037, -0.13884099, -0.8158435, 1.1106002, 1.2482042, -3.3092136, 0.7212694, -0.4880685, 0.24836795, -3.7724767, 0.436636, -0.72176534, -0.020715412, 0.609961, 0.84359276, -1.7877846, -0.17208737, -2.3021746, 0.30082715, 0.067862764, -1.049307, -0.71137583, 0.85848016, 0.08623696, -0.0056542004, -0.07484879, 0.71892536, -0.58205104, 0.35819957, 1.5562652, 0.12808195, -0.18807802, -0.5452304, 0.4417279, -0.22472075, -0.2198686, -0.6864858, 0.17824936, 0.38834614, -1.310163, -0.016713858, -0.47245893, 0.12435789, 0.13136871, -0.3768939, 0.18080336, -0.021137469, -0.32572448, -0.056972392, -0.43737653, 0.7618949, -2.2581215, 1.8684868, 0.32206303, -1.6170079, -0.2662579, -0.85437757, -1.0996759, 0.04753091, -4.800275, -0.29989934, 0.079200536, -0.1807495, 0.51895016, -0.4950343, -1.4679694, 0.4202234, -1.6816435, -0.055485237, -0.025532441, 1.334138, -1.5970007, -0.4382918, -0.083688736, -0.15775554, 2.8192985, -1.937426, -1.972081, -1.2191973, -0.8687684, -0.528019, 0.7497751, -0.93097275, 1.2574579, -0.65772, -0.40963167, 0.1746544, -0.1481714, 0.07406515, -0.775601, -0.07849736, 0.16332585, 0.38017845, 0.783626, 0.119347334, -1.6449219, -0.39101774, -0.14826362, -0.4657264, -0.040098306, -0.280214, -0.85001093, -0.24938697, 1.101649, 0.05897423, 0.72480565, -0.3619566, 0.015868949, -0.31513643, -2.544508, -0.0361421, -0.59454703, 0.07328602, -0.004186869, -0.06573412, 0.6511495, -0.6534296, 0.19877616, 0.45567423, -1.919511, 0.37197176, -0.20558822, -0.13397758, -0.5480758, 0.069061145, -0.108888924, -0.021281794, -0.1554206, 0.42376652, -1.9455858, 0.096948855, -0.79552853, 0.15459536, -0.20269465, -0.05123104, 0.1932075, -0.29436058, -0.7151299, -0.63293815, -0.6381421, 0.023371015, -0.3428314, 0.76838994, 1.1080644, -0.14491443, -1.3149096, 0.20981406, -0.43342927, 2.7536993, 0.29152983, 0.008308795, -0.19146095, -3.88537, -1.6708164, -1.371486, 4.004544, -4.5846133, -1.578306, -0.32619113, -1.9964049, 0.23750374, -0.016837332, -0.38109666, 0.9234402, 0.40252715, -1.4885135, -0.22153021, -0.012643979, 0.04414262, 0.12857328, -0.2000352, 0.4080804, 0.45774654, -0.6798015, -0.5302725, -0.29495502, 0.25960398, -0.5730006, -1.4889992, 0.56849504, -0.555529, 0.43895945, 0.07309282, 0.016030103, -1.9753141, 0.11104141, 0.2416837, 0.05987318, -0.42387062, -0.07641078, -0.7421367, -0.076819815, 0.3455938, -0.10171868, 0.036090203, 0.32027954, -0.3889269, -0.4128857, 0.4904484, -0.6757445
0.06016734, -0.37494835, 0.30166405, -0.544832, -0.037048243, -0.20217451, 0.12335591, 0.024141356, 0.16825637, -0.38413265, 0.9443774, -1.3469253, -0.0049874266, -0.9942289, 0.45154488, -0.19767652, 0.1357103, -0.57390904, 0.07118007, 0.31738064, -0.34784487, -0.23473789, -0.43204036, -0.23514909, -0.76321137, -0.5325396, 0.45272493, 0.6577432, 0.10437822, -0.507655, -1.2723824, -1.8840684, -0.5633173, 0.7676145, 0.6580269, 2.3252883, 0.8486607, -1.2176229, 0.06561436, -3.9880908, -0.10291802, 0.113388784, -0.03008674, 0.10501795, -0.39018854, -1.3842318, 0.67661613, 0.081013694, -0.024732249, -0.35164732, 0.70988196, -0.90152514, 0.097132735, -0.2519197, -0.651554, -0.3673579, 0.47478423, -0.14674607, -2.3179111, 0.33114818, -0.42938235, 0.4471812, -0.07987168, 1.138743, -2.9295352, 0.9600305, -0.6923206, -0.44935057, -0.6396575, 0.08769027, -0.984473, 0.035762306, -0.38684654, 0.6548759, -0.26662686, 0.4200581, -0.8782802, 0.32165623, 0.004317568, -0.22210167, -0.42552873, -0.48724443, 0.41553807, -0.26907226, 0.27359393, 0.75955, 0.33541855, -0.6582907, -0.32109272, -0.24149187, 0.5333549, -1.5085212, -0.6317564, -1.09387, 0.6951204, 1.4326942, 1.5970793, -1.8697767, -0.29984894, 0.043592036, 0.074838325, 0.6993507, 0.64669317, -0.9371737, -0.20232043, -0.39025435, 0.273658, -0.01615066, 0.35327035, 0.53747046, -0.4421181, -1.2410334, -0.95869106, -0.15022032, 0.36577898, 0.98870736, 0.3261028, -0.04706834, 0.012931926, -0.62326956, 0.1008919, -0.7171032, 0.5482454, -0.07620997, 0.14338157, -0.6454256, -0.122459196, -0.07854182, 0.5319347, -0.6597715, -0.4268593, -0.5461313, -0.8865641, 0.29241064, 0.48368007, 0.4928987, 0.27826777, 0.30046982, -1.6392308, 0.4241148, 0.020654975, -0.06466225, -0.59908986, 0.29966807, -0.5969812, -0.11398313, -0.92638487, 0.8759224, -1.3682004, -0.27592608, -1.4354234, 0.35771164, 0.13501722, 0.50333166, -0.9457368, -0.22541033, -0.6937491, 0.5122436, 0.49729696, -0.0523988, -0.09069195, -0.10747318, -0.4242062, -1.1110058, 0.84356105, 0.4619462, 0.51908, -0.6973674, -0.71371305, -0.14342786, 1.329777, 0.1950981, -1.5239456, -0.8901833, -0.15749002, 0.039468218, 0.3352448, -0.487666, -0.1675108, -0.57105076, -0.17997995, 0.38948184, -0.033725254, 0.92618245, -0.38655344, 0.58632046, 0.6340623, -0.75392723, 1.0223547, 0.19254957, 0.6557936, -0.435967, -1.9406927, -0.23578829, -0.5074457, 0.747824, 0.654099, -0.92034584, -0.22958283, -0.94728035, -0.3222396, 0.3671772, 0.10875584, 0.23512714, 0.6666976, -1.3303589, -0.615019, 0.75577915, 0.8127165, 0.1644143, -0.1321889, -0.77937216, 0.108880155, -0.7695191, -0.19914542, -0.3366491, 0.27996626, 0.070287615, -2.146326, -0.7693932, -0.23126286, 0.54873735, -0.07674011, 0.07562375, 0.28383654, -0.3353594, -1.1203656, 0.4989354, -1.3618679, 0.5565372, -1.0670125, 0.6004921, 0.5593908, -0.2657583, -1.2618314, -1.0459079, -0.09784602, 0.573811, 0.05626262, 0.63902915, 0.16652074, 0.4050248, -0.55357945, 0.47905973, 0.24798414, -0.39904615, -0.09179639, -0.20447022, 0.97480255, -0.7491584, 0.5784411, -0.4866582, -0.2503546, -0.9289768, -0.35712335, -0.70645946, 0.5906556, 0.058495585, 0.249218, 0.05783942, -0.4997634, -0.24811329, 0.053109933, 0.15724452, 0.9935559, -1.3748144, 0.61938566, -1.1110682, 0.4284781, 0.48311186, 1.1527585, -0.6284274, -0.44158533, -0.120852605, -0.7719513, 0.008029487, -0.250946, -0.8708874, 0.22551481, 0.52769625, -0.15157527, 0.3180942, 0.15645732, -0.7449349, 0.85605925, -0.1898902, 0.17860296, -0.83314395, 0.20163363, -0.33636922, 0.5460503, -0.45534152, -0.55929786, 0.15717357, -0.61342084, -0.09475228, -0.5355326, 0.7951139, -1.4039356, 1.3639436, -0.3977971, 0.004496809, 0.70894444, 0.37894726, -0.37889004, -0.026197024, -0.560317, 0.61670125, -0.8270727, -0.28999224, -0.13646635, 0.6804206, 0.116356894, -0.5293008, 0.41849855, 0.6445963, -0.286104, -0.3267638, 0.46226335, 1.3495973, -0.542926, -0.61190593, -0.30703807, 0.46261945, -0.19300188, 0.7770154, -0.36311063, -0.05183564, -0.6838525, -0.34399277, 0.8735363, -0.621472, 0.630493, 0.39569262, 0.048784353, -0.5577973, 0.29707497, 4.9255417e-05, 0.4062667, -0.35790572, -0.31728902, 0.42977253, 0.2223422, 0.568774, 0.3583765, -0.5832556, 0.4781385, -1.3957953, -0.43126568, 0.4315039, 0.68836886, -0.20808229, -0.32839432, -0.39244747, -0.5802625, -0.06915019, -0.4916346, 0.41836715, -0.41637674, 0.034137882, -0.4570169, 0.99618584, 0.28561965, -0.5132429, 0.6605491, 0.37741485, -0.045533665, -0.98985994, -1.0986713, -0.34372607, -0.37182343, 0.029107098, -0.3364698, 0.7569468, 0.36254397, -0.86486703, 0.5102428, 0.3174773, -0.62494147, -0.8763129, -0.05418614, -0.016362373, -0.38207427, -0.37049794, 0.5479027, 0.6445872, 0.3034394, -0.3415663, -0.43096814, -2.0142472, 0.2902077, 0.33932373, -0.06830112, 0.07891144, 0.57421696, -1.3797565, 0.5646054, -0.43290374, 0.44761768, 1.6564416, -0.77976453, -0.18408254, -0.8212278, 0.15258607, 0.20007628, 0.0754468, 0.018346872, 0.24860223, 0.28963512, -1.1237426, 0.6349768, -0.89837945, 0.44510868, -0.85022366, 0.6378048, 0.5121103, -0.37524116, -0.2634233, -0.5217731, -0.28154632, -0.15543088, 0.067610264, -0.038063794, -0.1405493, 0.60420007, -0.18736659, 0.24452357, -0.5798065, -1.0008948, 0.2714422, -0.21109392, 0.045114055, -0.10788671, 0.31034902, 0.41068745, -0.31800017, -0.36379987, 0.32670394, -0.77903557, -0.9103966, -0.009484675, 0.2705918, 0.10675338, 0.51595026, 0.7135457, 0.04777852, -0.12702718, -0.5943502, -0.29944655, -1.3851234, -1.2478441, -0.024761397, -1.5135872, 0.5245559, 0.044019047, -0.77647954, -0.25016344, 1.6266104, -0.6385055, 0.18611869, -0.08353297, 0.027182996, 0.5172994, -0.6817585, 0.7917337, 0.41972727, -0.19091405, 0.07346407, 0.007995747, -0.2308067, 0.06504594, 0.08234039, 0.5501463, 0.3743251, -0.3220262, 0.49503395, -0.020320503, -1.7660847, 0.70820916, 0.76236993, -0.5956563, -0.06337471, -1.2171308, 0.24934717, -0.3176751, 0.4465302, 0.6829723, -0.64537853, -0.6071759, -0.37601483, 0.48467186, -0.8356302, 0.3774486, -0.1943821, 0.108385526, 0.86602074, -0.1406491, 0.015248981, -0.5225035, -0.2534171, -0.4256645, 0.6353936, -0.7540261, 0.32990646, 0.38454822, 0.026851324, -0.17354421, 0.026321666, 0.3857421, -0.16278149, 0.5026728, -0.31620508, -0.8820188, 0.00029807823, -0.047451258, -0.15392013, 0.029751344, 0.4523603, -0.21426524, -1.3408755, -0.55146444, 0.29510194, -0.32978, 0.21518137, 0.45248228, -0.5176469, 0.4371042, -0.47850993, 0.32614395, -1.4701722, -1.329979, 0.22712168, -0.1454067, 0.045552555, 0.50665766, -0.39281747, 0.13377593, -0.2950859, -0.43727744, 0.041209027, 0.75813866, -1.625315, 0.34319526, -0.3917597, -0.16242348, 0.3208582, -0.34316808, -0.14947885, -0.5713993, 1.631742, 0.67737967, -1.0498751, -0.25131488, 0.030123375, -0.53835255, 0.105799556, 0.40022612, -0.93480146, 0.6371971, -1.2012839, -0.49514532, 0.02795419, -0.639991, 0.38598233, -0.23243098, -0.3580474, -1.2175772, 1.5770892, -0.3161886, 1.6831474, 0.7852396, -0.12260911, 0.040862247, -1.1258852, 0.2709966, 0.26786995, -0.63975096, 0.49370056, -0.12530702, -0.54862857, -0.52549684, 0.08935856, 0.19174409, -0.14359038, 0.17457917, -0.24653326, 0.36596057, 0.1967598, 0.19327338, -0.23695692, -0.3378177, 0.18170302, 0.3965981, -0.41706952, 0.28348818, 0.001673111, -0.6151194, 0.25983, -1.0884322, -4.2015114, -0.27550375, 0.23813485, -0.18495265, 0.26797116, 0.3727227, -0.054399896, 0.5443934, -1.0683409, 0.22328986, 2.5347881, 0.34575114, -1.0145366, -1.4775923, 0.8441923, 0.32444367, -0.44866627, -0.23010814, 0.8938438, 0.26983735, 0.54509926, 0.9519344, -1.7072747, -0.39529386, -0.8650384, -0.070424154, 0.022830015, -0.71542764, -0.3921774, -0.48584494, 3.2249043, 0.4698798, -1.0268723, -0.71282285, -0.06539754, 0.13529138, 0.104377195, -0.84988946, -0.7213803, 0.9608194, -1.395679, -0.23453397, -0.44161877, 0.36000457, 0.24376823, -0.89621454, -3.2317183, -0.7074299, 2.6264896, 0.044351343, 0.20664915, 0.37419054, 0.25360975, -0.2199063, 0.049946714, -0.37630418, 0.4282823, -0.7599804, -1.4137866, 0.07021561, -1.1183751, -0.076710664, 0.44183624, 0.02866163, -0.3249041, 0.6222091, -0.113917775, 0.06563326, -1.0494226, -0.038376294, -0.7880017, -0.15896381, 0.27586353, -0.0016157791, -0.20524514, 0.22071281, 0.5730832, -0.35978478, 0.074346304, -0.12562469, -0.76113266, -0.75406057, 0.89028597, -0.27582547, 0.010322252, 0.5611303, -0.9953554, 0.37366536, -1.7727664, -0.31167954, 2.5911, -1.5661124, -0.32199273, -0.5660752, 0.5742775, 0.37185606, 0.6705888, 0.06926357, -0.3294884, -0.06933709, -0.17024876, 1.4546901, -1.08208, -0.4227717, 0.11691692, -0.34443748, -0.8572391, -0.24962237, -0.33171362, -0.20635928, 1.0189639, 1.3829486, -1.2362914, -0.94070417, -0.32311904, -0.85749024, -0.7436465, -1.2403073, -0.6132037, 0.23723038, 1.7169911, -2.464264, 0.85696524, 0.5853292, 0.29900962, -2.2113986, 2.4845762, -0.5996201, -0.27280918, -0.18568213, 0.36112317, 0.050066974, -0.07977471, -0.46505103, -0.20405032, -0.7817171, -0.4209208, 0.46724623, -2.070175, 0.5368324, -0.95342356, 0.77836627, -0.3827586, -0.8008802, 0.7373247, -0.9096145, -1.9264966, 0.3244811, -1.067686, 0.21189132, 0.22310124, -0.6953676, 0.07349281, -0.4516353, 0.0016226533, -0.0048885043, -0.1075722, -0.057012152, -0.69498664, 0.437016, 2.0863557, 1.0577933, 0.885665, -1.7043395, -0.00036316278, 1.3761522, -2.7152925, 0.69531363, -2.0116336, 0.8221255, -1.0965302, 0.11651498, 0.0007404218, 1.0762405, -0.3511076, -1.093733, -1.3827379, -1.0816805, 0.5205448, 0.91883165, 0.7661329, 0.10430724, -1.0513848, -0.35689193, 0.21849164, -0.6586809, 0.004695723, -0.13899878, 0.36244786, 0.62165916, 0.4068523, -0.55390435, 0.6412266, -0.79350805, -0.25157988, -0.5679076, -0.451876, 0.6022803, -0.5048208, 0.5115856, -0.6910921, 0.18445612, -0.11959955, -0.19298777, 0.052436356, -0.37376213, -0.53769726, -0.4483768, -0.11101841, -0.69972515, -0.56049305, 0.91755515, -0.7024155, 0.29685962, 1.7091514, -0.42024466, -0.027050488, -2.0098126, -0.49916464, 1.2749823, -0.90155447, -0.18204598, 0.26525286, 1.5424061, -0.8993145, -0.9189152, -1.5103216, -0.42972934, 0.04807544, -0.032869738, -0.04888509, 1.0869929, -1.5325216, -0.063506454, -0.015210953, -0.13528614, 1.0013698, -0.9201256, -0.54246753, -1.4050984, -1.5581019, 1.7672929, -0.53348434, -0.8583196, 0.8377871, 0.4425093, -0.66946566, -1.504046, -3.0815701, -0.1754144, 0.48918635, -0.23063797, -0.55321443, -0.48822802, 0.16605477, 0.3921208, 1.6367295, 0.27601245, -0.53349096, -0.3988283, -0.5766419, -0.8681217, -0.48913237, 0.09062853, 0.46706498, -0.004269655, -0.4238578, -0.47024903, 0.45678306, 0.21780427, 0.7379269, 0.19983394, -0.3083621, -0.22972916, 0.2929986, -0.16483901, 0.6288354, -0.555664, 0.09832166, 0.050434932, -0.58796656, 0.147493, -0.02506577, -0.2359274, -0.11043246, 0.07687393, -0.15601282, 0.18969776, -0.13204177, 0.32121393, 1.0581475, 0.44109562, -0.88274825, 1.1434108, -0.28587022, -0.73038375, -0.97490835, 0.1384728, -0.65185475, -0.8408656, 0.5634658, -0.49426547, 0.6074569, -2.0621047, 0.017251613, -0.79595125, 0.3197161, 0.35740697, 0.6637544, 0.015859466, -0.14846948, -2.0025482, 1.7477869, 0.1370804, -2.6709085, -0.39548403, 2.9067225, -0.42958796, -3.592598, -0.18739639, -4.465015, 0.3075655, 0.7555852, 0.36576697, -0.45234573, -0.5484819, -2.1050346, 0.52781343, -0.87619025, -0.68061614, 0.1051094, 0.19337831, 0.7560425, 0.4893099, -0.17896257, -0.09611313, -0.2192414, 0.1587045, -0.04506414, -0.77103156, 0.36949077, -0.078095324, 0.31019413, 0.46167484, 0.735244, -0.8868359, -0.34858426, -0.34202543, -0.1749441, -0.020439055, 0.5132008, -0.4441867, 0.056489807, -0.4109969, 0.48903567, 0.10841113, 0.20602113, -0.4398655, 0.13474134, -0.17240375, -0.30346185, 0.4001669, 0.268681, 0.20859903, -0.11909725, 0.108298175, -0.10681891, -0.07980654, -0.19014198, -0.26865432, -0.08675013, 0.1498607, -0.18832251, -0.15861814, 0.18092111, -0.8622303, -0.29111585, 0.2833763, 0.024348576, 0.33267412, 0.95205873, -0.12122798, 0.4280353, -0.17213947, -0.24048313, -0.6300643, -0.5637761, -0.1933854, 0.38876775, -1.0559745, 1.421758, -0.083800994, -2.3949564, -0.9656786, 0.09313854, -0.49750355, 1.888146, 1.0433246, 0.933548, 0.16304818, -1.5510175, 0.8096107, 0.5883772, -0.29122168, -0.44872487, -0.5597747, -1.3432463, -0.25664032, -0.16143698, 0.07804845, 0.07228977, 0.18463588, -0.19964413, -0.11257617, 0.19489163, -0.67839265, 0.47372732, -0.30985698, 0.41817304, -0.6101355, -0.99669695, 0.12455734, 0.7127658, 0.19698562, 0.514366, -0.7436951, -0.09176581, -2.1430864, 0.34385955, 0.24136125, -0.55600023, -0.7852534, 0.24081536, -0.59909254, -0.20580293, 0.020668307, 0.3077898, -0.656592, 0.37227744, 0.21119794, -0.11665415, 0.46792257, -0.7106413, 0.06482338, -0.7612891, 0.3662774, 0.05127717, 0.23595639, -0.5151214, -0.051525287, 0.6253927, 0.10885458, -1.1664674, 0.036609333, -0.33310747, 0.3811905, 0.4650884, 0.55291814, -1.0753042, -0.1466064, 0.09033507, -0.04971907, 0.36609802, -0.47825512, 0.14126883, -0.052324217, 0.0079161255, -0.43328896, 0.5039423, 0.67314, 0.53005165, -0.81262714, -0.69025785, -0.84791344, -0.44190657, 0.61040133, 0.58767045, 0.29553646, -0.8625251, 0.20504594, -0.9870939, 0.46137685, -0.27237004, -0.47907948, -0.15672159, 0.30233583, -1.2439406, -0.5009786, 0.29737505, 0.66921294, -0.027003132, 0.4770878, -0.9128355, -0.9581851, -0.28028604, -0.098666646, -0.382155, -0.066137776, 0.3541843, -0.20063135, 0.16305903, -0.45276093, 0.5368731, -0.16588368, 0.9139292, -1.0227991, -0.3458038, -1.5899899, 0.4781957, 0.4399495, -0.8894002, -0.38877493, 0.47062093, -0.28821844, -0.26771176, 0.08238933, -0.55041546, 0.3651446, 0.13678877, 0.060600735, 0.09913873, 0.015101961, -0.85563546, 0.45060462, 0.08169024, 0.60984653, 0.10052904, -0.0745328, -0.6338987, -0.6736788, -0.44812083, 0.7700355, -0.9694191, -0.31031358, 0.17779937, -0.15951873, 0.96354616, 0.3808164, -0.73267835, 0.30258316, 0.37025768, 0.014802693, 0.8283708, -0.40562353, -0.16533288, -0.5437383, -1.1005906, 0.23065294, -0.45703056, 0.40572664, 1.3698523, 0.5086333, -0.84323883
-0.32805797, -1.0351003, 0.43142605, 0.3845595, 0.28235093, -1.8601167, 0.54267985, -0.83271736, 0.24036455, -0.6179844, -0.09408892, -0.81942475, 0.2650056, -0.13348202, -0.025923321, 0.16421409, 0.5731295, -1.0272804, -0.44105014, -0.06628121, -0.71964663, 0.21538638, 0.4391424, -0.7110951, 0.0013263559, 0.58798015, 0.53184175, 0.13811722, 0.2845592, 1.1735948, -0.03043082, 0.9050399, 0.4486013, -0.3300185, -1.6942232, -0.6529816, -0.6691963, -0.06941351, -0.5367217, 1.1111974, -0.53665787, -0.24604058, 0.16804317, -0.64639604, 0.29453856, 0.33550617, -0.017237287, 0.4920519, -1.7696135, -0.57806426, 0.3473936, -0.26971534, -1.1696637, 0.44739133, -0.435678, 0.21299352, -0.32204646, -0.80974615, 0.07830112, 0.20375583, -0.2053722, -0.93134683, -0.11279228, 0.56151485, 0.24482237, 0.45171693, 0.9169302, -0.23809208, 0.017104741, 0.73992693, -1.4095074, 0.81268173, -0.3331976, 0.15983365, -0.06791523, -1.1296234, -1.7116817, 0.905463, 0.17130356, -1.0954129, 0.26881585, 0.10271194, -1.3115796, 0.05262009, 0.4382798, 0.1368492, -0.37887827, -0.8430596, -0.23485364, -0.031892125, 0.45482025, -0.18492839, 0.3004854, -0.19953223, 0.40221053, -0.14347264, -0.049147055, 0.18945971, 0.06969852, 0.13274777, -0.06081794, 0.23433076, -0.44895542, -0.49606967, -0.32582182, 0.44393712, 0.77403593, 0.6218013, 0.39359483, 0.7592904, -0.48195273, -0.54945934, -0.27547815, -0.24634507, -0.6884128, 0.036747742, -0.6552852, -0.9789809, 0.3994733, -0.53115225, -0.08430228, -0.0783376, -1.1086221, 0.6462806, 1.0354092, -0.45021853, 0.10685682, 0.10279205, -0.9829575, -0.9585335, 0.05650021, -0.0635044, -0.4003487, 0.92076516, -0.7826202, 0.57723373, -0.08699895, 0.1362656, 0.45692745, -0.7864946, 0.047027625, -0.7461997, -0.31249797, 0.06385331, 0.42429313, -0.17509183, 0.61082846, 0.4301391, 0.523505, 0.8258035, -1.4758853, 0.36618418, -0.6851106, -1.9338262, 0.3890602, -0.2764274, -0.23502018, 0.11173276, -0.17038184, -0.7729716, -0.08926251, 0.49148723, 0.15576403, 0.65266967, -0.5252709, 0.20452629, -0.58128947, -0.4570196, -0.63685507, 0.1654919, -0.42027542, -0.1484125, 0.79679006, 0.5247831, 0.4283958, -0.32787067, -0.15647323, -0.35091886, 0.23027943, -0.11247646, -0.2600676, -0.024725122, -0.269471, -0.8076397, 0.19400367, 0.59005487, -0.43950102, -0.55520153, 0.077702545, 0.8606703, 0.022489794, -0.1963434, -0.20888737, -0.16928309, -0.07960706, 0.118540585, -0.78183717, 0.5826329, 0.9912465, -0.007352296, 0.3127299, -0.43866968, 0.47173578, -0.361546, -0.6427295, -0.72560906, -0.37667418, -0.06716405, -1.9555236, -0.21411112, -0.37982705, 0.5490587, 0.40771762, 1.0783582, 0.2192086, 0.05220229, 0.33295983, -0.43470412, 0.039630327, 0.1535555, 0.13190845, -0.33102456, 0.39118022, 0.3704035, -0.06167587, -0.5026834, 0.39639774, 1.1532959, -0.14061531, -0.0009992658, -0.57352626, 0.24041036, 0.078159735, -1.70057, 0.6084511, 0.13367735, -0.80652136, -0.44624344, -0.073469006, -0.09738456, -0.43903553, 0.0339011, 0.70331454, 0.12431814, 0.34216478, 0.16426098, -1.4825922, -0.35970482, -0.47336152, 0.295719, -0.21949098, 0.53319365, 0.11863242, 0.45109704, 0.44778934, -0.12513158, -1.3960136, -0.21762322, -0.6633632, 0.50014, -0.40492052, -0.0131365275, 0.116844766, 0.54362845, 0.2361365, 0.2882603, 0.5831424, -0.99003685, 0.27466106, -0.7664949, 0.35010278, -0.61822504, 0.7129405, 0.3245147, -0.40853253, -0.9905015, -0.62698, -0.6304171, 0.61181813, -1.2826065, 0.61552495, -0.6684872, 0.42477402, 0.7218477, 0.1239247, -0.742667, 0.4220185, 1.4019185, -0.8962395, -0.34788457, -0.18969704, 0.13860543, -0.13317354, -1.2538875, 0.25420544, 0.60928774, 0.58571994, -0.6327007, 0.3565772, -0.11210964, 0.002553852, -0.019399801, -0.14057977, 0.935038, -0.23411663, -0.5124526, 0.17246695, -0.23453942, -0.5951115, -0.26301384, -0.59753424, 0.700729, 0.58831096, 0.21859404, 0.39309588, -0.80373687, 0.10454169, -0.3514575, -0.44021568, 0.42458323, 0.22134869, -0.15298334, 0.31130728, -0.07447436, 0.5471079, -0.2300764, -0.8867463, 0.34151813, -0.2956646, -0.032150447, -0.33696654, 0.67735654, -0.13095874, 0.099619396, 0.17384051, 0.08431249, -0.51517844, 2.4747398, -1.002267, 0.13665865, -0.6173995, -0.4746727, -0.8224973, -0.5773422, 0.7624058, 1.0853211, 0.106623575, 0.76703894, 1.1892439, -2.482209, 0.72869927, -1.5316539, -0.35715282, -0.28663567, -0.90705866, 0.11154264, -0.6094008, 1.4155816, 0.27417272, -1.0853871, 0.27113757, -0.44001627, -0.9308187, 0.90076613, -0.90818423, -0.07618595, -0.25482953, -1.0699441, -0.30030075, -0.21839575, -0.90428936, 0.71377933, -0.40034354, -1.1796013, -0.15674126, 1.0727854, 0.510159, 0.48473912, -0.07598343, -0.27417585, 1.172429, 0.24548897, 0.16956323, 0.92752534, -0.42436975, -1.7151024, -0.27515322, 0.3985763, 0.35307437, -0.8790834, 0.026028892, -0.003808281, 0.6592493, 0.45773575, -0.3364556, 0.60668963, 0.2690928, 0.45664027, -0.41145867, 0.32815728, 0.27443624, -0.38219163, 0.34489733, 0.11574686, -0.12195246, -0.0730303, -1.597319, -1.533466, -0.22100118, 0.4184526, -0.20646378, 0.4793239, 0.032269176, 0.18570468, 0.13558702, -0.83953285, -0.052970085, 0.39179832, -0.6896403, -0.09876252, 0.6301417, 0.13188833, -0.13767704, -0.050429586, -0.41428313, -0.042737443, 0.26002994, 0.47437572, 1.2030002, -0.8545403, -0.26905844, -1.2731568, -0.49874723, -0.87497205, -0.49591643, 0.21707304, 0.08514796, -0.08211847, 0.37920842, -0.496972, 0.2981007, -0.5223006, -0.4227517, 0.24948116, -1.4013861, 0.8705169, -0.49136552, 1.5750663, 0.18504651, 0.91990703, -1.7288405, -0.050553866, -2.241268, 0.5609209, 0.04637215, 0.8553802, -0.06021177, -0.5089514, -0.1479281, -0.71716905, -0.86535364, 0.0791683, 0.9578049, 0.14926226, -0.15238746, 0.111217916, 0.77697456, -0.20255312, 0.20132118, 0.2681323, 0.2835298, 0.63060004, 0.05104265, -0.6765187, -0.6244117, -1.1376622, 0.084574, -0.88299096, 0.0915025, 0.12049453, 0.16177924, -0.113612294, 0.015471355, 0.22872163, -0.32441044, 0.33684263, 0.52116853, -0.050921414, -0.52085453, 0.053853605, -0.36435622, -0.2629078, -0.4076329, 0.08048295, 0.24680564, -1.8737704, 0.71299505, -0.54466593, -0.49765024, 0.68663144, 0.07949205, -1.4946398, 0.6204873, -0.1522423, 1.104452, -2.298131, 0.4146942, 0.45944244, 1.1085324, -0.36117515, -0.8181022, -1.1447996, -0.57720923, -0.5034142, 0.31139106, -0.76375926, 0.41088188, -0.08107161, 0.33410478, -0.55049914, -0.7768307, -1.1452503, 0.31120807, 0.25013936, -0.093763486, -1.6204892, 1.2734747, 0.63784474, 3.1152322, 0.743229, -3.0797896, -1.4542631, -3.1976528, -0.8869588, -0.26957098, -0.22016868, -1.0550689, -1.2679777, 0.8676491, 0.43274903, -0.27835366, -0.34997666, -1.1105748, -1.1790785, -1.2223092, 1.2850925, 0.744239, 0.12761916, -1.467809, 1.1314814, 1.6240194, -0.5292117, 0.59119976, -0.2588901, 0.16054763, -3.173054, 0.39655584, -0.3611026, -0.9548145, 0.5799428, -0.7403147, 0.0021117427, -0.09589082, -0.054974847, 0.23553416, -0.5651432, 1.8391316, -0.117223226, -1.4291044, -1.5124723, 0.4796097, -0.38771215, 0.24173757, 1.0156136, 1.1410396, -2.6169293, -2.7848856, 1.0653405, 1.1336986, 0.75544626, -1.1224858, -1.0712867, -0.7825483, 1.1152585, 0.0031798917, -2.5893478, -0.051928204, 0.9693051, -0.058813762, 0.3357117, -0.0014395386, -0.2356118, -0.11686078, -0.4405721, 0.63403064, -0.9858479, 0.054738652, 0.38214445, -0.26380056, 0.5488377, 0.61151385, -0.8000589, 0.176234, -3.7980785, -0.36755687, 0.12034012, 0.17706928, -0.27121258, 0.18050498, 0.21905445, -0.3387368, -0.5055384, -0.63850063, -0.46235836, 0.11183186, -0.53966105, 0.18931687, -0.35794488, 1.0750036, -1.5956279, 0.0045088087, -0.18189791, 1.6479813, -0.45561618, -0.4759042, -0.41752657, -2.5237281, 1.6366155, 0.5080371, 0.6788451, -0.75584954, -1.0178653, -1.0861801, 0.00083387364, 0.10794125, -1.6731492, 0.052584145, -0.0045865662, -0.23648149, -0.9012989, 0.61039484, 0.041975006, -0.14158222, 0.38483894, -0.86243784, -0.24851272, -0.17291807, 0.79633075, -0.16301458, -2.8425188, 0.392756, 3.160026, -0.24128848, -0.012854256, -0.5699074, 0.010810953, -1.0989996, 0.96605587, -0.79927504, -0.8644205, 0.13933244, 0.46417198, -1.4726295, 1.061864, 0.75458485, 0.6161233, -0.10681005, 1.3272018, -0.63621587, 0.29180327, 0.283407, 0.036874264, -0.098891005, 0.84165454, -1.0641783, 0.13751592, 0.46522662, -0.37547246, -0.15531357, 0.32658803, -0.6004067, 0.014463042, -0.0047104373, 0.4788671, -0.33278555, -0.027290465, 0.10479804, 0.30164686, 0.27937663, 0.0491036, -0.60714525, -0.25427076, -0.2706061, 0.43968427, 0.07098145, 0.13869433, -0.15352213, 1.5857936, -0.34147444, 0.60493124, 0.617261, -0.18807957, -0.059624694, -0.58208084, -0.5914563, -0.84445196, -1.1328931, 0.6350683, -0.82894945, 0.5598348, -0.4161744, 0.6510678, -3.623137, 1.2216008, -0.021467961, -0.04357325, -1.9868801, -0.5161828, 2.952906, -1.6608659, -0.42792016, -0.22464779, -0.26716086, 0.6437542, -0.93597126, -2.735589, 0.12795518, -1.0908495, -0.50954837, -0.1411229, -0.7973439, 0.83393574, -0.1231477, -0.56686586, 0.39878482, -0.09090111, -0.832919, -0.10175367, 0.00090267014, -0.3264905, 0.2625757, 0.9536764, -0.040218253, 0.4348219, -0.28790778, 0.668508, -0.5961274, 0.68971395, -0.89404625, 0.26853263, 0.6733919, 0.3618878, -0.30540112, 0.62797445, -1.1436938, 0.37994587, -0.28810808, 0.369318, -0.4227693, 0.26746172, 0.042287413, 0.00059331715, 0.46825004, -1.3311101, 0.5088366, -0.18656762, 0.028980542, -0.06926177, 0.42746475, -0.0102745555, 0.09568508, 0.31045222, 0.08036231, -0.19730155, -0.0757624, -0.06052002, -0.37459764, 0.9621423, -0.70891994, -0.39769387, 0.9310546, -1.0044353, -0.7341798, 1.4409684, 0.43690634, -1.1728282, -0.23667954, -0.091973856, -0.07831661, 0.28995878, 0.50638074, 0.44466522, -0.35540184, 0.04816134, -0.98450494, 0.9048366, 0.056990042, -0.14281751, 2.4262223, -2.2037914, -0.96357554, 1.9382412, -1.7318332, -0.30917552, -1.6635792, 0.3994667, 0.5475582, -1.0752759, 0.6095868, 0.67869514, -1.2256247, 0.0011358149, 0.33026612, -0.30091366, -0.05455843, -0.9081133, -0.27705684, -0.35608113, -0.33594358, -0.13334961, 0.21611626, -0.23959973, -0.0048890505, 1.1623113, -0.1143955, -0.22191136, -0.48913285, 0.27847397, -0.6295091, 0.27101707, 0.20941982, 0.7459907, -0.5364332, 0.24061696, -1.7874252, 0.7081615, 0.115545794, -0.15453807, -0.0061348793, 0.70075953, 0.14389539, 0.06848408, -0.3475416, -0.2252556, -0.6291244, -0.28287634, 0.31723928, -0.04568336, -0.055255786, -0.7607852, 0.088050276, 0.116962895, -0.068887904, 0.20674434, -0.13885973, 0.17560178, -0.6385987, -0.41696447, 0.19394808, 0.1638085, 1.0898379, 0.5398003, -0.50887626, 0.1350353, 0.23615651, -0.23092705, 0.3176918, -0.68616784, -0.22090587, -0.102139644, -0.6191482, -0.06280007, -0.004741744, -0.5586921, 0.34402457, 0.40383464, 1.5341531, 1.3958386, 1.2002991, -1.4180565, -0.26085952, -0.6280666, 1.159949, -0.04838454, -0.29936105, -1.7791526, 0.13566667, 0.86877763, 0.31950676, 0.106291614, -0.0860439, -0.051303267, 0.0010627884, -0.093247876, 0.2538066, -1.2608706, 0.08377804, -1.3078938, -0.19532602, 0.29110205, -1.0644956, -0.04469427, 0.38583392, 0.36810878, -0.35875297, 0.55819404, -0.20342764, 0.04404984, -0.106923185, 0.7528338, -0.4903874, 0.8874913, -0.53407896, -0.7964924, -0.916857, 0.7575685, -0.041554198, 0.424303, -0.31673408, -0.52650905, 0.113551565, -0.12332067, -0.02770322, -0.25053528, 0.14911547, 0.0706516, 0.27449158, 0.19509336, -0.15842213, 0.19036233, -0.22598012, -0.6654152, 0.71412516, 0.68463933, -0.2519638, -0.65280503, -0.06844232, -0.34319794, 0.18623959, 0.7976999, 0.3721887, -0.69235414, -0.34723032, 0.6425536, -0.20282397, -0.18076085, 0.35904616, -1.4269215, -0.386616, 0.5110539, -1.5544903, -0.28517744, -0.2589178, -0.5097217, 0.3402352, 0.2345992, 0.8984637, 1.9255198, -0.5433616, -1.4778421, 0.12761761, -0.44085672, 0.17281967, 0.6313042, -0.4150861, -0.20554642, 0.43573743, -0.13582876, 0.1173698, 0.30840608, -0.535535, -0.7167856, 0.35126674, -0.32202235, -0.22070348, -0.19652493, 0.8474346, -0.39277565, -0.47809166, 0.021952793, -0.7288404, -0.47778472, 0.46291086, -0.21431144, 0.431221, 0.42194563, 0.9329627, -0.5705788, -0.2479281, 0.5288598, -0.738306, 0.8713716, 0.65127647, -0.16962239, -1.2534314, 0.26009932, -0.17761986, -0.08993532, -0.55365676, -0.1466984, 0.023104535, 0.6230325, 0.063049644, -0.15150426, 0.15984851, 0.18496701, 0.22193688, 0.43799078, -0.28044856, -0.64159364, 0.32124874, -0.9678641, -0.13508514, 0.017140197, -0.113803096, 0.10122562, 0.6172857, -0.5298915, -0.22300246, 0.6472084, 0.4108201, -0.35659745, -0.076872356, -0.27020824, -0.275844, 0.60450566, 0.49273917, 0.13290581, 0.42687052, -0.33108053, -1.5661151, 0.69370806, -0.12732968, -0.9070044, -0.27671286, 0.1990597, 0.41422987, -0.36672154, -0.4477638, -0.90262187, 1.3120849, -0.062039062, -1.1083924, 0.78146464, -0.4002995, 0.21224698, -0.26429516, 0.30292064, 0.0042034946, 0.62199515, 0.49928275, -0.86380666, 0.18891859, -0.32968187, 0.020475535, -0.83309597, -0.03749578, -1.0965769, 0.83794403, 0.50323844, -0.055820413, -0.06510322, 0.25177392, -0.339606, 0.6170073, -0.9128084, 0.36481047, 0.10954822, 0.46110827, 0.1386149, -0.49594888, 0.51813424, 0.8502431, -0.94009393, -0.356244, -0.72398216, -0.67208314, 0.63351065, 0.13819736, -0.76367116, -0.15976086, -0.32134348, 0.75169355, 0.2511822, 0.16804428, 0.2618007, -1.0243992, -0.2980011, -0.4071223, -0.5159079, 0.979361, -0.53114945, -2.5349655, 0.15995711, 0.12005366, 0.51315594, 0.39714864, 0.3049382, 0.5338048, -0.092839725, 0.47053382, 0.3002865, -0.7505464, -0.64699125, -0.32743162, -0.58937305, -0.6068713, -0.12451081, 0.358976, 0.5892864, -0.7178339, 0.14876515, -1.4270006, 0.38725013, 0.6676377, -1.0808849, -0.267458, -0.5879711, -0.8169781, -0.2946578, 0.57824033, -0.017801033, -0.014795079, 0.27381372, 0.10574891, 0.34501228, -0.3133507, 0.15914053, 0.39495352, 0.42623726, 0.28302586, -0.82225806, -0.2657002, 0.32672587, 0.13842404, -0.6111917, -0.5828207, -0.17927274, 0.4684572, 0.16292185, 0.51724535, 0.63695896, -0.058632825, -0.19616339, 0.46347666, -0.9455788, -0.46676025, -0.9220173, 0.486162, -0.17377347, -0.14310464, 0.04825383
0.44643736, -0.09908092, 0.37471437, -0.3697973, -0.51531345, 0.36710748, 0.3918062, -0.49566898, 1.0644844, -0.5496868, 0.6580193, -0.4263697, -1.0353252, -0.2659285, -0.13228248, 0.060747106, -0.62048906, 0.20586002, 0.6280935, -0.62141645, -0.7316145, 0.5290148, -0.94991016, 0.48715436, 0.2271254, -0.6701432, 0.30929998, 0.3390191, 0.18448582, 0.04750483, -0.14826179, -0.82030076, -0.008872844, -0.16260237, -0.652829, 0.95223427, -0.056265693, 0.6891148, -0.44205534, 0.5158161, -0.40112457, -0.34717986, 0.7829801, -0.43444756, -0.5715796, -0.351868, -0.3810363, 0.08718807, 0.0858174, 0.17872828, 0.52559155, 0.008027993, -0.21643348, 0.072238594, -0.90435207, 0.38640177, -0.33627644, 0.26982093, 0.086397894, 0.25913832, -0.7427166, -0.24495076, -0.23103969, 0.12175121, -0.23271021, -0.394202, -0.0010747528, 0.3469489, -0.118330434, -0.117195725, 0.13985063, -0.8339091, 0.31859523, -0.4279821, 0.042790588, -0.5385678, 0.9893543, -0.34419882, -0.07679244, -0.22466427, -0.03978216, -0.88524646, -0.45093507, 0.3806395, 0.001267636, 0.66172045, 0.9768454, -0.9511907, 0.25746623, -1.2274251, 0.037665445, -0.8985906, -0.36003414, -0.31493935, -1.1752307, 0.95669276, 0.18534215, -0.3358058, -0.018503424, 0.5590698, 0.11869007, 1.3251044, -0.32488367, -0.33480272, -0.08299285, -0.17365713, 0.0324125, -0.09355812, -1.0968626, 0.34630224, -0.34636113, -0.7105683, 0.27816093, 0.2815025, -0.2444936, -0.45444643, 0.3789029, -0.05014165, 0.01161045, -0.21917689, 0.099974625, -0.060219496, 0.33767846, -0.44769168, 0.34474692, -0.88966936, 0.06245828, 0.085033245, 0.21485524, 0.2646945, -0.13426435, 0.3534221, 0.07825695, -0.17614637, 0.0857238, -0.1632705, 0.54463047, -0.15389432, 0.49484605, -0.40717676, 0.08811962, 0.17116164, 0.1214236, -0.9836385, -0.3955955, -0.59367514, -0.5135357, -0.039435565, 0.07144587, -0.2509805, -0.30200025, -0.6899799, 0.48599726, 0.99660957, 0.13702665, 0.10598408, 0.6524933, -0.4095916, 0.0918298, -0.828511, 0.07567229, -0.55329657, 0.04768633, -0.024997808, 0.02850744, 0.61813277, 0.5126174, -0.23800623, 0.44408447, -1.3863902, -0.56148577, 0.3023008, -0.24403256, -0.41834003, -0.62279516, -1.837594, 0.48331502, -1.8471506, -0.655001, -0.2179395, 0.6212633, -0.17194745, 0.4705377, 0.9833587, -0.67989594, 0.2960777, -0.13220057, -0.34181932, -0.82388395, 0.24358548, -0.14538023, 0.7903224, 0.23335229, -0.30293608, -0.28878483, 0.35137314, -0.65952027, -0.55473614, 0.73158604, -0.29689634, -0.14034222, 1.3808769, -0.16040662, -0.008653068, 0.53541964, -0.10366724, -0.20196064, 0.010136191, 0.009582946, 0.15816765, -0.10875667, -0.17785352, -0.006966937, -0.2926757, -1.0441738, 1.6105752, -0.0033012973, -0.48688596, 0.7968179, -1.1682951, -0.5849429, 0.18662624, 0.03686192, -0.43541223, -0.57339054, -0.23215623, 0.5984124, 0.4304475, 0.06918208, -0.14423762, -0.7101791, -0.31171414, -0.2578224, -0.22826506, 0.09680342, -0.6190273, 1.4060956, -1.1215553, 0.15506928, -0.72390574, -0.023887072, 0.2618381, -0.9375648, -0.10389174, -0.6658354, 0.21589299, 1.0644237, -0.7734538, 0.24573855, -0.22522572, -0.3872518, 1.1022525, -1.5600734, -0.814789, -2.5745237, 0.15273182, 0.5285264, -1.6092257, -0.29502887, 0.629427, -0.31563422, 0.2425907, -1.1608889, 1.2411, 0.24206349, 0.71091783, -0.5727873, -0.5357169, -1.720371, 0.32554564, 0.5632826, -0.03713918, -0.4219701, 0.2308953, -0.26546645, 0.66024613, -0.23260552, -0.3934222, -0.08633544, 1.1184927, -0.5162783, -0.5413448, -0.0644485, -0.9921499, -0.06851369, -0.62550735, -0.20170009, 0.08679846, -0.19411814, 0.0104883155, -0.04844263, 0.098876245, 0.2136683, -0.46262273, -0.8885424, 1.6860602, -0.5049117, -0.7288091, -0.7800716, 1.1907116, -1.0024859, -0.23567507, 1.0405495, -0.58449525, -1.4507107, -0.86182535, 0.1150937, -0.1902563, -0.89322156, -0.39672628, 0.25644863, 0.4700132, -1.3292949, 2.0297422, 0.04233942, -0.076016806, 0.3302856, -0.3993396, -0.1872154, -1.1427839, 0.2527294, -0.35827225, -0.15276161, 0.5918524, -0.17660889, 0.04685898, 0.13510345, -0.2753693, -0.39145538, -0.9190264, 0.6788591, 0.00060093997, -0.40648845, 0.28648445, -1.5576887, 1.4834224, -1.1154017, 1.4844215, -4.017332, -1.9210515, 1.4516139, 3.0157418, 1.5589101, 0.1239147, 0.088017315, -1.1586956, -0.15109181, 2.8770282, 0.03306972, -0.8279933, 0.3349511, 1.2366319, -1.3577982, -1.2930173, -0.55334675, 0.27428478, 0.030217769, -0.19090743, -0.30408067, -0.2183478, 0.8723301, -0.70343935, -0.45120975, 0.3415658, -0.05778911, -1.738166, -0.6925688, 0.3826986, -0.54571605, -0.21319552, -0.55082476, -1.1255988, 0.38047707, 0.8673322, -0.40276712, 0.42846978, -0.49165964, -2.0349028, -0.45292062, 0.20233102, 0.9490296, -1.8922781, 0.1505433, 1.9530426, 1.4760647, -0.97607404, -3.2240224, 0.21556865, 1.6773312, 0.07637848, -0.1579954, 1.1686196, -0.21979634, -0.87637186, -0.14717636, 0.19771183, -0.0830283, -0.018921746, 0.7481618, -0.3330625, 0.009307483, -1.561082, -0.35949156, 0.91131985, 0.43715242, 0.912165, 0.7731038, 0.039661348, -0.5167394, -0.888577, -2.39221, -0.7570984, -0.29058897, -0.80614287, -0.0056529706, 0.3102792, -0.28694353, 0.3735353, 0.36548394, -0.5941529, -0.03112997, -0.9440217, -0.13564673, 0.29507312, -0.66306, -1.8483912, 0.59667015, 0.065557115, 1.1046157, -0.16854197, 0.8544946, -2.189767, -2.191911, 0.8260899, 1.8722456, -0.9230914, -3.5958083, 1.6469505, 2.7231865, 0.098661356, -0.11356325, -0.5126956, -0.3419192, -0.8273613, -0.9824449, -0.26428288, 2.5509953, -2.257161, 0.045435283, 0.043930605, -0.1423621, -0.120586134, -0.17138974, -1.3337702, 0.63361835, 1.3119359, -1.426567, 1.0838839, -1.7583013, -0.39702988, -0.1267646, 0.8632578, -1.9699498, 0.307622, -1.0776175, -2.1446323, -0.023787428, 0.16096127, 0.48296717, -0.9765644, -1.1707281, -0.24572802, -0.1027029, -0.2959254, 0.1878471, -0.03995753, 0.14373799, 0.49963123, -0.041883588, -0.19125316, -0.1790651, -0.6229546, -0.39137274, -0.1922603, 0.25297478, 0.3140423, 0.08239309, 0.15632941, 0.25933313, -0.20263062, -0.6983021, -0.091680855, 0.027578298, -0.017337194, 0.13952255, 0.65266675, 0.29814187, 0.43843514, -0.08678406, -0.4525116, -0.4096751, -0.16567695, -0.16595477, 0.04517991, 0.18508808, 0.29769924, -0.26146144, 0.10031305, 0.021287285, 0.35909006, -0.35157016, -0.31074926, 0.532233, -1.364538, -2.0556288, -1.7147624, -2.86139, 1.1309786, 0.47283357, 0.83995646, -1.4478215, 0.3729055, -2.085559, 0.7148475, -2.0583918, 0.3983721, 4.545924, -2.5869808, -2.790737, -0.077389866, -0.12215116, 0.2219073, -1.9415752, -2.3498228, -0.09103036, 0.6830353, 0.29157063, -0.26213893, -0.86542916, -0.39051086, -0.64249676, -0.17119496, -0.37155512, -0.14763889, -0.06665516, -0.7460196, 0.01060524, 0.6316941, -0.89805573, 0.4810309, 0.49552453, 0.42704353, -0.84140027, -0.47676387, -0.5787985, 0.4183165, -0.21086873, 0.092723966, 0.23574357, 0.1621001, -0.038879585, -0.2986677, -0.171398, 0.9959559, 0.545579, 0.27721444, 0.012899765, -0.0533299, -0.5975428, 0.17089997, 0.30182648, -1.4386997, 0.2123605, 0.22935256, -0.35191777, 0.34341413, -0.099443376, 0.5941559, 0.33909088, 0.04491664, -0.007250367, -0.44542676, 0.056980494, 0.0306335, -0.3265193, 0.4889953, -0.12823066, 0.27937725, -0.54859596, -0.72362274, -1.01258, 1.3891783, -0.3637606, 1.4390117, -0.92701936, 0.41738456, -0.5923363, 1.4383967, -2.0668912, -0.34890765, 0.94778013, -0.23560444, -0.3808178, 0.118661135, 0.21171936, 0.99501026, 0.3573549, -2.5301037, 1.0885884, 1.4247168, -0.7507586, 0.5718568, -0.32042754, -1.5943339, 0.13269371, -0.7730837, 0.11007913, 0.06331117, -0.41178644, -0.15642439, -0.01584485, -0.23622811, 0.26998022, 0.44220752, 0.4911304, -0.86674815, 0.6596013, 0.07564635, -1.0300007, 0.3150296, 0.18935254, -0.14601207, -0.41684973, 0.17524879, 0.023996377, 0.6546643, -0.12878455, 0.4121114, -0.031047527, 0.55525655, -0.34011686, -0.29015705, -0.33745962, -0.12562063, -0.27774158, -0.109754495, 0.10129538, 0.20637637, -0.30434075, -0.18373856, 0.36480653, -0.85955733, 0.06573897, 0.14092757, -0.20087454, 0.58863944, 0.04669004, -0.3828509, 0.07744718, 0.1760243, -0.3813205, 0.47766817, -0.20016065, -0.10265568, -0.65496516, 0.2835269, -0.0034790777, -0.110451005, -0.46493328, 1.5526041, -0.3021476, 0.54720145, -1.5710448, 0.30776578, 0.15957046, -0.45965362, 0.24765995, -0.21093416, -0.9376266, -0.03338625, -0.15899032, -1.4033625, -0.41994274, 0.5095365, -0.055005148, -1.3787738, 0.9039483, -2.3105593, 0.16921909, 0.8812298, 0.17177916, 1.6682539, -0.45754403, -0.27537084, 0.39935473, 0.077865236, 0.120150894, -0.17878783, -1.1163306, 0.314465, -0.8494576, -1.2041315, 0.3118176, 0.4510349, 0.05742742, -0.85881287, 0.13906097, -0.035909582, -1.2239183, 0.3924834, 0.94641, 0.105415925, -0.0988542, 0.18795091, 0.12815651, 0.56058824, 0.16748764, 0.22476782, -0.9643521, 0.57749414, 0.014043849, -1.2858793, -0.02054296, -0.1785525, -0.013143086, -0.27046713, -0.2304973, 0.22385623, -0.55720323, 0.16240185, 0.12711011, -0.14584696, 0.12344481, -0.23481986, 0.02916535, 0.15653858, 0.15079647, -0.15060326, -0.23550017, -0.5313601, -0.26369232, 0.93834096, -0.33361858, -0.3165192, -0.20395167, -0.35703504, -0.13116223, 0.70957947, -0.23071304, 0.20900546, 0.23236236, 0.5405077, -0.7006327, -0.06658688, 0.5141371, -2.0247111, 0.015680857, 0.38890716, -0.43056753, -0.24040686, 0.64013577, -0.42469308, -0.40520826, -0.19690424, 0.40866825, 0.76616067, -0.4609044, -2.2730508, 0.7753466, -0.6213102, 0.5107326, -0.01911331, 0.11344319, 0.50407547, -1.0322647, -0.8376019, 0.19658, -0.090937756, -0.8542149, 0.22692026, 0.65292877, -0.1253196, -0.17208317, 0.3359862, 0.8542404, -1.2400076, -0.09289104, 0.7553468, -0.02803019, 0.6296566, 0.5941958, 0.31665102, 0.22507992, -1.9229518, 0.39161712, 0.13251089, 0.016004583, 0.21598412, -1.869737, 0.4851069, 0.24070242, -1.5022378, 0.41862273, -0.24273072, 0.3652381, -0.09040341, -0.22094183, -0.055644535, 0.45097247, -0.11774393, 0.18389341, 0.409019, -0.25852904, -0.87794644, -0.61576927, -0.41284034, 0.20931795, 0.05225474, 0.41736144, -0.5489248, -0.5499624, 0.7687513, -0.6711956, 0.2697498, 0.34804943, -1.2594893, -0.115256496, 0.49617764, 0.1748849, 0.16931053, -0.55810606, 0.35169592, -0.42832682, 0.16951427, 0.0777218, -0.36375692, -1.0301875, -0.33974373, -1.5817689, 1.3149824, 0.7917065, -0.016608957, 0.8421898, -0.96425396, -0.9203956, 0.04533504, -0.75252527, 0.45684567, 0.47230145, 0.073235385, -0.56984127, 1.0586113, -0.7251151, -0.06440793, -0.1639343, 0.8338483, 0.060547803, -0.07283744, 0.16689801, 0.20732178, 0.11541652, -0.63639534, -0.7356185, 0.021985997, 0.336454, -0.21591298, 0.35934994, 0.14836328, -0.44595987, 0.083906695, 0.9034202, -0.30041906, 0.35402632, -1.0043036, 0.19949262, 0.5645711, -0.27725294, 0.0978004, -0.29945683, -0.10998898, 0.08760647, -0.51128256, 0.043568738, -0.03721402, 0.365457, 0.56815624, -0.03979412, -0.8573833, -0.32100296, -0.3270614, 0.33492503, 0.5861243, 0.043989994, 0.14894935, -3.5970962, 0.49232125, -0.2221264, -0.5513042, 0.44252294, -0.9796522, -0.297924, 0.63376546, -0.15445578, 0.47413394, 0.35997435, -0.83459765, -0.4321369, 0.016941207, 0.12752378, 0.030352306, -0.5524718, -0.2044483, 0.45175806, -0.1117794, 0.118241616, -0.5777096, 0.26789346, 1.1205873, -0.2695078, 0.32917535, 1.126022, -0.86536753, 0.2052452, -0.6821374, -0.95509833, -0.07758315, -0.91568875, 0.3805203, 0.30920506, 0.2544953, -0.18809424, 0.6112834, 0.08342215, 0.03630618, 0.17318842, 0.7356543, 0.35269758, -0.46357986, -0.8081087, -0.14867963, 1.1338612, -0.071767405, 0.092056856, -0.631547, -0.08345193, 0.43656397, 0.17114334, 0.21122678, -0.503475, 0.2005685, -0.2662859, -0.41806212, -0.5658059, 0.5964178, -0.11659508, 0.428244, 0.66702855, -0.6448674, 0.36216798, -0.14478931, -0.09376452, -0.9733193, -0.15211864, -0.26859117, -0.26347485, 0.5603737, 0.6038825, -0.6525906, 0.78634304, -0.29183877, -0.08932517, -0.5582215, -0.1027987, -0.40944916, -2.6685045, 0.13126203, -0.014078704, -1.1505541, 0.7799142, -0.08554775, -1.4263889, 0.6689767, -0.55182064, 0.25148124, 0.0048190905, -0.92798084, -0.17305334, 0.40353847, -1.6351285, -0.16160485, 0.22233711, -0.511471, -0.17498188, 0.659649, -0.87526464, -0.046788264, 0.98669505, -0.4408062, 0.5751031, 0.31483996, -0.016655361, 0.29131123, -0.8177463, -0.43990862, -0.49676016, 0.49960947, -0.1698339, 0.1479686, 0.5624974, -0.009496499, -0.16187485, 0.196436, 0.11147637, -0.5082421, -0.96108073, -0.20682774, -0.021146562, 0.47244337, -0.6133911, 0.9163912, 0.49629018, 0.38340694, -0.72835267, -0.02264781, -0.5081272, 0.31854272, -0.2528765, 0.18785116, -0.054269493, 0.023359554, -0.19916017, -0.10418365, -0.40330657, 0.16306289, -0.017360736, 0.37650284, 1.0051748, -0.52191, 0.2016251, -0.1474965, -0.0716449, -1.1332723, -0.5376741, 0.020717755, -0.7391745, 0.6298514, 0.61511344, -0.12267648, -0.23179628, -0.44298792, 0.10509591, -1.9659182, -0.08076658, 0.2498667, -2.5158494, 2.900174, 0.28086084, -2.0107338, 1.0866995, -0.13125315, -1.174687, 0.5197825, -0.9112111, -0.430687, 0.45248726, 0.79081446, -0.4660285, -0.18680699, -0.83961046, 0.2848198, -0.02874396, -1.1122808, 0.047257684, 0.09409126, 0.16250105, 0.42921677, 0.8836684, 0.8650666, 0.1382503, -0.60473055, -0.32967612, -0.42081752, -1.2791942, -0.182589, 0.029571023, -0.5690911, -0.067464836, -0.25778162, 0.23514414, 0.3855924, -0.31234312, 0.08779809, 0.2683055, -0.16493498, -1.8194948, 0.8281738, 0.30182403, -0.10558638, -0.15914497, -1.207315, 0.5931461, 0.7639887, -0.57821566, 0.030342858, -0.378833, 0.051531382, 0.20636606, -0.28827775, -0.052124493, 0.16201481, 0.60276526, -0.9862434, -0.0005878006, -0.52147865, 0.022942552, 0.42284992, 0.8801487, -0.6421514, -0.30771813, -0.13432704, -0.0014599474, -0.60729647, -0.19311649, -0.7651761, 0.25281578, 0.7071583, 0.24740551, -0.24440165, -0.12432644, -0.620878, 0.17113468, -1.220618, -0.022852646, -0.5388365, -1.0590224, 1.687724, 0.47834477, -1.7294719, -0.07885104, -0.51538736, -0.41790172, 1.5320541, -2.0855677, 0.8488199, 1.340526, -2.8923008, -0.23909187, 0.70769644, -0.90571606, 0.25158495, -0.39056367, -2.592754
0.015320676, -0.22320887, -0.13160397, 0.021784717, 0.6850119, -0.09948178, 0.3224376, -0.33322796, -0.37619275, -0.38514394, -0.21324918, -0.25729632, 0.30176228, -0.93104833, -0.16240843, -0.0003906224, -0.21548773, -0.031494018, -0.025208374, -0.09068407, -0.2911197, 0.14435565, -0.61815304, 0.4580798, 1.0544934, -0.8259143, 1.2464814, -0.7664759, -0.81218576, 0.29360986, -0.4260922, -0.35335147, 0.47963828, -0.8101318, -0.31063467, -0.09861443, 0.3051229, 0.019268414, -0.21703866, -0.0703445, -0.11402062, -0.17799273, -0.30464834, 0.10612438, 0.27873692, -0.37176448, 0.64372694, -0.22314502, -0.07750894, 0.35285804, -0.53831285, -0.35416195, -0.2986806, -0.46285364, 0.4304361, -0.5460992, 0.57189584, -0.8350741, 0.12718461, 0.5121545, -0.34160277, -0.05490928, -3.1912088, 1.0295728, 0.22538184, -2.3851626, -0.17212224, 0.34619108, -1.2271993, 1.1464968, -0.27914378, 0.18810432, -0.8843481, -2.2123919, -0.2706313, 1.286873, -0.71528417, 0.58247524, 1.4289625, -3.2258914, -0.11788548, -0.30274886, -0.44963804, 0.40676302, 0.9306308, -0.0025519938, 1.0659149, -0.7777294, -0.20925345, 1.0168554, -0.9741961, -0.5297501, -0.53602165, 0.27584413, -0.27591673, -0.042414952, 0.46472168, -0.25675875, -0.22282739, 0.21367845, -0.01341989, -0.105145335, 0.5814285, -1.1373802, 1.4259429, 1.0256153, 0.009287531, -1.1658591, -0.85628176, -2.836628, -0.37103394, 0.32153052, -1.2458911, 0.5613293, 0.27262744, 0.4371045, 0.48748147, -0.45160925, -1.1381905, -1.0003154, 0.40132612, -0.9862274, -0.2901557, -0.15827367, 0.47909382, -0.67522866, 0.1955209, 0.020838574, -0.33714423, -0.2854282, -0.43200982, 0.46662375, -0.22678229, -0.24663644, 1.0911765, -0.54566246, -0.15517071, 0.49222347, -0.74972016, -0.3834872, -1.023954, -0.28193694, -1.0023875, 0.86260915, -2.247885, 0.628868, -1.6229507, -2.1251867, -0.5597873, -0.9086839, 0.5950917, 2.711116, -0.12606965, -0.7066876, 0.41101477, -1.9212519, -3.4025667, 0.55701786, 0.54779834, 0.88198, -1.5751783, 2.7475584, -1.2257016, -0.46219295, 1.361123, -1.0898738, 1.008912, 0.5505673, -0.7325299, 0.54010534, -1.1594636, -0.55354244, -0.5207689, -1.0438855, -0.64027214, 0.82583135, -0.85433143, 0.1806573, -0.6517553, 0.5805762, -0.14803474, 1.0488083, -2.529977, 0.7958768, 1.7910336, -0.6355044, 0.45324048, 0.4948989, -0.49900475, -1.8209598, -1.4232041, -1.111487, -1.1151613, -0.45804518, -1.2919793, -2.1923828, 4.1800246, -0.043062788, -0.016828075, -3.9886158, -0.78473014, 0.8392831, 0.28305554, 1.1362352, 0.12690261, -0.14507882, -0.6256628, -0.9538601, -0.56886804, -0.28044364, 0.06558297, 0.0043637133, 0.03877855, 0.12888847, -2.2911868, 1.2418672, 2.0221665, -1.1703492, -0.06758096, -1.1630951, 0.96455675, -0.13165024, 0.1512295, 1.1838825, -0.2389936, 0.784267, 0.76522547, -0.816043, -1.6352623, -1.6426803, -0.2928236, 0.30884066, -1.7652848, -2.7158575, 1.7766614, -0.2542583, -3.689923, 0.08450455, -0.34690306, 2.2734554, -1.3920507, -1.5205297, -1.3720244, -0.22752026, -2.429865, 0.20537625, 4.1320057, -0.06653588, 0.018871877, -4.2613482, -0.99744254, 1.157207, 0.15027843, -0.4265478, -0.0075678676, 0.8429714, -0.6476353, -0.02016092, -0.060773704, -0.2331304, -0.21278739, -0.002466596, -0.00756684, 0.05830603, -0.22432657, 0.51628053, -0.013626007, -0.18093826, -0.15000035, -0.07387087, -0.18755272, -0.086860575, -4.117565, -1.7472477, -0.5750511, 0.75093657, 1.8578111, -1.7545309, -0.23470874, -1.2856542, -1.5149689, 0.93739784, 0.021505091, 0.901202, 0.46472478, -0.061615776, -1.0152175, -0.62452006, -0.46061948, 0.57024086, -0.0025750794, -0.36600944, -0.7337197, -0.19681668, -0.54164875, 0.49720553, 0.71264344, 0.38262552, -1.8321377, -0.5731151, -0.145759, 0.50576174, -0.18503407, -0.36358538, 0.6302852, 1.104282, 0.541418, -0.8210177, -0.65466684, -0.56117547, -0.6079427, 0.3047388, 1.0549326, 2.9501774, -0.34848663, -1.0176293, -0.51001287, -0.8529167, -1.8572348, 0.70372266, 0.072569914, -0.6620736, -4.592283, -1.8741306, 0.1590967, 1.058138, 2.447978, -2.609502, -0.07216516, -2.2389233, -2.3322861, 1.3306051, -1.3315623, -1.2068207, 1.1721699, -0.61175543, -2.9401703, 0.90487224, -0.16247587, 2.833623, -0.6358448, 0.21495605, -0.22273335, -1.3765316, -4.60499, 1.5631082, 3.262232, -0.54168963, -0.13261022, -0.89828753, 0.78225476, -0.7572527, -0.9331122, 1.8878701, -0.8299429, 0.5425175, -0.46884093, -3.2108722, -1.1446582, 1.0928515, 0.20281474, -1.1150157, 0.54417515, 0.27691954, 0.19023143, -0.112964705, -1.1443154, 0.3809581, -0.18117975, 0.4106508, -0.020891655, -0.24458914, -0.49024624, 1.0130478, -0.97742456, 0.48595002, -0.63954526, -0.16673943, -1.8425561, -0.28385118, 0.63800406, -0.095788196, 0.15951036, -0.19075356, 0.10228512, 0.48317873, -2.0475373, 0.023621697, -0.1952185, 0.5558612, -0.14934985, 0.21766774, -0.033577826, -0.837393, -0.61543065, -0.11087068, 1.517831, -0.36150104, -0.5048225, 0.05198163, -0.09600487, 0.27242467, -0.7538793, 0.19930056, -3.8341641, -0.18262887, -0.056938395, 0.6864139, -0.60465056, 0.90898216, 2.557163, -1.0881251, -0.49010256, 0.31533435, -0.054754127, -0.3321366, 0.6775911, -3.9494798, -2.2642522, 1.0929043, 0.16142364, -0.7366983, 0.4672968, 1.2256554, -0.36509344, -0.3161384, -4.005486, 1.060152, -1.0234067, -0.27221596, 0.19045526, -0.043568, -0.18552147, 0.5540702, -0.6049933, -0.5402177, 1.4742007, 0.67772156, -2.1437073, 0.20377007, -1.0196273, 0.30609557, -0.081483565, -0.10505175, -0.085570924, -0.13023543, -0.33507687, 0.051613122, 0.04162326, 0.11287062, 0.22543561, -0.14257202, -0.8434101, 0.34100705, -0.0027145592, 0.622868, -0.08501602, -0.23886435, -0.59838754, -0.67223907, 0.102629974, 0.16247344, -0.84667003, -0.16305175, -0.43346378, 0.5583899, -0.38418803, -0.86659145, 0.17372844, 0.89476717, -0.3056705, 0.46877828, -0.5264358, 0.67838407, -0.918407, 0.36302853, 0.6246288, 0.057331108, 0.5229891, -0.10866283, -0.75103086, -0.16174036, 1.2188219, -0.17008176, -1.129627, 0.11056154, -1.0438805, -0.41114905, 0.23047578, -0.93826693, 1.7866435, -0.26836455, -0.4741175, 0.3895472, 0.17523788, 0.32897565, 0.7194093, -1.1035202, -2.0293083, 0.37625667, -1.2396256, 0.3931938, 0.66095656, 0.72969145, 0.034319244, 0.45576516, -1.0830722, -0.39688838, 0.91658425, -0.6253505, 0.5599919, -0.92259985, 0.7017207, 0.7054768, -0.2589006, -0.735928, 0.16170238, 0.47611988, 1.1226856, 0.123732455, -1.0331308, -0.5105478, 0.2342444, 0.06354958, -0.083263166, -0.072204635, -0.5946463, 0.18037918, -0.17496982, -0.40042353, 0.35811096, -0.15010245, 0.35876983, 0.33280402, 0.5167699, 0.23362787, -0.25885764, 0.51512057, -0.5844219, -0.79957235, -0.18171607, -0.18738063, -0.33946323, 0.5028168, -0.39003718, -0.41346648, -0.91826034, -0.10196099, -0.10838307, 0.803718, -0.3621685, 0.2452649, -0.0037457133, 0.47583458, -0.091888964, 0.1883301, -0.632884, 0.15485932, -0.4276021, -0.26592782, -0.13267401, 0.22454353, 1.4438367, 0.24252357, -1.9948187, -1.5579221, 1.5837182, 0.1238722, -1.8868868, 0.7932327, 0.39182866, -0.27802944, 0.40181237, 0.24544689, -0.3330508, -0.66940653, -0.030179974, -0.84247833, 0.77006155, 0.87184274, -0.58942646, 0.19654588, 1.1797643, -1.0378716, -0.48160294, -0.35299635, -0.4134082, 0.35705483, -0.026413774, 0.0941715, -0.03233757, -0.21809743, -0.1197716, 0.16387376, 0.1515081, -0.07637949, 0.17964204, 0.012602927, -0.098922856, -0.21794309, 0.0041175154, 0.23588109, 0.25283128, 0.19773296, 0.17302841, 0.12593025, -0.33539242, 0.25686142, -0.20234212, -0.6830299, 0.28227344, -0.6872467, 0.2082642, -0.3159814, 0.33167142, -0.067436635, 0.44791934, 0.081350885, 0.10053742, -0.35979494, 0.019720914, -0.22775966, -1.4264243, 0.4339271, -0.761401, -0.39965877, -0.2772122, -0.21801461, -0.15345244, 0.48580858, -0.3442242, 0.7017653, 0.17519197, 0.04719143, -0.19571808, 0.8230136, -0.5547539, 0.452294, -0.7945494, 0.008704806, -0.43935043, 0.07938752, -0.111521155, 0.59461635, -0.80012226, -2.6940691, 1.3248293, 0.60641855, -1.775319, 1.0734645, 0.020287408, 0.18442501, -1.0513088, 0.50337696, -0.75680214, 0.56515324, 0.77816397, -0.24607924, -0.30513337, -0.18205547, -0.16075118, 0.32730842, 0.4010247, 0.44000947, 0.14559734, -0.9629777, -2.7672842, 0.062198807, 0.91658396, 0.19652285, -0.20062216, 0.79632777, -0.7022975, 0.3935036, -0.055478618, -0.01798174, -0.047035694, 0.29561153, -0.4103274, -0.033980377, 0.3778256, -0.18297653, 0.14003597, 0.022114344, 0.17772481, -0.15132022, 0.024593571, -0.1181885, -0.1038129, -0.18577905, 0.16955405, -0.4359383, -0.059217937, -0.34707376, 0.3016846, -0.012488248, 0.16066884, -0.06745852, 0.23544376, -0.62117255, -0.19627152, -0.022642229, -1.2955498, 0.8225035, -1.0587633, -0.7028608, 0.4054578, -0.58923584, 0.16413751, -0.50131917, -0.0435878, 0.88044155, -0.5197515, -1.3663981, -0.40520877, 0.6687075, -0.30428955, 0.45786306, -0.36350796, -0.09270645, 0.65113926, -0.40593296, -1.4487884, -0.03688136, -0.52776396, -1.7886977, 0.7831058, 0.06031603, -0.48818767, 0.5381311, -0.46527103, 1.5718299, -1.5366194, 0.590777, -0.4040415, -0.049682222, 0.21250142, -0.16847622, -0.1404772, 0.34810194, -0.015405522, 0.079233706, -0.15591262, -0.0048979875, 0.9029891, -1.3703281, -1.321368, -1.08835, 0.82011676, 0.42713475, -0.24102344, 1.3427622, 0.098297656, 0.35638446, -0.09709362, -0.14772639, -0.25442442, 0.68955255, 0.025421688, 0.9773309, -0.5157119, -0.70903546, 0.2472697, 0.2685318, 0.31589457, -0.22009191, 0.4844725, -0.24598992, -0.18462142, 0.049962346, 0.024187384, -0.7772656, 0.2622181, -0.29836068, 0.2085954, 0.4008488, -0.08670501, -0.6095942, -0.13099174, -0.40830925, -0.29703414, 0.2159792, -1.4848435, -0.36583158, -1.5997565, -0.58719164, 0.97509164, -0.21534266, -1.3199896, 1.6875868, 0.9788205, -0.516893, -0.0070698294, -1.2117889, -0.7781976, -0.004062963, -0.13956976, -0.27534956, 0.4658569, -1.6097994, 0.87564886, 0.3134298, 0.28571764, 0.46508947, 1.062916, -0.26293582, -0.10467017, -0.57834214, -0.82528555, 0.81199163, -0.58438253, 0.13763928, -0.16562979, 0.66174173, 0.41283268, 0.06233448, -0.465593, 0.09297374, 0.13518345, 0.20145354, -0.050636213, -0.01434652, 0.75931585, -0.51955795, 0.16826972, 0.060405705, -1.1865717, -0.03153809, -0.10625548, -0.18977624, 0.10604403, 0.6007104, -0.013004715, 0.55052423, -0.33269796, 0.007917216, -0.3902401, 0.5185085, -0.5296953, -0.2190591, -0.046684917, -0.34648654, -0.12889631, -0.012673598, 0.6407613, -0.2250103, 0.072166406, -0.3888359, -0.3963922, -0.5001356, 0.24170253, -0.2920503, -0.7765327, 0.09537699, 0.41520843, -0.37173602, 0.3292103, -0.75632995, -0.63127106, -0.18074891, 0.5738787, -0.01497662, -1.2483201, 1.0961456, -0.6931705, -0.91568696, -0.54775584, -1.0796517, -0.74432206, 0.6245541, 0.4857295, 0.8667013, -0.23728581, 4.3364954, -0.13081414, 1.2765597, 0.13101523, 0.22686134, 0.9720402, -0.7083683, -0.7082826, -1.3403023, -0.3890851, -0.046753738, 0.9170109, -0.47669265, 0.7177398, -0.6395405, -1.0469918, -0.098604746, -0.89785045, 0.34730572, -0.17069824, -0.76319385, 0.020450322, 0.23439935, -0.2750615, 0.044366255, -0.25839385, 0.1504618, 0.037024297, -0.3686632, 0.2633192, -0.87343705, 0.43002605, -0.5511977, -0.24861516, -0.17532666, -1.5289702, -0.16456221, -0.58325356, 0.9431408, -1.7866085, 0.05638804, 0.13347502, 0.12316259, -1.1694835, -0.4456063, 0.30954102, -0.0053446493, -0.37645805, 0.87443364, -0.18145746, -0.04817158, 0.301489, -0.23895021, -0.31192705, -0.23387975, -0.31525037, -1.1201172, 0.15832235, 0.2048543, -1.2233537, 0.35956532, 0.31812093, -0.68786967, 0.012977589, -0.0009578901, 0.4772023, -0.52830595, 0.3921128, -0.14240769, -0.2762821, -0.22784188, -0.43213573, -1.0657852, 0.10808995, -0.22499597, -0.8011666, 1.4329234, -1.2660336, 1.2684813, -1.1596987, -0.6161427, -0.26685646, 0.72163147, -0.34553316, 0.28345633, -0.5662857, -0.48620117, 0.7454293, -1.0591627, -1.7169188, -0.525583, 0.886505, -0.76260734, -0.83910054, -0.3058524, 0.19888689, 0.21251522, -0.25977027, 0.9755995, -0.27559137, -1.0514337, 0.114301406, 0.34060943, -0.6581899, -0.16882223, -0.14037946, -0.13762677, -0.28714883, 0.3838271, -2.6580827, 0.7445966, 0.21320921, -2.4192832, -0.38988632, -0.7158883, 1.2390225, -0.10526518, 0.027636038, 0.9785822, -0.7497587, 0.31521156, 0.47461087, -0.8035735, 0.57898664, 0.48009473, 0.7555477, -2.892383, 0.05258301, -0.2290364, -0.1384769, 0.39813143, 0.18956152, 0.009584766, 0.84037346, -0.15518561, -0.33410326, -1.6315697, 0.131863, -0.5511034, -0.54922986, 0.7429039, 0.301067, 0.09021006, 0.045037467, -0.43030134, 0.7085182, -1.4203514, 0.238056, -0.58649325, -1.3671838, -0.41276821, 1.3144766, -1.1735468, -0.11569012, 0.63790697, -2.3049958, -2.5118117, -0.12681259, 0.18186545, -1.1840274, -0.7096936, -0.7704243, 1.5364358, 1.9167355, 1.9944185, -1.1554202, -3.6916254, -0.27658215, -0.8682583, -0.06398782, 0.62267804, 0.3592826, 0.031096293, 1.3372213, -0.14599843, -0.49805403, -1.3710463, -0.077779256, -0.61809057, -0.06303478, 0.091971375, -0.1585817, -0.066662565, -0.0834994, -0.3798045, -0.7325993, -0.96839535, 0.036750507, 1.0181378, -1.1984969, 0.50237536, 0.20304133, -0.22280891, -0.36956078, 1.2409291, 1.5231576, 0.17239918, -0.59010625, 0.35331422, -0.22287583, -1.4741085, -1.3334086, 1.7871984, -0.7939396, 0.75665134, -0.80633736, -0.62750876, 0.83685255, -0.07948039, -0.0020915386, 0.0448304, -0.47872546, -0.039670672, 0.280037, -0.2300473, -0.4603846, -0.6312932, 0.38816652, 0.68087846, -0.07426905, -2.9278834, -0.5092074, 1.0036532, 0.7157839, -0.7954643, -0.26028973, -0.8933007, 0.40405077, 1.1438076, -0.5496687, 1.0237207, -1.3672808, 1.2868954, -1.0033867, -0.08216751, -0.34217322, 0.095891476, 0.023219496, 0.5547489, -0.07302693, -1.8294879, -1.4588817, 1.2532312, 2.0669892, 0.78371876, -0.34669223, -0.6565446, 0.16567372, -1.3253275, 0.14070007, -0.8152449, 0.048736382, 0.21898746, -1.0397912, -0.38820225, -0.5466402, -0.31529734, 0.4970952, 0.72450566, 0.15521845, -0.5566261, -0.23202078, 0.6961644, -1.351422, 0.45257947, -0.96032137, 0.49280325, 0.04233161, 0.78591615, -0.17383099, -1.5272628, -0.07355664, -0.07313613, -2.2792542, 0.333789, -1.0846003, -2.1774786, 2.2438862, 0.10290088

--- Biases ---
0.21474971, 0.5077235, 0.24137875, -0.58793473, -0.11588061, 0.39380807, -0.20234324, -0.0608703, -0.41184905, -0.036461875

==============================
Layer 5: ACTIVATION_1
==============================
(No trainable weights)
