
==============================
Layer 1: CONV2D
==============================

--- Weights ---
-1.6438013, 0.65955365, 0.2107409, -0.12617472, -0.5127817
0.48980078, -0.084832855, 0.5597341, 0.6481172, 0.4076189
0.65354764, 0.10930441, -2.226362, 0.6790379, -0.3404252
0.0669817, -0.36418462, -0.570441, 1.1690619, 0.17336598
-1.1768937, 0.36112195, 0.093466714, 0.20212828, 0.6531608

-0.5848447, 1.3405313, 1.2404612, -0.5412319, -0.91150784
1.4046508, 0.011098304, 0.567466, -1.408304, 0.5594401
1.0892993, -0.6714793, -2.1047049, 2.046279, -0.4434146
-2.8816257, 0.30360365, -1.1361232, 0.7330529, 1.7980397
0.80171114, -0.0018485063, 0.7934536, -0.3444088, 0.97165823

-0.073213555, 1.1997565, 0.41814038, 0.5732788, -1.2539624
-1.0956838, -0.066634916, 1.0552645, 0.5116785, 1.0468695
0.12641384, 0.04426973, 0.0673105, -1.3474765, 1.2942191
-1.0960132, 0.9905753, 1.0908103, -0.31791398, -1.33528
-0.11260667, -0.34473985, 0.47311047, -2.2483692, 0.8359325

-1.0199584, -0.6074971, -1.1379842, -0.2081496, 0.09733631
-1.4816071, -0.9323983, -1.9523662, -0.10005277, 0.04148786
1.3189785, 1.3325255, 0.5493099, -0.61160547, 1.305085
-2.7218912, 1.3250102, 0.37393123, 1.1098497, 0.988302
-2.7144744, -0.31539124, 1.9121821, -2.2804277, 1.1613659

0.3065828, 0.19081509, 0.18321535, -0.6580686, 1.5013108
-0.037311777, -1.684407, -1.7839587, -0.21048145, -2.6482742
-1.4976665, 1.2512993, -0.36977655, -1.7026936, 1.0375465
-1.6477443, 0.15595758, -0.93808305, -1.2311474, 0.49865726
-0.17938402, -2.6673982, -0.096638955, -1.5491533, -0.8567111

1.1872126, 0.5999651, -0.29890177, 0.64594656, 0.32428625
-0.81488633, -0.89819974, 0.035836563, 0.64918333, 1.2171719
-0.6783807, 1.2395109, 1.4939286, -1.3858435, -3.7613933
0.55431736, -0.7898552, -0.70431805, 1.6068691, 0.6580258
0.9376422, -2.3084867, -3.2380812, 0.3250309, -4.4661903

-0.13583888, 1.8337312, -0.6646921, -0.489762, -1.2129093
-0.9311145, 0.12941739, 0.7251052, -0.6556862, 0.1680215
0.8628759, -1.7956406, 1.7546518, -4.242895, 0.24806304
-0.044371597, -0.53870845, -0.52590364, 0.09219044, -0.48032865
1.3325381, -4.342048, 0.91846174, -1.741804, 0.06649541

0.9411805, -0.23704246, 0.8958669, 1.1544377, -0.541719
0.30240175, -2.4170687, 0.41018954, 1.083767, -0.10942819
0.64227617, 0.8917298, 1.4899101, 0.6479311, -2.242258
0.9495911, -0.9460179, 0.23107094, 0.69948274, -0.5311599
1.3004357, 1.0384696, 1.6388063, 0.5986944, -2.3785932


--- Biases ---
-1.0823742, -0.9863884, -0.056100015, -0.0011121626, -0.32253405, 0.052229755, -1.6528592, -0.42546338

==============================
Layer 2: MAX_POOLING2D
==============================
(No trainable weights)

==============================
Layer 3: FLATTEN
==============================
(No trainable weights)

==============================
Layer 4: DENSE
==============================

--- Weights ---
-0.16513321, 0.16079146, -0.09589194, 0.16903377, 0.09408599, -0.060791343, 0.061893363, -0.05708953, -0.13185734, -0.07119157, -0.16317399, 0.37578428, -0.51635426, 0.62716293, 0.14156653, -0.18035574, -0.55560035, -0.6630868, -0.2053091, -0.011586546, 0.59231067, 0.31012857, -0.8007204, 1.1314076, -0.13053244, -1.5942863, 0.63920325, -1.2332995, 0.38093475, 0.5569424, 0.40349275, 1.4686835, -0.22335444, -0.6669898, -0.4536474, 1.1819052, 0.9519851, -0.2882081, -1.7695107, 1.4089483, -1.6492807, 2.6287196, 0.8610611, -0.42464033, -0.34913108, 1.4007434, 0.9360372, -2.3121185, -0.5577329, -0.433122, 0.02032901, 0.20006156, 0.74687356, -0.45700082, -0.9187594, 0.3369161, -0.01917015, -0.3820137, -0.33989316, 0.0038643444, -0.052029777, 0.07410791, -0.08549048, 0.01741244, -0.06038372, -0.011342879, -0.009800181, 0.04183274, -0.00041291065, 0.016593162, 0.220835, 1.2341925, -1.4827421, 1.4474735, -0.13522775, -0.14274465, -1.1512685, -0.09771672, -0.3687562, -0.016934652, -0.5071478, -0.087278984, -1.1746153, 1.3852801, -1.7102091, -0.2433128, 1.9611607, -0.9507983, -0.23972003, -0.17694388, 0.0029771782, 1.3188478, 0.6865683, -0.7516591, -1.9268821, -2.5793412, 2.0955884, -0.008981994, -0.8907618, -0.18274067, 0.3363539, 1.5861734, -0.26067916, -0.8294615, -0.46862948, -0.9246177, 0.79676527, -0.37645453, -0.0049084034, 0.54503953, -0.6708759, -0.5741782, -0.4509533, -0.42639107, -1.3483773, 0.3490208, 0.45482767, -0.041890103, -0.050594483, 0.7670501, -0.46998283, 1.1766031, 0.7678279, -0.70359254, -0.08398295, -0.50742227, -0.4041106, -0.2689579, -0.34233636, -1.8207183, -0.19503063, -0.3770262, 0.95789945, 0.6616299, -1.1321865, -0.6358578, 0.2246786, -0.8804297, 0.027055593, 0.061530165, -0.10398614, 0.2875431, -0.23708515, -0.110366285, -0.1186006, -0.12565938, 0.12006333, -0.028649766, -0.1117253, -0.03687269, -1.3547508, 0.95327675, 1.9737235, -0.21387702, -1.808269, -0.53158873, 2.6215882, -3.21566, -0.7271676, -0.40632793, -1.9433011, -1.1781784, 0.4628819, 1.2302839, -1.0329629, -2.3612418, 1.7096316, -2.026325, -1.1348853, -0.26761025, -0.7510547, -0.39071494, 1.9791253, 0.47176397, -0.3364986, -2.6961167, 0.60019815, -0.9083639, -0.4268521, -1.4290053, 0.7432367, -1.3790654, 0.48691326, -0.59945023, 0.74444187, -1.2113429, 0.32964393, -0.69366056, 0.42989427, -1.1685971, -0.16191678, -1.2846364, -0.54958934, -0.7822395, -0.21966262, 0.63665134, 0.14516652, 0.2606685, 0.5946654, -0.39171582, 0.56400114, -0.68671453, -0.4204588, -0.44082993, -1.4760424, 0.58265775, 0.81854963, 0.3953778, -0.25025195, 0.28785446, -0.20977445, 0.28264603, -0.8243791, 0.28147548, -0.44086406, 0.24227169, 0.72969025, -0.39218926, 0.015808789, -0.040309954, -0.1548649, -0.51513445, 0.72192603, -0.060268857, -1.0884066, 0.12316466, 0.9851124, -0.857937, -0.40194434, -0.16447932, -0.082088955, -1.235243, 1.4069669, 1.6465675, -0.8007388, -3.4338746, 0.6842634, -3.1609979, -0.9145202, -1.9317757, -0.7772003, -2.1152062, 1.3269786, -0.052782394, -2.754414, 1.8659569, 0.3468053, -2.9524379, -0.5458386, -1.279416, 0.22889745, 2.41064, 0.12594976, 0.44972175, -1.9063358, -2.2058907, 0.7186463, -2.2533884, -0.4077282, -0.079036765, 0.3420681, 0.9103403, -0.30208606, -0.9732821, 0.7648004, 0.33966637, 0.04544378, 0.38839176, 0.16058406, -1.2452701, -0.52383184, 1.1139932, 0.35661504, -1.4594494, 0.80445826, 0.37069523, -0.5924687, 0.36426544, -0.07202065, -0.5147681, -0.22850887, 0.43812364, 0.035251345, -0.058098134, -1.3264372, -0.5100078, 0.7025691, -0.025101347, -0.27134943, -0.3383654, -0.9765072, 1.4348439, 1.0789706, -0.0012241073, -0.13810503, 0.040399816, 1.000847, -0.7423475, -1.2868221, -0.48145482, -1.9383751, -1.087424, 1.4368864, 1.0071869, -1.1057885, -3.0252717, 1.1576375, 0.22704329, -0.6110484, 0.19085784, 1.5141315, -1.5934838, -0.31421515, -0.9341336, 1.4371088, 0.9230635, 0.74699354, -0.6958458, 0.4176006, -5.9381323, -0.8738991, -1.3803171, -0.040539708, 0.22857141, -0.26811293, -0.923527, 0.7306293, -5.005368, 0.0086146705, -0.14793305, -0.2345455, 0.32943967, 1.834415, -0.007012227, -1.3135781, -1.1496564, 0.29994774, -1.3573551, -0.6120366, -1.0405183, 0.26186058, 1.0183964, 0.38132602, -0.83077, 0.7322611, -0.23618612, -1.4353402, -0.10780253, -0.23184809, 0.21777737, -0.31344572, -0.16871947, -0.8100632, 0.5584428, 0.30652547, -0.5452835, -0.48992532, -0.55315405, 0.057992484, 0.25603783, -0.49141723, -0.4883105, -0.24903639, -0.2594425, -1.0089056, -0.27492014, -0.4599502, 0.09441477, 0.6484981, 0.2776574, -0.06555335, 0.60864633, 0.420656, -1.1957083, 0.92788064, -1.074909, 0.65721345, -1.7889091, 0.3585683, -0.48499152, -0.9793587, -1.4428087, 3.518405, -2.2891233, -2.1594796, 2.7660131, 1.5064675, -2.5188816, -2.1638162, -0.3897634, -0.09340934, -0.3333033, 0.32524312, 0.31708902, 0.6544235, -1.1710461, 1.0402858, -0.5184745, 0.23044372, -2.4138086, 0.50607604, 0.40650123, -0.6034553, -1.4461238, 0.79239315, 0.037187923, 0.98825485, 0.6908184, -1.3230618, 1.0981046, 0.9597697, -0.101361215, 0.8586069, -0.7067632, -1.4436008, -0.6396608, 0.15198891, -1.4251086, -0.69390833, 0.80199164, -0.47115445, -0.21200775, 0.05146867, 0.40284896, -0.35444024, -0.68644774, -0.5894496, -0.017613793, 0.088654675, 0.45172036, 0.5105586, 0.7019936, 0.22355704, -0.6440262, 1.6073343, -0.48889583, 0.6669673, -2.3367465, -0.41730216, -0.81650245, -0.26524937, -1.1126542, 0.28475007, 0.29810464, 0.08536358, -0.6581376, 0.00815255, 0.11874487, 0.33106905, -0.086084485, -0.639895, 1.9773616, -0.53081185, -0.3849974, 1.0856677, 0.14695139, 1.7617351, -1.8167446, -1.1743076, -1.2110143, 0.038110588, -2.287764, 2.0393584, -0.7628394, -5.431506, 0.5554348, 2.3426342, -2.2066853, -2.3767931, 0.572338, 0.23550862, -0.13926838, -0.4306118, -0.9711121, 0.4296468, -0.022625927, 0.29489085, -2.1554892, -0.61298096, 1.5848291, -0.25727335, 0.0897576, -0.40720874, -0.026372327, -1.6488731, 0.3125124, -0.38617656, 0.3396909, -0.0047558458, 1.3697001, -1.1393137, -0.5065702, 0.5710313, 1.2143029, 0.19593798, -0.76584774, 0.050371706, -2.847157, -0.6873944, -0.67998827, -0.5773934, -0.39008674, 0.4607733, 0.9560481, -0.26029617, -0.16782483, 0.5106347, 0.13957597, -0.39140496, -0.24576609, 0.15980183, 1.1661422, -1.0651827, -0.7775448, -0.14220029, -0.95880544, 0.47132674, 0.8216336, 0.2848173, -0.7893906, 0.060166553, -0.21157734, -0.33963102, 0.36297625, -0.47022274, -0.14078507, -0.23889598, 0.42646992, 0.08138926, -0.18909104, 0.24145488, 1.4298805, -1.113095, -0.36907825, 0.9123617, -1.0009437, 0.37120578, -0.320779, -0.28025606, -1.8275077, 1.883828, -0.87383, -0.55315423, 1.353661, -2.4956625, -1.2091174, 0.09264371, -1.4837304, -1.0936533, 0.1127433, 0.24671341, 0.11163606, -0.48857877, 0.17174084, 0.4788056, 0.41649434, -0.6704178, 0.8455598, -0.21802112, -1.1979177, -0.09590251, 0.81550366, -0.07196436, 0.78548694, -0.64603895, -0.8022669, 0.5097932, -1.9756505, -0.90892833, -0.9027378, -0.16929768, 0.7496222, 0.3235718, -1.3888124, -2.7061887, 0.30158904, -0.32035315, -1.8587824, 0.49416876, -3.2959478, -0.14136696, -0.07449804, 0.0866902, 0.46730223, -0.031077994, -0.55687666, -0.17060642, -0.012295647, 0.032759607, -0.27303615, 1.5704858, -0.55758137, 0.48573026, -1.234331, 1.2343042, -1.529809, -0.7181917, -4.651951, 0.2868045, 0.2737123, 0.13390589, -0.38379344, 0.11660817, 0.2558314, -0.23893277, -0.06737326, 0.09641998, -1.2845372, -0.02810823, -0.22994383, -0.26058522, 1.8572263, -1.1897941, -1.0424501, 0.13663267, 1.350377, 0.32038468, -1.207265, -0.27606875, -0.48597094, -0.77737474, -1.075062, 0.81356615, 0.005603804, -0.08248006, -0.9101154, -0.4739195, -3.5345244, 0.74790263, -2.0544343, 0.057062883, 1.5419651, -0.0779601, -0.31903356, 0.401967, 0.039443333, -1.2991003, -3.987211, -0.25179353, 0.5206775, 0.47196168, -0.55024946, -0.8396185, -0.06253314, -0.3110139, -0.13692884, 0.36624068, -1.5574527, -0.50739306, 0.10926463, -1.7018273, 0.7335305, -0.65670556, -0.39612496, -2.0312223, -0.29288164, 1.570849, -5.124012, -0.8575873, 0.45922413, 0.17877284, -0.41494745, 0.53496903, 0.18932784, 0.2617624, -0.26758042, -0.20438984, -1.5225923, -0.114600815, 0.108459726, -0.42196438, 0.36923978, 0.97474015, -0.46402997, 0.66267544, -1.9535446, 0.8717055, -1.9411603, 0.045572463, -1.9754509, 0.31950513, -0.044658978, -0.33329624, 0.22634, -1.1205702, 0.42975914, 0.1663087, -0.99188733, -0.17481078, -0.6288436, -2.0022519, 0.8300298, 0.10992953, -0.9100474, -0.20386747, -0.5848582, 0.5076951, 0.44981793, 0.13660337, 0.0028446831, -1.0135009, -0.8374396, 1.1654645, 0.8080009, -2.9090605, -1.0981308, 0.90637994, -0.84897906, -0.3437356, -2.4069793, 0.19818148, 0.8700548, -1.271631, -0.4863268, 0.776912, 0.55679345, -0.6532095, 1.319303, -0.38947317, -0.6075023, -0.46376705, 0.3618927, -2.3084333, -1.28793, 0.074881315, 0.6617443, 0.6617681, -1.6743847, -0.20254932, -0.60363734, 1.0808988, 1.9872603, -3.498451, -0.91457635, 1.762737, -0.68880105, -1.0330006, 1.810793, -0.5173213, -3.291148, 0.3017791, -0.21681073, 0.4987784, 0.44712064, -0.64834446, -0.4656802, -0.92663705, -0.8627661, -0.093448505, -0.1368844, 2.1162798, -0.140271, -3.456543, -1.8637245, -1.447633, -0.42067462, 1.1544957, -0.71181154, 0.81083614, -0.6126472, 0.18908729, 0.108292244, -0.08784015, 0.5628106, -0.7584731, -0.4271387, 0.4033782, -1.6703619, -0.6271649, -0.4173985, -1.7393552, -0.05786709, 1.0592834, -1.4411671, -0.49127787, 1.3420496, 0.053538445, -1.2283113, -0.28866673, -0.06992337, -2.3966546, -2.7702775, 0.70112425, 1.8253852, -2.3478994, -0.089536496, 0.4965666, -0.51595324, -1.2561598, -3.167599, 0.12803988, 0.6489331, -1.0190796, -1.5640676, 1.065154, -1.0821108, 0.7000734, -0.4973059, -0.27495593, 0.3295399, 1.1678915, -0.10684966, -0.6711377, -0.5974591, 0.003063914, 0.35678536, 0.69173336, -2.9787335, -0.76209915, -1.9488003, -1.7489386, -0.6382102, -0.5294918, -2.2485573, 0.15092547, 0.78047174, -0.87245655, -2.3297052, 1.2828276, -0.6765593, -0.15720485, -0.34614348, -1.3400098, 0.4153031, 0.10245898, -0.6477293, -0.374529, -1.3519807, 0.11809926, 0.23890376, -1.6354579, 0.6969052, -3.5637562, -1.8138826, -0.52930444, -1.6353345, 1.8852483, -1.2615709, 1.3254879, 1.3990397, -0.33319095, -0.010564793, 0.1560587, 0.12614298, -0.29607147, -0.17142284, 0.25544885, -0.94251496, -0.35115305, -1.7419678, -1.0590583, -0.11065373, -1.3013555, -0.2804222, 0.27313977, 0.2514263, 1.3900124, 0.20164624, -0.91343486, 0.057271894, -4.423208, 1.4788815, 0.35115787, 0.10898881, 0.63486767, 1.6638904, -0.25555032, -1.3195494, -3.4465637, -2.5350647, 0.43255094, -0.8500474, -0.26023057, 0.48935187, -0.54269016, 0.5618555, -0.030932885, -0.43683305, -0.63656473, -2.9573562, -0.8106565, -1.8463646, -1.3764385, 0.11752534, 1.3709233, 0.32880777, -0.42237294, -1.1299089, -0.32390463, -1.0588795, -0.5932195, -1.376501, -0.07656963, -0.3800203, 2.2310023, -1.9202899, 0.35036004, -0.5529517, -1.7355431, -0.14016697, -0.16536279, -0.43282506, 0.015767364, 0.15690015, -0.26541758, 0.35656083, 0.5681839, -2.3571703, -0.5945444, -1.2046514, 0.32952493, -0.3318717, -1.7505306, -1.3854501, -1.8296472, -2.186003, 2.8628616, 0.71831286, 1.0133444, 1.4672354, 0.22258894, -0.60774, -1.7498305, 2.0473363, 1.7354398, 0.023040883, 1.3360447, -3.1609015, -2.0338778, -2.2960572, 0.59922224, -0.3507419, 0.7076342, 0.25873846, -0.9069401, -0.21479745, -0.053202957, -0.47167403, -0.111430325, -0.16436587, -0.10012272, -0.43472546, 0.6875981, -0.9873185, -1.5669997, -0.2307757, 1.674025, -0.15439297, -2.5935771, -0.11879747, -0.654497, -0.7363068, -0.9366133, 2.389864, 1.735699, 0.13017805, -0.12063279, -2.2556362, -0.7992363, -1.1516688, -0.5890368, -1.0212004, 1.1396862, 0.99347985, -0.45839697, -0.30828404, 0.6098537, -2.5618567, -0.43355298, -0.3155163, 0.13491848, -0.6492983, 0.6331441, 0.54763913, -1.2307005, -1.1160264, -1.0210954, -0.5154222, 0.739433, -0.8765175, 0.5341028, 1.3195931, -0.9699262, -1.440475, -1.0275998, -0.737567, 0.59702474, 2.052932, -0.10135045, 0.36687696, 0.49626118, -0.14570552, 0.11839925, 0.03379158, 1.5430689, 0.2757907, -0.3997402, -0.4374655, -0.6950988, -1.326686, -0.023681335, 0.93116367, 0.3242183, -0.13632959, -0.4191874, 1.1432275, 0.27858898, -0.6317126, 0.0168919, -2.276393, 0.09414157, 0.040316705, 0.3321376, -0.03878011, 0.12428831, 0.50297296, -0.11929054, -0.26972446, -0.8994235, -0.118994646, -0.055896647, 0.052647375, -0.25913545, -0.016845085, -0.003798828, -0.021698507, -0.0008006067, 0.3681982, -0.0776499, -0.060331702, -0.03866041, 0.0141565, 1.1257175, -0.05899211, -2.4539223, 1.7717069, -0.09292499, -1.2427639, -0.7836917, -1.255343, 0.45298213, 0.97609353, 0.55233824, -0.25768086, -0.11371898, -1.7804179, 1.0220853, -0.29352304, -0.08213501, -0.97057086, 0.14390956, -0.2695825, 0.27692112, 0.50845087, 2.4379137, 1.2730689, -0.885413, -0.56423813, -1.6339303, -2.3632338, -0.1394127, -1.1243457, 0.73957366, 0.7323544, -0.43301782, -0.36898825, 0.33193922, -0.2935306, -1.6581055, 0.35050792, 0.34335274, 0.60472125, -0.2714548, -0.4100187, -0.6780902, -0.83943, -1.5490994, 1.390313, 0.2842262, -0.5870841, 0.448547, 0.74932873, -0.5181271, 0.25836742, -0.45644295, -0.71912426, -1.0067731, 1.3224373, -0.0237124, -0.71985334, -0.47061798, 1.2956762, -0.09915643, 0.78255945, -1.2918489, -0.17895564, -0.48060608, -0.45082876, -0.19633181, -0.19801755, -0.0022548377, -0.5473499, 2.1559258, -2.232841, 0.32234657, -0.24880192, -0.082324855, -0.533096, -0.18206711, -0.6004173, 1.7678987, 0.6358534, 0.3433588, -0.9023565, -0.72190946, 0.7793893, 1.2930702, 0.6367622, -0.8173306, -3.044634, -1.0448267, 0.9923165, -0.55941755, 0.28525203, 1.0686743, -0.40410066, 1.6622084, -0.08117052, -0.2790788, -2.99167, -1.179506, 2.1155243, -0.20332196, 1.1042943, 0.17896575, -1.123886, -0.22203076, 0.20426005, -0.54691255, -2.0199614, -0.21151128, 2.444111, 0.97692204, -1.319629, 0.033721592, -1.0647701, 1.6713706, 0.36656678, 0.46875685, -1.7540053, -0.2658111, -1.1258568
0.15896283, 0.51979685, 0.8884273, -0.9807431, -0.11560257, 0.01768823, -0.2570955, -0.14770755, -0.4946606, -0.6769814, -0.7897148, 0.043756425, 0.86666125, -0.7693282, -0.8928065, 0.1295602, 0.30075198, 0.2140446, 0.32260925, -2.0225444, 0.2756227, 0.4982652, 0.28942436, 0.113504894, -0.17300226, -0.26277855, 0.4727206, -0.52106214, -1.456469, 0.23466595, -0.19475022, 1.0644522, -0.87576824, 0.061455715, 0.54113096, -1.8379998, -0.19871128, 0.29527298, -0.7360859, 0.1524359, -0.9006163, 0.09921859, -1.6007862, 0.057337992, 0.95062727, 0.7135532, -0.6613443, 1.39873, -1.1278183, -1.3942311, 0.21506974, 0.26023728, 0.032766085, -0.1367513, 1.3436813, -0.4702448, -0.12107864, -0.56092453, -1.0778649, 1.4021554, -0.4166064, -0.11951005, 0.61317116, -0.44148365, 0.81244844, 0.4505891, -1.0469823, -1.073474, 0.8930093, -0.70767623, 0.32825184, 0.51586527, 0.3746969, -1.1172173, -0.37196776, -0.31627244, -0.074247256, -0.6220188, 0.4292265, -1.4884621, 0.70509917, 0.6833874, 0.03952518, -0.63163143, -0.4929087, 0.38067168, -0.109993264, -0.5588306, 0.1060905, 0.83182544, -0.5355973, -0.30461398, -0.8906713, -0.18503723, 0.07518696, 0.21309465, 0.3499748, -0.06100072, 0.7743817, 0.91775846, 0.67056185, -0.2543638, -0.22990298, 0.23570356, 0.8902372, -1.9826602, -0.62199324, 0.095812425, 1.415439, 0.59257483, 1.0931821, -0.4707563, -0.25110823, -2.4469864, -2.0363774, -1.6533307, 2.8112996, -0.77346224, -0.56778145, -2.811339, 1.0349926, -1.0610087, 1.0001273, -0.035900913, -0.4428539, -0.13882057, -0.21930954, 0.9522107, -0.48036498, 0.40111685, -0.70706683, 0.53750736, -1.0463914, -0.5705168, -0.26944238, 0.17823863, 0.114361525, 0.4258687, -1.3769248, 1.8415337, -0.24570586, 0.60705197, 1.3112385, -0.10691905, -1.1570836, -0.28104377, -0.043161098, -2.034798, -1.0655036, -1.9174958, 0.31805366, -0.16857584, 1.1314355, -0.014170216, -1.5217986, 0.9022098, -0.19350822, -0.5943538, -0.39721242, -0.737146, 0.38485643, -0.29751804, -1.2550387, -0.84865195, -0.0077112154, -0.17625129, 1.6075248, 0.6482023, -0.2159195, -0.09110888, -0.77834713, -0.1511914, -0.8534255, -0.043628033, -0.34056184, 0.74414134, 0.036179785, 0.4736606, -0.20798062, 0.7581869, -1.4317855, 0.7507908, -0.606104, 0.009767531, 1.6106633, -0.046561558, -0.8531391, -0.53391856, 2.0394473, -1.0711484, 0.3938308, 0.04928966, 0.051884096, -1.0319508, 0.70085806, -1.5679487, 0.26997995, -0.24985445, -0.70727974, 0.6426238, -0.61267763, -0.39392486, -0.5387996, -0.65498406, 0.50038236, 0.53739995, 0.50658315, 0.2854284, 0.40123558, -0.38482434, 0.026895853, 0.5420808, -1.0206306, -0.17643218, -0.36768043, 0.058504436, -0.13903075, 0.45607835, -0.38951847, 0.97492677, -0.018996548, 0.5089266, 0.5498951, -0.34459257, -0.94760096, 0.24088293, 0.033007596, -1.2459695, -0.33292246, -0.6037918, -0.21536419, 0.5963487, -0.41186854, 0.29508132, -4.3446836, 0.07757168, -0.20464694, -0.20709607, -0.4396802, 1.0767219, 1.1189883, 0.9520218, -2.0156295, 0.051432777, -0.8907952, -1.0896173, 0.38360763, -0.42177147, 0.19769496, -0.17652553, -0.5320882, 0.052702107, -0.7695054, -0.09421932, -0.24381346, 0.16706376, 0.3421687, 0.38846773, -1.5272518, 0.74341553, -1.208429, -1.1188792, 1.6927987, 0.20735301, 1.552385, -1.966647, 0.1139541, -0.916402, -0.4014644, 0.7080522, 1.5878793, -0.62837505, -1.1300926, -0.4892502, -0.08369903, -1.4286674, -0.032846123, 1.090332, 0.4801706, -0.6995931, -1.1633658, -0.7580853, 1.1199784, -0.021415934, 0.041548774, 1.2966518, -0.15117168, -0.07246247, 0.030700514, 0.15285456, 0.26594633, -0.27164602, -1.6923252, 0.89080584, -0.5473418, -0.11562593, -0.23839992, 0.15406965, -0.44164664, 2.041192, -0.66700006, -0.002091947, 0.56727076, -1.2641956, -0.49778366, 0.26275197, -0.9884797, -0.2713351, 0.026758187, -1.3129904, -0.6728601, 1.3681781, 0.9205667, 0.27644444, -4.1324306, -0.08632219, -0.6846088, -0.6027723, 0.47301987, 1.3841512, -0.07690901, 0.38414064, -0.31271538, -0.407955, -0.29577175, -1.946622, 0.31698126, -0.6545029, -0.19040433, -0.26776022, -0.24462034, -0.054042827, -0.15880539, -0.2841161, -0.5974538, 0.24877708, 0.10569415, 0.28959537, -0.022116123, 1.4903742, -1.7264031, -1.1775478, 1.7664602, -0.07166612, 0.121209115, -1.2498316, -0.08140883, -1.001328, -0.3316958, 0.2578244, -0.10026391, -0.4181505, 0.45843995, -1.2302518, -0.37271178, 0.99979144, 0.36892468, -1.0136726, -0.65291554, -0.9113134, 0.45812538, -1.1267102, 0.48480424, -0.055351466, -0.57361174, 0.4323859, 0.4416294, 0.13263287, -0.14857629, 0.17552775, -0.7762362, 0.34126502, -1.2836668, 0.07332235, 0.45459446, -0.24687599, -0.17186856, 0.32101488, 0.07763702, 0.5615205, 0.6072977, -0.85535926, -0.349206, -0.7377617, -0.83950037, 0.25073496, -0.21941759, -0.50425637, -0.015901849, 0.36918387, -0.3006255, 0.37898844, -0.38189065, 0.20899875, -1.637911, -0.043423224, -0.5129747, 0.39633805, -0.11216444, -0.72604704, 0.94561654, -0.32253027, 0.50363, 1.1239262, -0.31084913, -1.7680115, -0.7496326, -0.33150277, -0.27454254, -0.29883358, -0.35939842, -0.3780398, -0.21089645, -0.10418095, -1.1409446, 0.021513691, 0.4486118, 0.287583, -0.809796, 0.9398911, -1.2184013, -0.5628938, 2.3710213, 1.1980658, 0.06427251, 0.15134044, -1.1208966, -2.0547857, 1.2553428, 1.4737619, 0.52956945, 0.6278039, -0.884099, -0.42689383, 0.16085452, 0.25746113, -0.16216233, -2.1363046, 0.3179533, -0.90754604, 0.5160874, -1.7228612, 0.66125417, 0.8584072, -0.56435174, 1.1627972, 0.010720239, -0.19222572, -1.1381015, 0.09057343, -0.900684, -0.50250703, -0.9152778, 0.73907197, -0.68293065, 0.38557908, 0.09328543, 0.07733702, 1.5852234, 0.1521731, 0.7419558, -0.876178, 1.9109765, -0.85920405, -0.24636745, -1.7685274, -0.43928787, -1.0151365, -0.7921561, 0.17481238, -0.7853429, 0.042431213, 0.39963692, 0.3837577, -0.61310387, -0.90548486, -0.032255113, 0.64545995, 1.7277704, 1.0116163, 0.5259687, -1.0652397, 0.7943971, -0.31252855, -0.08686636, -3.8214881, -0.2836396, -1.1434968, -0.2254954, -0.14816871, -0.47451374, -0.14616041, 0.10016549, -1.7262548e-05, -0.9046309, -0.14562143, 0.37149766, -0.33646438, -1.8859606, 0.71836776, -0.36458144, -0.8514638, 1.2405839, 0.8572747, -0.5648962, -0.11107684, -0.32521546, -0.4161515, 0.7171519, 0.48303434, -1.3701371, 0.50564635, -1.190844, 1.6893795, -0.7463177, -0.059973262, -0.3626725, -0.67437977, 0.8853171, 0.23020867, 0.22358084, -1.0858603, -0.19242242, -0.03145256, -0.8544252, 0.13388823, 0.8315283, -0.70005625, -0.12723395, -0.22176972, -0.65517086, -1.5449884, -0.8755119, 1.0498365, -1.1542386, 2.1727698, -0.106563725, -0.8580483, -0.5344557, 0.23030202, -0.0427019, -0.16424105, 0.6958955, -0.3947177, -0.68312484, -1.6527836, 0.32521364, -1.1599438, -0.9318463, 0.048943877, -1.0303069, 0.18530682, -0.6015521, -0.0400128, -0.4573095, -0.56668574, 0.40246734, 0.44497094, -0.776477, -0.9852007, -2.206844, -6.7944074, 2.6543772, 0.76476574, 0.7675072, -0.32307932, -1.3658525, -1.8911446, 1.0360105, -0.7839733, -0.4694374, -0.06894216, 0.19489825, 0.22833087, -1.1896995, -0.3951196, -0.21628587, -0.31372315, -1.1015838, 0.71808475, -0.98695016, -0.103421494, -0.04816627, 0.40209728, -0.09775115, -0.37128258, 0.45648047, -0.75398827, 0.51345164, -0.14366567, 0.60612017, 0.42049697, -1.1089667, -1.1519756, 0.64049035, -1.1233877, -1.2895865, 0.17813309, -0.82439303, 0.68088496, -1.5461494, -0.8254198, 0.8227276, 0.30879664, -1.1693622, -0.060915682, -0.023257334, 0.48769182, -0.94041723, 0.9873421, -0.33689657, 0.69553363, 0.7075606, 0.27006844, -0.65394294, -1.4744555, -0.57236505, 1.5514153, 0.19326858, -1.5915222, -0.59711486, 0.45056844, 0.31985658, -1.1353579, 1.5160849, 2.059368, -0.900697, -2.7447293, -0.23723282, -0.40410575, -0.8059456, -0.82756805, -0.05977169, -0.11354297, -0.12127761, -0.27827016, 0.5135037, 0.1709126, -0.47110447, -0.7917702, -2.4664378, -3.1720173, 2.2299852, 0.5526832, 0.19659728, -2.2687566, 0.07108564, -3.4763284, 0.11190115, -0.38652298, 0.030133562, -0.024513202, -0.15301454, -0.37656242, -0.32138917, -0.61920553, 0.03178886, 0.13628516, -0.71934295, -0.12429572, -1.1011962, -0.3311471, -0.7743406, 0.1463826, -0.045364372, 0.4033361, -0.11228371, 0.8311872, -0.14681426, 1.4818231, 0.11385306, -0.09551392, -2.403728, -1.1850585, 0.59910107, -2.968534, -0.20037773, 2.116037, -0.46588278, 1.1124157, -1.5473377, -1.1152896, 0.23217675, 1.4146336, 0.018120285, -1.7657435, 0.053704567, -0.9606959, -1.7172947, 0.4527323, -1.4537698, 0.08169422, -0.5965761, 0.44734395, -0.8214275, -2.9415276, 0.95699567, 0.59173614, -0.6359734, -2.9521868, -0.22175719, 0.6305558, -1.7000846, -0.29704526, -0.7434227, -1.5039047, 2.9312155, -0.78889495, 1.1170384, 0.854958, -0.21632013, -0.31526092, -0.64971477, -0.23153947, -0.82370883, -0.15746857, -0.10433538, -0.25733724, 0.5447515, -2.4194, -0.16919701, -0.57541424, -0.87903684, 0.99681044, 0.359752, -2.6601992, -0.5936418, -0.0019632485, 1.3317007, -0.99936265, -2.3997333, 0.9350008, 0.18704113, 0.8490383, 0.4277438, -3.3526597, -0.7334354, 0.007560101, 0.024066476, -0.3016797, 0.59287846, 0.22963457, -0.61837643, -0.3692861, -0.6042633, -0.46024463, 0.6751884, -1.2355694, 1.0576631, 0.31030172, -1.2222803, 1.3989056, 0.14425625, 1.4510239, 1.6993194, -2.8591924, -3.3989944, -1.097909, -0.5676238, 2.365702, 0.68886524, -0.48835763, -0.18508899, 1.0818202, -0.7667962, -3.6784508, 0.17874296, -0.5511851, -1.6167235, 0.29000765, -0.49217096, 2.408008, -0.62044257, -2.0634825, 1.1738669, -1.7259437, 2.028003, -1.2843006, -0.5693307, 2.2708728, -2.0638258, -0.88700414, -0.6099663, 0.9033512, -0.24972327, 2.4633687, -2.550837, -0.3265108, 1.9352645, -0.14966072, -1.5806545, 1.7047179, 1.4010549, -1.3041787, 0.4756369, 0.6932983, -2.8779626, -0.40205288, -0.96147805, 0.5749074, -0.20078918, 0.6234896, -0.20130551, -1.7412182, -0.8481957, 0.21773961, -1.8990885, 1.5749665, -1.3053969, -0.3002983, -0.065963745, -0.26704988, 0.5202881, -0.51204884, -0.8278695, 0.4870519, -0.31140724, 0.0923389, 0.100711346, 0.29096732, 0.37714702, 0.13331571, -0.02942076, -0.22007461, -0.33066964, -0.060193446, -1.0444162, 0.6407573, -0.34755555, 0.33007303, -0.16516654, -0.33926323, -0.3022654, -0.31470063, 0.18641286, 0.7484965, -0.47487, -0.23387793, -0.16879842, -1.038051, 0.35168648, -0.26413783, -0.4464092, -2.8444517, -0.18018463, -0.4209326, 0.003518432, 3.1642022, -1.2441214, 0.41188854, -0.23402247, 0.017166946, 2.1701696, 0.7167396, -0.15378754, -0.6242583, -1.1867766, 0.009352856, -0.64632535, -1.9653617, 0.4989948, -1.3082345, 0.05560238, -0.49423003, -0.07331804, 1.0527089, -1.5303724, 0.69716865, -1.2953551, 0.8344039, -0.59758407, 0.764471, -1.2402234, -2.5498998, -0.64161986, 1.6368697, -0.6478938, 0.244189, 1.1973704, -0.28992555, -0.06740461, -0.56233144, -0.36069235, -0.9023255, -0.5723297, -0.4199857, 0.37678587, 0.34357858, 0.21037418, 0.032161176, -0.711283, -0.45257002, 0.37180546, -0.4600827, 0.35270515, 0.2188212, 0.07300441, -0.13301708, 1.0852135, 1.3522882, 0.55741864, -1.0937073, -1.2343574, -0.48697507, -0.10917205, 0.10530784, -0.027284132, 0.32088646, -0.28628588, -2.3165228, 1.6198431, -3.2014585, -0.42174956, -0.5658921, -0.09281398, 0.7650954, 1.8110268, -0.82646114, -1.2608672, -1.0778542, 0.58830667, 0.6275329, -0.9162962, -0.65265346, 0.44984806, -0.36857656, -0.6049048, -0.27343288, -0.13608006, -0.35836002, -0.25908053, -0.37195453, -1.4688631, 0.7570403, 0.0053700353, -0.6728172, 0.46648088, -0.15788072, -0.8352508, 2.9896777, -0.94089955, -0.3430905, 0.2307678, 1.4656602, -0.59041566, 1.1506823, -0.77949226, -1.330071, -1.1672517, 0.6260053, -0.91393214, 0.1802037, 1.3076788, -0.3027363, -0.9382566, 1.3390976, -0.11280186, -2.5207553, -1.3294805, -1.0819677, 0.944279, 1.2772956, -0.450787, -2.0476005, 0.9208012, -0.2520657, -0.039197713, -0.13125919, 0.022631217, -0.28169847, -0.75641423, -0.4975284, 0.16669787, -0.07074566, -0.13604127, 0.22409388, 0.14448757, 0.32893413, -0.6594862, -0.7644012, -0.4472796, -1.2745041, -0.45573482, 0.042859305, 0.7598498, -0.69031066, 0.79137546, 0.85964936, -0.4350471, 0.4604883, -1.2530634, 1.1478889, 1.5527705, -0.86335856, -1.1261629, 1.0323421, -3.4749243, 0.057072386, -0.6596386, 0.9547607, 0.67125726, -0.71518165, -1.1899313, -0.14771953, 1.3393408, -1.2759365, 0.6734727, 0.5736979, -0.37397394, -0.29264972, -0.4236557, -0.19998232, -1.3151517, -0.29377422, 0.8338973, 0.7567199, 0.19554372, -0.13228337, 0.26967794, -0.24228178, -0.7864289, 0.14904165, 1.8581903, 0.2280085, 0.13432707, 0.1263033, -1.5130713, -1.0959533, 0.3452199, 0.82331127, 0.3116919, 0.2900678, -0.9703098, -0.2316415, -0.34407082, 1.5337791, -2.1894646, -1.8101684, -0.57961386, -0.3932629, 0.03178775, 0.24702947, 0.073452406, -1.08083, -0.25146925, -0.64953953, 0.7163851, 0.13726531, 0.3866246, -0.60138434, -0.072368115, -0.19013372, -0.38367578, -0.46027046, -0.405503, 0.22334549, 0.27585566, 0.3057764, 0.34511715, -2.4505594, 0.28919813, -1.0801463, 0.77564937, -0.59860194, 0.93270695, 0.8639089, -0.84384656, 0.08127839, -0.072278775, -2.1906774, -1.1075716, 0.38939455, -2.4208748, -0.89037526, -1.1968396, 1.7678653, 0.09491514, -0.022066265, 0.13033707, -1.55046, -0.37123114, -0.27211276, -0.47371945, 0.18290105, -0.21423447, -0.7756061, 0.22351953, 0.5507737, -0.35833517, 0.001601183, -0.29839888, -0.6195169, 0.21094891, 0.23387936, 0.31106147, -0.3055946, -0.16735588, 0.28254792, -2.0353174, 0.6637478, -0.7353515, 0.91054374, 1.6535105, 1.4161502, -0.5492873, -0.7041931, -0.78709203, -1.3099333, -1.9481194, -1.0880095, 0.2255749, 0.49447688, 0.50975937, -1.0950521, -3.2206376, 1.257504, 0.440727, -0.8242277, -1.4205492, -1.918291, 0.115076736, 0.9449397, -2.1415067, -0.56466854, -0.46605793, 0.47478083, -0.31868076, 0.5049169, 0.2200602, 0.19116278, 0.09677563, -0.057851803, -0.8019947, -0.42769787, -0.64084524, -0.099976614, 0.22588173, 0.4133107, -0.26085597, 0.977515, -0.3192474, -2.138982, 1.0956696, 0.6578336, 1.3213434, 0.72228, -0.6333831, -1.791105, 0.4985443, 0.16377936, -0.50213164, 0.4976025
-2.905191, -0.35760593, -1.5776286, 0.8648846, 0.21486942, -0.07610931, -0.33524105, -0.26260298, 0.33496508, -0.3071127, -0.33054435, -0.47112682, 0.15967113, -0.72616607, 0.055903748, 0.7710708, 0.57046336, -0.12468571, -0.67669684, -0.87115765, 0.23726018, 0.9075224, 0.09879734, -0.19891304, -0.14918353, 0.34345073, -0.7265857, 0.7542213, 0.65562993, 0.124125995, 0.8447727, -0.25518793, -2.5085154, 0.59503525, -0.60776, -1.1599686, -1.2532965, -1.6056936, 0.04766745, 0.19435105, 0.08208616, 0.7664932, -1.5263796, 0.69545984, -0.50887364, 0.19956225, -0.7436525, -0.42130297, 0.39751968, 0.9259288, -3.8970633, -0.52866524, -0.373657, 1.2724186, -0.22086981, 0.750006, 0.9690332, -0.11856874, 0.1007512, 0.08880843, -1.102701, -0.21448848, -0.9684424, 0.14025414, -0.63431364, 0.43087834, -0.52551925, 1.0661682, 0.08572345, -3.6091027, 0.56985515, 1.7254131, 1.9669828, 0.3091065, -0.9257831, -1.8007917, 0.99604934, 0.8204901, -0.9890906, -0.23761079, -0.9985279, -0.3543967, 0.4989328, 0.53897506, 0.21658222, 0.22127885, -0.67925805, -0.15850976, 0.12456234, -0.031122334, 0.6029265, -1.125808, 0.7453793, -0.5943636, -0.4073675, 0.47499838, -0.05561114, 0.21866024, -0.52841115, 1.1379632, 0.5095941, -0.70357114, -0.16061541, 0.3855245, -0.60362315, -0.3648076, -0.1525372, 0.6900084, 1.1943629, -0.32358235, 0.20377629, -0.7882241, -1.5721401, -0.12763265, -0.10481191, -0.4013349, 0.20528758, -1.7356403, -0.42967358, 0.4648914, -0.2322074, 0.452388, -1.6884756, 0.23619322, -0.32986927, 0.6278354, -0.6452989, 1.4365865, 1.2995634, -0.61805886, -1.0641966, 0.76980877, 0.36062026, 0.42210984, -0.4461989, -0.33235344, 0.23530987, -0.119387545, -0.43018454, -0.06187472, -0.76663476, -0.5709702, -0.44815254, 0.2393109, 0.25794545, 0.40874714, -0.30975184, 0.8941538, -1.1924127, 0.00331757, 1.182116, -0.45771328, 0.6787862, 0.32927454, 0.32323942, -2.2980154, 0.03686445, 0.33945167, -0.4379736, -0.1215679, -1.1088362, 0.1369235, 0.0056779496, -0.0010032912, 0.49743426, -0.2952257, -0.6645247, -0.47443262, 0.0927059, -0.39333886, 0.908733, -1.3724774, -0.30090564, -0.5125634, -0.22732745, 0.58919203, 0.17803958, -0.25345194, -0.9019825, -0.7909006, 0.51044554, 0.1979019, -0.2171453, 0.27944908, 0.026060391, -0.3123834, 0.5810061, -0.18489784, 1.0206643, -0.58548146, -0.6573463, -0.16623814, -0.7707227, -0.4545351, 0.59384173, -0.32379258, -0.56127787, -1.08952, -0.39017746, -0.44016555, -1.1737102, 0.10328093, -1.0097321, 0.7316304, -0.63353455, 1.4129313, -0.11182427, 0.5396369, 0.50401205, -1.1050111, -2.0545228, -0.021374604, 0.47387502, 0.5522092, -0.05810652, 0.45446625, 0.28311342, -0.61273056, -0.25203112, -0.8065248, -0.35507283, -0.041198757, -0.35742894, 0.71057034, 0.22421163, 0.28477058, -0.1433078, 0.16256332, -1.0638751, -0.393108, 0.6381822, 0.7289939, 0.4321541, -0.26412934, -0.6676411, 0.38734022, -0.05450636, 0.1518695, 0.27524206, 0.16760285, 0.034355722, -0.07930978, -0.36133298, -0.02150648, -0.5408641, -0.44481638, -0.8139114, 1.0385624, -0.8232909, -0.8763597, 0.3704082, -0.48234397, 0.36877635, -0.07404032, 0.23723422, -0.195293, -0.44521976, 0.40470907, -0.8810737, 1.1718769, 0.29858997, -1.0569118, 0.8397949, 0.0694959, 0.1712823, -0.6608644, 0.9308594, 0.12905048, 0.20861809, -0.32528841, -1.4163938, -0.7902336, -0.0451247, -0.004911018, 0.2705586, -0.1359381, -0.56282943, -1.140632, -0.257251, -0.19558795, -0.54468393, -0.2553864, -0.1163365, 0.46754286, -0.37505743, 0.2718725, -0.9593116, 0.3878754, -1.3376235, -0.22557984, -0.7349865, 0.8580046, 0.44839656, -3.137248, 0.18611899, -0.34985426, -0.20226863, 0.22232653, -0.78851587, -0.7331619, -0.088159926, 0.07265508, -0.5214921, 0.607527, 0.13445114, 0.18296832, -0.93946946, 0.08533013, -0.92619747, 0.105376564, 1.0881046, 0.0521681, 0.4304136, 0.22283201, -0.5362986, -0.11092184, -0.006816072, 0.8735126, 0.8910695, -0.7620647, 1.0776302, -0.47161913, -0.6760991, -0.9833522, -0.98996925, 0.452151, -0.8218286, -1.0688196, -1.3469385, -0.8432764, 0.70027536, 1.7755835, -0.6994163, 0.46796817, -0.17947815, 0.94331616, 0.09820217, -1.0177251, 0.44210696, -1.7149938, -0.6322346, 0.8604346, -0.49979466, 0.5111873, 0.6477893, -0.756107, 0.23636754, -0.0068630693, 0.3013446, -0.36990964, -0.17120503, -0.5661747, 0.34992856, -0.46833444, -0.9109693, 0.5156879, -0.21931918, 0.19625337, -0.87441486, -1.1272917, -0.12387066, 0.5765107, -1.2822509, -0.3575907, 1.1426722, 0.1927428, -2.95171, 0.82299656, -3.4927502, -0.5702662, 0.21612042, 1.2330816, 1.0486392, -1.0036445, -0.72243613, -0.57629263, -0.18988624, 0.10922416, -0.5912545, -0.72280264, -0.17930973, -0.04335139, -0.4409711, -0.27664685, 0.29369268, -0.044694465, -0.9045459, 0.0735821, -0.6952857, -0.41310033, 0.26908648, 0.9284454, -0.0881718, -0.13730884, 0.0205916, -0.23575194, -0.669517, -0.6485462, -0.15874457, 0.04884989, 1.1137128, 0.26240087, -1.093375, -0.64594287, -0.046638522, -0.35453317, -0.09797144, 0.60095924, -0.978896, 0.01197309, 0.26324552, 0.78211534, -0.69510764, -0.050747294, -0.89054465, -0.67562807, -0.15581103, -0.063401446, -2.300319, -4.873199, 0.98067254, 1.0861691, -0.8980541, 0.6193152, 0.6931532, -1.1816456, 1.2526455, -1.6181937, -0.33175585, 0.18558599, 0.7072692, -1.8941178, -0.16893058, 0.90730673, -0.8605711, 1.1037675, 0.33366764, -1.2393478, -1.2666695, -1.2822766, 0.27652508, 0.58851266, -0.6082742, -0.40834424, 0.8618113, -0.033856623, -1.1451992, -0.34346354, 0.27696806, -1.8917148, 0.93788177, 0.962616, 0.6305337, 0.6306548, -0.42807218, -3.5462341, 0.30223313, 0.9770047, -0.6082949, -1.4820522, -1.162548, 0.14875454, -0.5008743, -0.59608394, 0.09160736, 0.49588713, -0.5685135, -0.11824686, -0.7549978, -0.7369122, 0.745661, 0.25686586, -0.41755643, 0.69436294, -0.06010179, -0.015247902, 0.5978945, 0.9769473, -0.87647295, 0.22742769, -0.060609873, -2.5008361, 0.24211274, -0.9979399, 0.39325085, 0.80933726, -0.7954755, 0.9649008, -0.06666491, 0.51658154, 0.9322462, -0.33575174, -0.98735714, 0.019395292, -0.25717187, -2.051803, 1.9798894, -1.0783268, 0.5816038, -5.2718067, -1.0279913, 1.3060613, -2.0176516, 0.18505026, -0.1557602, 0.4931817, 0.0250908, -2.6881595, -1.3365464, 1.5522325, 0.14287442, -0.8154115, 1.435957, -0.9655723, -0.5472105, 1.3073713, 0.011182747, -1.940086, -0.8748804, -1.2713484, -0.36855108, -0.01724115, -0.813233, 0.24003042, 0.52780503, -0.17884614, 0.32805723, -0.9299939, -2.157683, -0.4432387, 0.38980165, 0.10974231, 0.50836974, 1.0554072, 0.08019496, -1.7157167, 1.2654183, 1.9125191, -1.0360438, -0.03964312, -0.4221861, 0.34693033, -1.1052319, -0.58333075, -0.19333237, -0.85490155, 0.3350557, -0.58556247, 0.407795, -0.15470597, -0.082226716, -0.32714158, -0.67372316, -0.82450783, -0.31115267, 0.3929591, 0.56506884, -1.2235062, -2.3006427, -0.5152025, 0.09230196, 0.91710895, -1.8702986, -0.16339706, -0.13881563, 0.72852135, 2.1860197, 1.3058584, 0.51922363, -2.8095016, -0.19115542, 0.3137467, -1.2196954, -2.4695518, 0.51884735, -2.4322805, -0.5222144, 1.29455, -0.982064, -0.22268337, -0.29977056, -1.7392356, 1.5298758, 0.29966632, 1.9407152, -1.1662889, 1.4466879, -1.0362335, -0.74047273, 0.56708914, -0.14226586, -1.5364306, -0.9766019, 0.21984485, -2.3969555, 1.2137444, -0.1071022, -1.153213, -0.42676997, 0.062985554, 0.3412298, 0.41667914, 0.49318218, 0.22736838, -0.7262721, 1.287396, 0.4428089, -2.4519336, 0.28796357, -0.45657018, -0.51532143, -0.5119408, -1.9371644, -0.32184744, -0.77584755, 0.592369, -0.6282724, 0.84450877, 0.25093612, -0.48494798, -0.14968646, -0.9919712, -1.7646861, 0.47267425, -0.5682292, 0.004947532, 0.6029161, 0.0051467405, 0.19658844, -1.0614808, -0.34227237, -0.44714984, -0.84398526, 0.36993763, 0.09713964, 0.34699386, -0.6303094, -1.6145322, -0.018670613, 0.22077398, -1.1790658, -1.3820689, -0.37653914, 0.3254621, -1.2010549, -0.6337537, 0.30012572, 0.72028047, -0.10957741, 0.51311797, 3.172031, -0.8341301, -0.49576044, -2.1212196, -2.2383986, 2.2221599, 1.9298662, -1.0416418, -0.13103133, -1.1087713, -0.9261253, 0.053262476, -0.6833466, 0.32983005, -0.43844363, 0.5188071, 0.28603366, 2.877261, -0.8819104, 0.07873986, -0.019911634, 0.3102593, 0.4997483, -0.21012218, -0.7874974, -0.7127091, -0.008489577, 0.61302745, -0.3541342, 0.4967285, -1.5340462, -0.21587433, -0.5847704, 0.2892649, 0.21887952, -1.11888, -0.41945782, -1.3675898, 0.45654705, -0.16322927, 0.78838634, -1.3346831, -0.15283668, -0.4305123, 0.7494157, -0.08089663, 0.08497125, 2.4443362, -0.5261078, 0.6340076, 0.2890813, -1.025871, -0.533784, -0.20163143, 0.16460633, 0.2705309, 0.24172495, 0.11787889, -0.4917778, -0.56191003, -0.37593892, 0.31766513, 0.4284765, -0.2601555, 0.33874083, 0.43524694, -1.1863359, -1.7384157, 0.5439163, -0.7823724, -0.36753723, -0.96346766, -2.215278, 0.5289082, 0.6785192, -0.99472415, 1.1613679, 1.3889787, -0.28466603, -0.9992468, -0.40469465, 0.18461002, -1.5510255, 0.5465104, -0.084817685, -0.2598906, -0.18899804, -1.3670712, -0.34941274, -0.7088738, 0.34202254, 0.12177843, -0.28910372, -0.6567015, -0.2720077, 1.1199712, 0.10277095, 1.9069582, -1.416225, -1.6878026, 0.90651476, 0.9952225, 0.25110972, 0.5679127, 0.12153136, -0.41668275, 0.1888818, -0.6040665, -0.50386614, 0.4775753, 0.26178068, -1.0377218, -1.5862224, 0.12030169, 0.417662, -0.06386057, -0.8497457, -0.8369901, 0.6117897, 1.2009649, -0.12034078, -0.9819416, 0.8175118, -0.6130978, -1.0787979, -0.13149665, -0.37020308, -0.63316214, -0.4924176, -0.5636822, 0.80915695, -0.71784186, -0.13987826, 0.55799025, 0.36317372, 0.13529347, -0.81446123, -0.6226823, 0.47756183, 0.39642102, -0.026957093, -0.9336608, 1.2357427, -0.23529515, 0.85115457, -0.717248, 0.5423869, -0.8644468, 0.027585115, -0.7208159, -0.34169373, 0.13421518, -0.76576227, -0.27471495, 0.8593726, -0.21862695, -0.37993208, 0.0715242, -0.4229734, -0.72117555, 1.0309964, 0.57712287, 0.6590069, -0.67628807, 0.017352391, 0.39167175, -0.24318127, -0.1308849, 0.24046029, 0.33368146, -0.8890905, -0.23475593, -0.59784967, -0.56483793, 0.3271439, 0.005871564, 0.5370324, 0.486706, -2.3727612, -0.3773906, 2.091366, 0.48618546, 0.70541525, -0.8603052, -0.714684, 0.13985588, -1.049752, -1.2911882, 0.81847787, -0.79123634, 1.2632688, -0.9300444, -2.448614, 1.4536546, -0.2401299, 0.15832038, -1.2563846, -0.9935716, 0.04457075, 0.97313935, 0.2184128, -1.5764676, -0.5670711, -0.31241912, 0.043823548, -0.21697536, 0.18296376, 0.28686774, -0.79194546, -0.53746086, 0.7020219, -0.5549042, -0.27206942, 0.72297364, 0.11683453, -0.22920689, -0.37925676, 1.2254518, 1.8285074, -0.24654937, -0.48335627, -0.27366307, 0.8932811, -1.7456551, -0.55941886, -0.11362125, -0.0060241437, -0.6192748, -1.4838943, -0.3088409, -0.7822448, 1.0992318, -0.054672886, -0.6838271, 0.17402671, 0.72684, 0.58598715, -0.59090364, -0.8600486, -0.4222116, 0.7016348, -0.028800724, -0.21782692, -1.0343995, 0.0891408, 0.13503091, 0.008354081, -0.5347249, -0.67264926, -0.22323781, -0.3991512, -0.13012193, 0.025417041, -0.38447192, 0.64184046, 0.54714376, 0.6156594, 0.33918178, -0.7033652, -0.6917531, 0.69423634, -0.552028, -0.31149122, -0.18088292, -0.26035997, 0.21210632, -0.6239718, -1.222478, 0.0886102, 0.539952, -1.413689, -0.16908738, -1.966869, 0.35356733, 0.47210306, -0.57667977, -0.42004183, -0.40846524, 0.26542026, 0.8083374, -0.1291048, -1.4646535, -0.25992644, 0.32188073, -0.94153464, -0.46815112, 0.14457335, -1.0901078, 0.047866184, -0.414327, -0.5394748, -0.23044224, -0.14726138, 1.5200207, 0.1527096, -0.5880922, 1.3096184, -0.8737018, 0.09009204, 0.18981396, 2.2595873, -0.12456562, 0.11546702, -2.98487, -1.6101233, -0.55080515, 0.62255913, -0.38591424, 0.063439295, -0.6981539, -1.622658, 0.46144098, -1.0263101, -0.4058645, 1.1525205, 0.1257182, -0.24109384, -0.009473444, -1.3056263, -0.7642488, 0.24743238, 0.101421416, -0.6096481, -1.1441003, 0.28412768, 0.95088196, -0.4173218, -0.58908695, -0.21018173, -0.15405579, -0.14605574, -0.18840335, -0.39815697, -0.21867172, 0.75985175, 0.26526532, -2.4595447, -0.7141741, -0.09961399, -0.41836494, 2.306549, 0.9139164, -2.0099163, -0.76830447, 0.46483135, 0.25000113, -0.6965384, -1.6064856, -0.05683015, 0.58425236, -3.5254514, 0.64933604, -1.0588806, 0.62600315, 0.32453263, 0.18134856, -0.71246266, 0.85584486, 0.1868848, 1.04039, -2.053806, -1.5269593, 0.72338986, 0.86993426, -0.77361256, -0.42006126, 0.1755368, -0.5497773, -0.42027482, 0.17764907, -0.90006673, -0.04562253, 0.42000338, 0.40560246, 0.09139336, 0.122422524, -0.28674915, -0.89881563, 0.5379264, 0.1075861, 0.52673614, 0.9442669, 1.1190467, -0.9508071, -1.0878131, -0.80651045, -0.49864542, -0.27350467, 0.38883573, -0.57178044, -0.457743, -0.11671469, -0.009291902, -1.205657, 0.19683026, 0.9435133, 0.8977059, -0.644806, -1.3259517, -0.4352477, -0.33388576, -0.03938993, 0.30511376, -1.3293526, 0.41704914, 0.946041, -0.8071434, -0.41241404, -0.11061439, -0.37280315, 0.36820474, -0.73141456, 0.5762921, -0.115850635, -0.14913858, 0.24008423, 0.102775015, 0.48799077, 0.17159814, -0.80411, -0.28672263, -0.18184371, -1.4435779, -1.0726693, -0.14452557, 0.9501634, 0.05344442, -0.4426632, 0.60623205, -0.24931471, -2.2001457, 0.5335087, -0.12074199, 0.42584002, -0.34330425, -0.2679993, -0.741436, -0.69860494, 0.56620437, 0.034449395, -0.80397904, 0.30775803, 0.183782, 1.1551623, -0.8184614, 0.035556402, 0.2387338, 1.2269704, -1.0698572, -0.70442325, -2.2069063, -0.01243629, 0.19897942, 0.6643438, 0.6550145, 0.6267858, -1.3755802, 0.87960523, -0.31074005, -0.6195214, 1.2885987, -0.5139118, 0.71993613, 0.27068183, -0.7216671, 0.465119, -0.21382324, -1.027587, -0.73879653, 0.77983147, -2.7339327, 0.01920076, 0.44067055, -0.7365241, 0.28304872, 1.1924889, 0.4732359, -1.7116107, -1.750203, 1.2172014, -0.7480152, -0.51223475, 0.012747839, -0.6793716, 0.71112055, 1.1696573, -0.34609902, 1.0555162, 0.50990546, 0.7135959, -0.44807675, -1.5357248, -1.087328, 0.051943846, 0.0049125883, -0.023864677, 0.99260116, -0.4468702, -0.019418221, -0.12512758, 0.42796677, 0.08988494
-1.9780893, -0.59307444, 1.0657111, 0.1999493, -0.3236421, -3.3328128, -0.15838864, -0.8272411, -2.1357284, 1.1788101, 0.65410244, -0.015738208, -0.36386457, 0.03833282, -0.06789093, -0.7600057, 0.8504997, -0.55661905, -2.297765, 0.2909594, 0.34101248, -0.46788132, -0.13591526, 0.21136928, 0.83702284, 0.37143055, -0.8162448, -0.46732152, 0.5711769, -0.18547896, 0.4288404, 0.24873531, -0.039535668, -0.47660583, -1.2246258, -0.07895294, -0.88327193, 0.6838594, 0.28180566, -0.3319928, 0.68633914, 0.057229254, -0.5794896, 0.0075909616, 0.33087474, 0.061455846, -0.3334765, 0.045978684, -0.9016708, -0.551403, -0.26232585, -0.32379872, 0.59796166, 0.28310537, -0.811236, -0.96437764, -0.27745363, 0.19254133, 0.9435386, -1.7542063, 1.1144947, -0.52305126, 1.0924529, -0.32286832, -0.93562675, 0.22076665, -1.0070057, 0.5295811, 0.35718343, -0.6193751, -0.37361777, -0.106512174, 0.79611576, -0.17225513, 1.460798, -0.7537265, -0.06420718, -0.77521706, -0.38382217, 0.063144706, -1.3941437, -0.31021994, 0.015772756, 0.13437036, 0.58238125, -1.5686971, -0.4172512, -0.52746946, -0.75867134, 0.4273277, 0.25386313, -0.38495383, 0.38259524, -0.56182265, -0.9037815, -2.623877, 0.5388334, 0.19776039, -0.34473813, 0.9922718, 0.30670416, -1.1904843, -0.5779291, 0.24927413, 0.50932795, -0.47350532, -0.85785556, 0.17734058, 0.19854227, -0.7448365, 0.46800143, 0.5865241, -0.696411, -0.053761322, -1.1049144, 0.08281906, -0.49090505, 0.4757591, 0.83471274, -0.6416799, -0.8258996, 0.37969735, 0.01587737, -0.30235985, -0.53181636, 0.66669196, -0.4584204, 1.453664, -0.015922407, -1.3547311, -0.3393133, 0.24024816, -0.8633912, 0.09065542, -0.34455144, -1.385371, 0.27450854, 0.7401779, 1.0001471, -0.7353348, -1.3004967, -0.37104872, 0.20904481, -0.16955648, -0.8884291, -0.50232244, -0.5973243, -0.7806145, -0.059860997, 1.2339847, 0.34943295, 1.0263215, 0.35974556, -1.1347185, 0.4591126, -1.8909478, 0.266355, -0.432539, -0.09293753, -0.82451445, 0.1910112, -0.5882649, -0.26140615, -0.5346851, -0.5498771, -1.2257187, -0.777577, -1.6360633, -1.1854013, 1.5083883, 0.16924453, 0.3143752, 0.9708175, -0.98105615, -2.0811496, 0.44484636, -1.2258749, -0.63042814, -0.82827544, 1.065661, 0.15950976, 0.33521795, -0.083282925, -0.7685653, 0.4002007, 0.9851807, -1.2982994, -0.82210237, 0.18011768, -0.45286024, -0.06332271, 0.07625404, 0.39857066, -0.6390572, -0.6711162, -0.06572126, 0.15312997, -0.059106108, -0.045548245, 0.013844271, -0.59221745, 0.38501284, 0.013803522, -0.3839021, -0.029213909, 0.14230269, -0.45396706, -0.011007323, 0.08733593, -2.02725, 0.09086115, 0.74537075, 0.5336878, -0.08887727, -0.4796156, -0.38057694, 0.44710264, -0.39947802, -0.390052, 0.3636616, -0.93097323, -0.30381027, 0.100672446, -0.96047395, 0.18010417, 0.26826373, -0.8722207, -2.8008313, 0.6048326, 0.7325402, 0.39512163, 0.782653, -0.075118944, -0.82759786, 0.79866123, 2.1298676, 0.5985582, -0.13300377, -0.7534103, -0.6978778, -0.28070277, -0.9815139, -0.43915898, -0.6587199, 0.6177695, 0.7452382, -3.0252233, -1.9968945, -1.761631, 0.93728805, 0.7751264, -0.15540291, 0.6501561, 0.46250695, -3.1077077, 0.65623355, -2.2972708, -0.8138749, 0.27172917, 0.2557688, 0.18152004, 0.51150537, -0.29179382, 0.70793635, -0.04742309, 0.18846339, -0.41003007, -0.9504215, 0.11973637, -0.6604569, -1.1503273, -0.5861313, 0.6031542, 0.62220097, -0.280825, 0.14904356, 0.023829438, -0.12895823, -0.25866795, -0.5155684, -0.18593113, 0.43427017, -0.29288968, -0.35825548, -0.029366279, -0.77834237, 0.2611742, 0.4255342, 0.16704643, -0.35058826, 0.20036583, -0.29181132, -1.068654, 0.3154298, 0.100672685, 1.3749003, 0.73710144, 0.025018342, 0.03889112, -0.79419243, -1.3653917, -0.14226754, -0.15268454, -0.55276185, -3.0917652, -0.3624663, -1.9530808, -6.6077614, -0.17463525, 3.2594717, 0.41354504, 1.5010442, -0.6016991, -1.3883532, 1.0693682, -2.8886337, -4.3718333, -2.5650308, 2.7784822, 1.0277525, -1.9487182, -3.8370743, 0.100583136, 1.3701954, 0.12910663, -0.41080216, -0.37580237, -1.8597685, 0.62352777, 0.085340925, 0.81752723, -1.7481437, -0.29850107, 0.6902102, -0.55615467, -0.93045044, -0.5465981, -1.5355364, 0.8038518, 0.18913229, 0.72189265, -0.9496188, -0.3961259, -0.32970256, 0.97960114, 0.86263716, -1.1172471, -0.56555897, -1.891358, 0.26405892, -0.88532156, 0.5707307, 0.44497105, -0.6431195, 0.06592838, -0.39548126, -0.2054138, 0.13820486, -0.18693353, -0.36817816, -0.634267, -0.59861106, 0.14175777, -0.49071532, 1.0942538, 0.07473294, -0.26126114, 1.170304, -2.2988214, 1.364625, -2.4302337, -0.14058097, -0.101729855, -2.0282109, 1.9558418, 1.0186833, 0.89977276, -1.8591543, -1.7453433, 0.6082288, -1.1562543, -0.3141491, 0.31822416, -3.0452206, -2.261723, 1.9252121, -1.0522506, -0.20831893, -0.36344165, 1.6974069, 0.5384462, -0.04741372, 1.2533528, -0.12991191, -0.5878626, -0.82602197, -0.4758135, -2.6127908, 0.16724904, -0.7143117, -1.4676846, 0.6277853, -0.90125185, 0.80004376, 0.6504795, -0.7802723, -0.1368148, 0.34700355, -1.2323612, -1.5303301, -0.57908356, 0.6407741, -0.35324368, 0.24230775, 0.35552436, -2.1426895, 0.22398807, -0.15348418, -0.41691324, -0.97888774, -1.2271713, -0.23589689, -0.7919494, 0.5657303, 0.36817792, -2.202668, 0.3413825, -2.0633826, 0.021418234, -0.8677576, -1.2126669, 0.3594359, -0.3376886, -0.114771195, -0.0035472447, 0.041211985, -0.21198083, 0.25870094, 0.92798924, -0.20660381, -0.5617465, -0.8710273, -0.32275298, -0.459622, -2.6676733, -3.2282376, 1.5307317, -0.73104304, -2.9891942, -1.9586776, -0.00327891, -0.4490699, 0.51471615, 0.006080061, -1.9014541, 2.2424664, -0.8299877, -0.0027068304, -1.270064, -0.025136298, -0.8435827, 1.1943614, -0.4120363, -0.8137822, 0.15818837, -1.3430882, -0.7949423, -0.61352587, 0.06041126, 0.7354111, 0.5773611, -0.25309628, -0.12046956, 0.65799934, -0.3643023, 2.8416586, -0.7870941, 0.49065048, 0.50696737, -0.16261259, 0.3090957, 0.36221802, -0.8207744, -1.2069455, 0.9167309, 1.2948476, 0.43756914, -0.27477595, -1.125319, -0.65235233, -0.14181444, -0.20120342, 0.77443856, -0.8831162, 0.23791271, -0.80818087, 0.5610366, 0.84309053, 0.06465473, -1.4342704, -0.15806909, -0.70938313, -0.9500284, -0.34155354, -0.0029344806, 0.7007772, 1.2364033, -0.355017, 0.7243079, -0.37264344, -0.6886836, -1.5170249, -0.56585133, 0.113142364, 0.24143694, -0.17205945, 1.8510574, 0.6661317, -0.91346663, 0.33391625, -0.060919013, -1.578348, -1.8583862, 0.9963238, -0.11060171, -0.8524849, -1.5424517, -1.0068007, -0.0026518207, 0.82295305, -2.3326414, -0.45247817, 1.9040271, 0.65085757, -0.17846903, 0.80809385, -0.20328394, 0.08436915, -0.47165707, -1.2185042, 0.50293773, -1.0239761, -0.073897235, 1.1170698, -0.08279589, -1.616746, -0.7472136, -1.0360523, -0.069704875, -0.3883618, -0.19702396, -0.035858348, 0.4965974, 0.8303447, 0.068272516, -2.7999816, -0.9314137, -0.44089472, 0.31428784, -0.7095034, -0.104985595, 1.7230997, 0.18543133, -0.57721704, 0.27706468, -0.40380383, -0.49181077, 1.1561383, -2.461096, -0.322818, -2.5259008, 0.15720697, -0.36387777, 0.027771363, -0.8803819, 0.18154788, 0.055025555, 0.93523127, 0.10536882, -1.5269338, -0.5548848, 1.0726571, -1.1069709, -0.63572884, -0.15271948, -0.5314342, 0.22085626, -1.0060531, 0.87990415, -0.5769545, -0.085817754, -0.15999515, 0.005478198, 0.00632668, 0.9008924, 2.0283434, 0.0438247, -0.42225784, 0.71291876, -1.0768461, 0.5680599, -1.4189092, -0.04708965, -0.34062263, -1.051063, -2.5187926, -1.0707527, -1.0353205, 0.41410276, 0.99736893, 0.18255822, 0.49225485, 0.45196372, -0.24217658, 0.26564816, -0.46299568, -0.7261758, 0.06357266, -0.5637976, 0.711687, 1.1388081, -0.5761473, -0.2646662, -0.060121838, 0.34287068, 0.07645336, -0.57977057, -0.7175619, 0.36472848, -0.1767398, 0.36677963, -0.26288012, 0.109032296, 0.031642176, -0.11438291, 1.0088817, -1.0867487, -1.4855554, 2.0724533, -0.27399382, -0.45086235, 0.02847963, -0.18107402, 0.6565173, -1.0111603, -0.22177415, 0.7624412, 0.022400832, -1.6062691, 0.7470523, -4.7852445, 0.29837787, 0.3803058, -1.2533528, -0.097018324, 0.11444136, 0.21588485, 0.879462, -0.28919145, -0.45002997, -0.13212088, 0.958342, -2.0941954, -2.226124, -0.8631522, -0.1161543, -0.36669013, -1.211643, 0.6719625, -0.1130144, 0.49082586, 0.040193323, -0.025058113, 0.22233665, 0.09341169, -1.6061916, -0.54007834, 0.9208874, 0.5810038, -0.32396004, 1.3121239, 0.5918082, -1.4963712, -0.020460313, -0.9168513, 0.44860312, -0.067269325, -1.1989378, 0.33001798, -0.042089522, 0.015389827, -1.3037574, 1.1981953, 0.65833926, 0.36284453, -0.85386807, -1.1407006, 0.20394339, -0.73208266, -0.17929299, 0.0442535, -1.3762542, 0.78615206, 0.36860153, -0.27559537, -0.68340653, -0.24447793, -1.2489518, 0.74314237, 0.33164817, 0.39220163, 0.3151236, 0.18815167, -0.21697956, 0.19897485, -0.7412005, -0.4802195, -1.4341177, 0.40114793, 0.23291421, -0.70468515, 0.48934394, 0.6363295, 0.71510184, 0.13995679, -0.72459906, 1.0087065, -0.09503288, -2.187137, -0.3892766, -3.3960974, -0.1814855, 0.097622775, -0.0035841158, -0.30732423, -0.876203, 0.5736383, 1.3570752, -0.41255543, -0.65854746, 0.4771458, 0.7237581, -1.6625789, -1.1065278, -0.43665043, 0.3921623, 0.028574951, -1.0962358, 0.7297666, 0.505272, 0.44450194, 0.22171749, -0.2998893, -0.8592315, -0.109794736, -0.5730607, -0.120841175, -0.16183738, 1.0075718, 0.106263265, 0.056307383, 2.1890633, -0.7232841, -0.8237316, 0.108818874, -0.57270646, -0.8536612, -0.45290762, 0.49084702, 0.2899794, -0.35477743, -0.80786806, 1.3827119, -0.17487563, 0.4489988, -0.968867, -0.9143053, 0.035181824, 0.3891636, -0.131665, -0.9141173, -1.0273184, 0.3533933, 0.7347111, -0.022131033, -0.4425211, -0.5596182, -0.30445984, -0.52652335, -0.11746661, 0.37569466, -0.048581194, -0.6202472, 0.6891889, 0.84237915, -0.8466007, -0.58986545, 0.068812326, -1.0402347, -0.3754677, -0.76352423, -0.41614503, 0.6549848, 0.5683836, -0.5850759, -0.9516968, 0.47363436, -0.28730524, -0.74121004, 0.6684654, -2.24964, 0.14448, 0.11230568, -0.33939955, -0.696001, 1.039491, 0.44024378, 0.76614696, -1.380421, -0.36924088, 0.26501253, 0.4590787, -0.6352433, -0.65086955, -0.8384222, -0.1060862, -0.42901486, -0.17208622, -0.17204076, 0.36853766, 0.34477046, 0.16719054, -0.14922464, -0.33471504, 0.5117021, -0.16303194, 0.47387922, 0.0073970407, 0.11108284, 0.11293032, 1.0270475, 0.27479234, -1.1238421, -0.23593025, 0.74084383, -0.37901556, -0.6472144, 0.09658678, 0.28264523, -0.4150084, -0.8043195, -0.84999937, 0.31554246, 0.28138503, 0.6103934, -0.5581173, -1.1992855, 0.94589585, 0.005756744, -1.0807183, 0.7539178, -1.3031533, -0.09245776, 1.0449921, -0.45032594, 0.088286474, 0.53356683, -0.2633931, 1.0609798, -0.7578789, -1.1065097, 0.2988872, -0.5577886, -0.14931878, 0.56833, 0.52165306, -0.5478476, -0.5439205, 0.86536586, -1.3408684, -0.28364897, -0.037267264, 0.9200342, -1.1095853, 0.20418909, -2.6822884, 0.21020268, -0.7849442, -0.1408322, 0.78510666, 0.49910417, -0.18817632, 0.2632431, -0.7589509, -0.7961879, 0.012772362, 0.19194461, 0.59140205, -0.020443935, -0.08358923, -0.50105155, 0.122363664, -0.7217357, 0.01913493, -1.151095, -0.5526518, -0.88261074, 0.68491334, -0.6699991, -0.006248384, 1.5296646, -0.15411521, 0.16515364, 0.022877501, 0.6849519, 0.6782123, 0.46995845, -0.7374754, 0.15230198, -0.08947031, 0.5347669, 0.20580707, -0.63665104, -0.8362916, 0.32345685, 0.5925316, -1.0154951, -0.3814967, -1.2129923, -0.78725356, -0.21357487, 0.01783199, 0.8278008, 0.58216804, -0.9415025, -0.081669025, -0.72782165, 0.40054825, -0.45514402, -1.1687708, 0.17574443, 0.31939498, -0.053022165, 0.43812576, -0.53634423, 0.5769284, 0.4043446, -0.394921, 1.0679004, -1.0702493, -0.9566844, 0.5299869, 0.0050243777, -0.6078959, 0.39196506, -0.40197024, 0.62816495, -0.7321027, 0.5991464, -0.52352333, -1.0083373, 0.42736566, 0.25245732, -0.097570844, -0.3790447, 0.60865027, 0.4433202, -0.55401754, -1.4460303, 0.83432025, 1.3088709, 0.28755355, -0.7112493, -0.8624889, -0.4174359, -0.11213014, 0.5208127, -0.5035579, -1.2546674, 0.5424684, 0.38555476, -0.07757976, 0.2515246, 0.065315075, -0.96886766, 1.2691884, -0.25040787, 0.05427267, 0.22874631, 0.38467553, 0.95269126, -0.27372482, -0.37678987, -0.26974887, -0.09483403, -0.29290712, 0.85608804, -0.8474013, -0.30174544, -0.12275661, -0.7346537, 0.83259606, -0.07514868, -1.13856, -0.46311003, -0.77015483, -0.76577723, 0.1887148, -0.37612718, 0.11174182, -0.5412302, 0.5447945, 0.058214683, -0.14679836, -0.90528923, -1.4098139, -0.093224056, 1.0920874, 0.3912627, -1.6201535, -0.23699093, -0.04431486, 0.8393837, -0.5930667, -0.91429067, -2.127411, 0.42864418, 0.5322755, 0.9285638, -3.600138, -1.0757606, -0.035579175, 0.44864875, -0.45037743, -0.33000538, -0.20048468, 0.049583502, -0.41271743, 0.55326873, -0.6365081, 0.26216537, 0.033104848, -0.9168364, 0.5454871, -1.0746341, -1.7376872, -0.9526692, -0.53353655, -0.7300441, 1.3724473, 1.4992495, -0.4891192, -0.2470717, -0.34831843, -0.15528336, -2.0420775, 0.3718026, 0.023016235, 0.67681426, 0.030913446, 0.66349053, -0.16171929, -0.28772616, -0.1534216, 0.2492182, 1.0975145, -0.6704641, 0.6670142, -0.62734365, 0.1761807, 0.29886243, 0.5251277, -0.3477802, -0.35234874, -0.37673843, 0.25119665, 0.36132714, 0.20495637, 0.73768073, -1.734936, -1.6719929, 0.33161202, -0.7163521, 0.33786196, 0.13730851, 0.44635865, -0.1960412, 0.3039223, -0.97365695, -1.2938256, -0.27894452, 0.8323873, 0.016383221, 0.1283708, -1.53038, -0.97281235, 0.43987903, 0.7922147, -0.91408294, -1.807532, -0.048717443, 0.08187241, 1.3335207, -1.1941376, -0.9854944, 1.3886997, -0.3040281, 1.4442794, 1.1865401, -3.7486336, -1.7161489, 0.3477229, 0.2722831, -1.2216803, 0.79483056, 2.1840496, -0.24236088, 0.22699471, 0.48980495, -0.905858, -0.35269508, -1.5072161, -0.27261016, -0.5379972, -1.0953889, -1.0018525, -0.78442305, -0.56436247, -1.2469403, 0.9079932, 0.6468319, -0.6470078, -0.10400139, 0.32645172, -1.0721442, -0.7038528, -0.67261297, 0.016705249, -0.108318605, 0.36014274, -0.117491245, -0.054126445, 0.32919815, -0.31057, -0.34926432, -0.5505692, 0.37214586, -1.0019369, 0.6230865, 0.31806886, -0.1616332, 0.1583852
-0.607326, 0.023541914, -0.305014, -0.47787562, 0.21862397, -0.22525607, 1.1958405, -0.9252289, -0.93889135, 0.5011622, -0.2476467, -0.3406403, -0.40808454, 0.5137831, 0.30126444, -0.48266488, -0.58091086, -0.06762768, -0.7523242, 0.49130097, -0.15794839, -0.63259715, -0.04076244, 0.27402753, 1.106433, -0.56280136, 0.6211563, -2.7479067, -0.072354354, -0.47959048, 0.3735522, -0.17319064, -0.044037744, -1.7976962, -0.8624061, 1.5558717, 0.089457266, -1.129231, -0.86400706, 1.1302282, 0.37091097, -2.8261247, -0.100713946, 0.10155622, -0.43319997, 0.255274, -2.1365168, -0.762259, 0.52514374, -0.34965032, 0.22003476, -0.23567699, -1.2427698, -0.14316595, -0.9187207, -0.5541161, 1.8203853, 1.044952, 0.5228138, -0.05776897, 0.106101, -1.3948133, -2.7377093, -0.93021137, 0.039497785, -0.06356899, 0.61634403, 0.06584083, -0.5779876, -0.80492663, 0.072199054, -0.6033416, -0.0018084722, 0.25554538, 0.17956385, -0.3779245, -1.4690799, -0.31027174, 0.41771913, 0.69643694, -0.62262636, -0.071927905, 0.05032855, -0.21430086, 0.043549366, 0.444998, -0.05557031, -1.110891, -0.6276773, 0.17043617, -0.26329193, -0.27262372, 0.47037905, 0.57303345, -0.16428955, -1.3080146, -1.6610724, 0.63545215, -0.7972329, 0.37649968, 0.12742272, -0.012924898, -1.2352259, 0.27229637, 0.19431472, -0.11389725, 0.07963803, -0.8288003, 0.6557102, -0.7524998, 0.008868668, -0.08877033, -0.8668849, -0.94398206, 0.23945692, 1.7741268, -4.2975626, 1.5921981, 0.2677695, 1.6051171, -2.6004987, 2.2959483, 0.054991167, 1.2768862, -2.3270986, -2.2482374, -1.3296545, 1.4822084, -0.000116783725, -3.499923, 0.57090086, 1.3368081, 0.16643712, -1.6305454, 0.49445686, -2.5955281, 0.22893514, 0.990575, -0.33195087, 0.682701, -0.49387148, -1.0941304, -1.569713, -0.46053523, -0.060768154, -1.2998945, 0.19872475, 1.3345002, -3.199125, 0.03311513, -0.47645718, -1.3581233, -0.49813464, -1.54751, -0.09700149, -0.000500363, 0.48203677, -1.5032598, -0.08285927, 0.0683865, -0.6122572, 0.123458445, -0.02976238, -0.39985707, -0.070075355, -0.11619826, -0.4773908, -0.44666946, -0.9062694, -1.019726, 0.119371854, 0.07490381, 0.6739684, -0.06291028, -2.443334, -0.61900806, 0.061595585, 0.7694746, -0.8978778, -0.70489204, -0.5099726, 1.0239497, -0.22076258, -2.4517474, 1.4028422, 0.06246603, -0.9540361, 0.23397098, -0.33388746, 0.15328856, -0.84338456, -1.0272257, 0.07534536, 2.3005524, -1.4789368, -0.4865075, -2.0692468, -0.2512488, -0.35289642, 0.40674317, 0.85973734, 0.50307125, -1.0011356, -0.4106612, -1.390167, 2.990499, 0.8601862, -3.167906, -1.1470013, -1.2927244, -1.2280263, 0.37736085, -0.42789942, 1.5467646, -0.48061216, -0.690418, 1.6770573, -1.4945124, -1.3236274, 0.23986267, 0.46993253, 0.6437999, -0.3377727, -0.6868751, 0.06428558, -0.5369817, -0.40908006, 0.5321377, -0.26369044, 0.19370678, 0.15006565, 0.113010496, 0.63795274, -2.472655, 0.5233056, -0.23132348, 1.0826893, -0.90045327, -0.1482689, 0.1517628, -1.3147992, -1.4503813, 0.6581115, 0.011600838, 0.8700637, 0.23875432, -0.5550895, -0.5290034, 0.7392165, -1.0017416, -0.13598396, -0.17101692, -1.3403087, -2.067488, 0.45557055, 1.3953407, -0.1426152, 0.18679461, -0.26163206, 0.86322755, -1.2904915, -2.7591078, -0.19055109, 2.5195537, -3.6011562, 0.33192515, -2.158015, -1.1868855, -1.9980413, 3.9466026, -1.6035206, -1.0470915, -0.45123276, -4.2838793, -0.16123742, 0.3515975, 0.53519523, 0.048460953, 0.319381, -0.99069744, 0.25357556, -0.13373406, -1.3259138, 1.289776, 0.954561, -0.5273425, -0.44979042, -1.0701525, 0.775464, 0.9990186, 1.0812383, -1.4708738, -1.3996822, -0.25947073, 0.29809466, 0.06018426, -0.61637205, 0.05816121, -0.52350557, -0.4685709, 0.19997706, 0.547099, -0.003876625, -1.0694827, 1.7574072, 0.63245815, -2.336522, 0.18474695, 1.2246945, -0.35008833, -0.9714313, -1.0913984, 0.30876598, -2.0496593, 1.7838339, 0.0846404, -0.036895066, -1.4731765, -0.4541462, 0.7566387, -0.49171183, -1.0375177, 0.15992795, -0.67210925, 0.8125241, -0.97184926, -0.6836196, 0.44499874, 0.52472705, 0.6005999, -0.72461534, 0.30389237, 0.27116972, -3.056383, 1.7073804, -0.46314794, -1.3484986, -1.1298347, -2.3026645, -2.0878458, 0.13360366, 2.0655258, 1.1085471, 1.8957223, -0.6186537, 0.3297877, -0.17396632, -1.3715131, 1.2502986, -0.4179854, -0.3676946, -0.7044167, 0.43976113, -1.8154602, -0.6472441, -0.69453293, 0.6455021, -0.37054124, -0.0011664135, 0.13692147, 0.049257826, 0.11211079, 0.3333087, -2.3709939, -0.20211785, -0.6846891, -0.9212987, 0.1196884, 0.08210337, -0.7593714, 0.32463723, 0.9693108, -1.569367, -0.754732, 0.81379247, -0.28834715, -0.85242194, 0.19826476, -1.0746945, 0.5162953, 1.1865762, -0.9663149, 0.12151629, -1.2366749, 0.1751157, 1.3174883, 0.7173399, -0.8088862, -0.5444461, 0.5124643, -0.97721547, -0.66972756, -0.35033238, -0.05458068, 1.4114804, 0.078829356, 0.500695, -1.0737869, -0.16858262, -1.2909645, 0.1681617, -0.522231, 1.0684216, 0.7660325, -0.7477387, 0.8115278, 0.41724277, -0.70002466, 0.8908043, -0.6139127, -0.26270446, -0.7408776, 0.2405724, -2.362698, -1.0188029, -1.5429715, 0.94944304, -1.917054, -0.05155632, 0.025737891, 0.42259488, 1.4968619, 0.96626896, 1.1381332, 0.37687585, 0.66749233, 0.9181866, -0.94011706, -0.16435598, -1.6750792, -0.10993057, -0.78590477, 0.06699134, -0.83400154, -0.2755125, -0.3331012, 0.048738, -0.34545347, 0.1945949, -1.095423, 0.13771479, 0.7531257, 0.3172603, -1.6844087, -0.47568455, -1.4273558, -0.62860453, -0.050253887, 0.28780854, -0.5578538, 0.3322019, 0.7923847, -2.1438923, 0.7894773, -0.08591447, 0.48368242, -0.22234714, -0.450361, -2.770257, -0.37064385, -0.392675, 0.7085143, 0.049602848, 0.3947266, 1.0271678, -0.014883861, -0.6636461, 0.3683411, -0.38277763, 1.090117, -1.6459622, -1.3650869, 0.5574891, -0.11446139, 0.59838074, -0.80093, 0.1809087, -0.21972536, 0.74076056, -0.32616702, -0.16398449, -0.72588766, 0.56828475, 1.0174903, -0.6697979, 0.78304434, -1.105159, -1.0424448, 0.27749482, 0.99888504, -0.75224376, -1.0081788, 0.06826461, 0.7065558, -0.9633376, -0.66875446, 0.08050063, 0.09532614, -0.5592843, -0.44299707, 0.3938985, 0.46289575, 1.2338268, 0.9704457, 0.43008292, -0.33061093, 0.61996436, -0.7187546, 0.5121558, -0.6443779, -0.7417787, -1.1910033, 0.18874767, 0.5270495, -0.21427628, -0.06327786, 0.73558646, -0.35210994, 0.1653233, -0.94904715, -0.40402275, -0.3442192, 0.37925768, -5.372, -0.78917086, -0.8597374, 0.029693188, 0.28651553, -0.6966627, 1.2839185, 0.25084567, 0.6904197, -0.95893264, -0.18879132, 0.51976925, -0.17166992, -0.38086545, -0.74564713, -3.486802, -0.008786688, 0.2471016, 0.44734946, -0.9569819, -0.37907147, 1.6161968, 0.7473343, -1.0786747, -1.2740879, -0.5034447, 1.3322414, -1.5352299, -1.5297928, -0.60002255, -1.2922785, 0.46731257, -0.48727754, 0.335856, 0.056167983, -0.32793325, -0.45913708, 0.17570592, -0.21496587, 0.052238256, 0.05283696, -0.8777878, 1.594982, -0.8539477, 1.0514809, -0.8786226, 0.91397446, -1.1119295, 0.07325542, 0.31387368, -0.42373246, -0.84813374, 0.27258316, 0.5454325, -0.18238558, 0.21136816, -0.64416707, -0.34641045, 0.06776887, 0.6947398, 0.5355489, -0.57521015, -0.80996716, 0.046321515, 0.28987628, -0.8665015, -1.4974897, 0.47777748, 0.4698347, -0.83357537, 0.26072013, -0.57769644, 0.5048014, 0.6901404, 0.1832808, -1.0399431, 0.27972004, -0.29357436, -0.91275954, 0.30715415, -0.73098665, 0.16969316, -0.38742283, -0.7070511, 0.5702858, -1.9828787, -0.31805107, 0.9745273, -0.034749143, -0.60897726, -1.7433977, 0.13393785, 0.0018808432, 0.37335023, -0.14381953, -1.6942441, 0.04957035, -0.59937674, 0.34758043, -0.53673744, 0.32661617, 0.5813443, 0.8412094, -0.7822523, -0.012683362, -1.586925, 0.4265364, -1.8215857, -0.52543294, -1.8014594, 0.49625832, 0.123050116, 1.1114954, -0.028589545, -0.19593328, 0.6166886, -1.4133856, -0.32974663, -0.12749924, 0.47212023, 0.0833509, -0.41537765, -0.0032067045, -1.1203467, 0.4677339, 0.044653397, 1.4686574, -0.99785966, -0.16810516, 0.7909092, 0.9173851, -0.98859084, -1.1199446, 0.165106, -0.096431926, 0.43225121, -0.1615926, 0.21137597, 0.21156366, -0.53852856, -0.33316082, -0.03082546, 0.51300764, -0.6344516, -0.72181135, -0.05836679, -1.5352916, -1.0430274, 1.4434453, -0.25236893, 1.7057595, -0.6288204, 0.010314625, -0.4968118, -1.1768136, -0.7430995, 0.3938953, -0.3498509, -0.13042377, -0.21400796, 0.8752511, -0.41708732, 0.0328331, -1.3283496, -0.4581553, -0.73654085, 0.050934188, 0.2716155, -0.20521313, 0.020792585, -0.36320558, 0.2904485, -0.3936954, 0.07397189, 0.51763076, 1.0255866, -0.5529875, -1.1431899, -0.112144485, -0.70358473, -2.8781438, -1.149318, 1.3055248, -1.92069, 0.42765754, 0.13072027, 0.058691304, 0.3079878, 0.07719561, -2.786361, -0.54285437, -0.6235952, 0.80908567, 0.84412026, -0.12675379, 1.1615038, -1.292494, -0.39086848, 0.11855276, 1.096647, 0.7471375, -0.4357962, -2.2103202, -0.22000292, 0.3921114, -0.2735187, 0.61219794, -1.2434216, -0.73820746, 0.21481244, -0.5457845, 0.55725944, 0.9604116, -0.7473596, 0.12572329, 0.41713002, -1.4066519, 0.28773758, -0.94107354, -0.45429498, -0.14278288, -0.23313035, 0.86426306, -1.2818434, 0.6144264, 1.4432669, -0.5467792, -0.41423288, 0.4533555, 0.5522203, 0.6379519, 0.59496546, -0.64752936, 0.1605868, -0.4888599, -0.81893456, 0.2943504, -0.58798647, -0.13304736, 0.5800182, -0.43601725, 0.21083577, -0.5033115, 1.1433065, -0.48684764, -0.5241814, 0.39551005, -0.38039294, 0.10520725, -0.5959847, -0.71157634, -0.41346723, -0.31501508, -1.7426139, 1.3574097, 0.09845478, 0.46401042, -1.0725191, 0.1996227, -0.97691524, -0.27359086, -0.2756062, 0.5769909, -2.2438204, 0.41736597, 0.57596725, -0.35063753, 0.1716425, -0.39115703, -2.2559109, -0.6241324, -0.7002453, 1.1059121, -0.22174379, 0.18108125, 1.0197947, -0.6819288, -0.68146193, -0.027278833, 1.1335709, 0.30056706, -0.09135181, -0.42576984, -0.4157614, -0.6712462, -0.61675656, -0.03837181, -0.1891, 0.01579921, -1.5284079, 0.35162333, -0.5257583, 0.22349589, -0.72700703, -0.63068616, 0.31703153, 0.034669846, 0.15878117, 0.69643164, -0.0013550511, -0.71726453, -0.30214572, 1.3913759, -0.2643518, -1.403667, 0.33151022, 0.624721, 0.71513027, -1.4663419, -0.4650227, -0.47283247, 0.9308967, -1.5549953, 0.30032074, -1.0455219, -1.2833784, -0.28173646, 0.020143377, 0.217945, 0.44251943, 0.46288148, -1.2406064, 0.44782317, 0.52025175, 0.3622626, 0.333752, -0.39923042, -1.2098794, -0.7057274, -0.4198701, -0.7820931, -0.19429237, 0.978968, -0.36985412, 0.8354576, 0.49993038, -0.84969217, -0.8028786, -1.2766076, -0.35344893, -0.5924064, -0.15001582, 1.2237623, -1.7892498, -0.91443855, -0.07350208, 0.65900075, 0.37380123, 0.066235796, -0.3479767, 0.31456825, 0.073353305, -0.31357327, -0.43593234, -0.45327163, 0.5558763, 0.7803667, -0.5426829, 0.16202489, 1.141867, 0.1010789, -0.0058500045, -0.0031708535, -0.1420712, -1.3130178, -1.344513, -0.29854426, 0.732822, 0.17517982, -1.0041653, 1.3442332, -0.6665514, 0.2970534, 0.27552485, -0.3987196, 0.7832299, -0.06564211, 0.1271377, -0.2981378, 0.28156024, -0.29867452, -0.19423077, 0.22286038, 0.19795854, -0.9325996, -1.6217663, -0.44163507, 0.4531076, -0.48019916, 0.24240075, 1.7982024, 0.0014884829, -1.4861555, 1.033043, -3.9249048, -0.031760115, 0.15996149, 0.12171608, -0.92401594, -0.37390968, 0.7549512, 0.7462429, -0.54718864, -0.024412027, -0.14305252, 0.23968935, -1.725961, -0.6549717, 0.17379732, -0.13056473, -0.18435735, -1.7303023, -0.48481297, -0.08785847, 0.66034985, -0.086549304, 1.231012, 0.08718187, 0.4357693, -0.24962948, -1.2240611, -0.021968158, -0.657058, 0.91413844, 0.30789447, -1.9145186, -1.1134924, -0.13493456, 0.5319059, 0.191166, 0.3890288, -0.10192822, -0.043277584, 0.23518091, -0.7247308, 0.4594892, -0.45881152, -0.16085972, 0.5754363, 0.31616908, -0.18801627, 0.2907728, -0.3542488, 0.15781158, -0.8055512, -1.8185363, -0.39639443, -0.08036265, 0.6810395, -1.343893, -0.99976724, -0.2381438, 0.3089044, -0.20750605, -0.44467422, -0.42474312, -0.04948894, 0.023119384, 0.121307924, 1.0456797, 1.1341468, 0.61835, -1.8348091, 0.7975132, -0.61838824, -1.3134267, -0.492665, 0.90913296, -0.51897246, 1.1974801, 0.6390366, 1.0280344, -3.5821404, -1.3655946, -3.7138793, -0.06803538, -0.16393645, 1.0624795, -1.22994, 0.835897, -1.0533475, -1.5806032, -0.8550291, -0.12753531, 0.1890469, -0.092076294, -1.5296711, -0.0027178254, 0.064892024, -0.6606442, -1.4706109, 0.15723673, -0.51930207, -0.2036417, 0.8229321, 1.1469152, 0.12124051, -0.5903776, -0.41206005, -0.9738688, -1.0296761, 0.20277016, 0.080850415, -0.31177065, 0.27817562, -1.4093106, -0.59194833, -0.023843307, -0.6474137, 0.5359007, -1.3869342, -0.09377716, 0.89870137, -0.34125367, 0.15801762, 0.21741828, -0.91769385, 0.0014811107, -0.75125724, -0.25931472, -0.21896483, -0.17421386, -0.29201373, 0.11156132, -1.1424305, -0.42317817, 0.009073589, -0.03846322, 0.4402914, 0.44778988, -3.0414665, -1.1527754, 1.6201153, -1.078264, -0.3907065, -0.79379, 0.47106957, 0.7826353, -1.1567879, -0.06815808, -1.0123845, 0.67443174, -1.0471903, -0.03810658, 1.2496085, -0.41209564, -0.74609363, -0.7504322, -0.17954993, -1.3398948, 0.8776763, 0.95150423, -2.3121247, -1.0916928, -2.8624449, -1.6090662, 0.7775947, -1.6977301, 0.70770997, 0.6214578, -0.37923563, -2.9114513, 1.1974669, -1.6531587, -0.44234273, 1.1908265, -3.6152737, 0.38675705, 0.17159063, -0.90974015, 0.49949604, 1.1993262, -0.8959828, 0.22667035, 0.37220407, 0.28568086, -0.46165323, -0.021898014, -1.9210491, 0.53955126, -0.0072645317, -0.7322618, -1.6295238, -1.8562231, 1.3488874, -0.8292644, 0.894827, -0.44185, 0.09422985, 0.33364815, -2.0671375, -0.5148112, -1.1082458, 0.51503223, 0.5473817, 0.31041077, -1.1456356, -0.55360264, -0.20357382, 0.007828303, 0.044651404, 0.5374122, -0.4260914, -0.678453, -0.9432724, -0.2880638, -0.14226188, 0.17065474, 0.37370166, -0.20317668, -0.83849627, 2.1580136, 0.17481223, -1.0263015, -0.4001191, 0.9180804, -1.8268147, 0.44081527, -1.978342, -0.60366404, -0.9906014, 0.07628208, -0.084738, 0.0317791, 1.5525923, -0.47921368, 0.6207771, -1.5067438, -1.03595
-0.9916063, 1.3161014, -0.28146958, -1.1916747, 0.76937205, -0.38052723, -2.513795, 0.37960848, -1.3070214, 0.11516292, -0.21361992, -0.14058751, 0.7507467, 1.4476923, -2.644685, 0.020411886, -0.13126723, -3.2705808, -1.2808131, -2.2114327, 0.43276495, 1.2548448, -0.83565056, 0.052845504, -0.012418697, -1.1832333, -0.07456805, -0.20676392, 0.7054782, 0.13918142, 0.48555797, 1.3218057, -0.50491405, 0.4132981, -1.4667655, -0.9277599, -0.05369192, 1.5531576, -0.034711376, -0.4935364, 0.37859133, -1.1968614, -0.44988072, 0.2046335, -0.5627486, -1.1289238, 0.8659305, 0.18084683, -0.4687863, -0.33493412, 0.20830241, 0.0151421055, 0.36439735, -0.15497611, -1.8966475, 0.5278485, 0.39956436, -0.87285095, -0.6970064, 1.2647189, -0.886336, -1.5565358, -0.7784416, 0.12593557, -0.6331038, 0.7362997, -1.5582765, 1.9166156, -0.5637084, -1.0844024, -1.9366113, 0.34553522, -1.1772381, 0.45968795, -2.806472, -0.2558874, -2.2542953, 0.71628475, -2.624769, 1.4087379, 0.26079482, -4.6339655, -0.52657527, -0.6755879, 0.0004992729, -1.1736887, 0.7719964, 0.068534896, 0.26882857, 0.09706282, -0.8176629, -0.49538833, -0.9051091, -0.16546679, -2.3497908, 1.6576297, 1.3483851, -0.16722181, -0.19039813, -0.18541183, -0.3715884, -1.4860327, -0.9258641, 0.4400596, 0.21052195, 0.16935746, -0.2882978, -0.19766027, 0.31140384, -0.00033760272, -0.91065466, -0.2355195, -0.12954944, -0.16843873, -0.3231551, -0.16291709, -0.58735436, 0.37725714, 0.3958441, -0.52822465, 0.08829716, -2.5477424, -0.13979548, -0.18390736, 0.25714612, -0.4196346, 0.16068032, -0.014823021, -0.36863965, -0.4784352, 0.67332035, -0.12525724, 0.1940862, -0.55730236, 0.35129324, -0.66558456, 0.22068551, 0.92042863, -0.28737834, -0.9424234, -0.70604044, -1.0171164, 0.34869, -0.65950596, 0.65462893, -0.93991435, -0.78251094, -1.1358278, 0.8165772, 0.6473874, 0.50955576, 1.1784253, -0.43406695, 0.036445208, -0.6194875, -0.75295717, 1.2762775, 0.62778485, -0.019452654, -0.81075317, 0.3782424, -1.80357, -1.172393, -0.65219074, -0.073094144, 0.37864903, 0.30796954, -0.25268897, 0.20800151, 0.32933566, 0.5863625, 0.66039556, -0.6025952, -0.72789323, -0.57809824, 0.48929092, 0.13369149, -0.8832244, -0.11403633, 0.029343776, -1.5994563, 0.17764173, 0.29154488, 1.0039126, 0.084867276, 0.8820516, -1.6089553, -1.9587266, -0.22148429, 0.76375175, -1.2832361, -0.71793944, 0.6270337, 0.36164942, 0.16107768, 0.16821821, -1.276248, 2.378158, -0.98964226, -2.5583746, 0.23374799, -0.73397434, 0.44381866, -0.43838635, -0.3439222, -0.54862595, 0.15330485, -0.16557969, -0.5560499, 0.17241457, 1.2738081, -0.26306033, -0.44971794, -1.3683835, -1.5443854, -0.6868579, -0.3840508, 1.5236787, -0.44719997, 0.89399534, -0.2710865, 0.8257401, -0.93240833, -1.712674, 1.2652137, -0.27002895, -0.8323132, -0.6515564, 1.1020734, -0.09645956, 0.8210498, -0.5094172, 1.3256891, -0.8453131, 0.12104068, -0.33485198, 0.11949555, -1.8706701, -0.46289393, 0.12813437, 0.4826608, -0.47314012, -0.43582526, -0.37033096, 1.3717288, -0.80835193, 0.14347993, -0.80997837, 0.059722543, -0.56855947, 0.009511729, -0.10456804, -1.9489846, -0.20580094, 0.14969575, 0.08785778, 0.42244253, -0.13098888, 0.77642864, -0.99526757, -1.6321921, -0.1154108, -0.42327634, 1.4443456, -0.12150487, 0.8218426, -0.9589881, 0.31374785, -1.3722916, 0.03812444, -1.127529, 1.4943422, 0.5741022, -0.36401576, -0.121291876, 0.17171475, -2.8530157, 0.95888746, 0.24200419, -0.90878737, -0.047260948, 0.44928104, 0.3858096, -0.98437697, -0.6420579, -1.2782007, -0.24610835, -0.3105312, 0.48790985, -0.017980669, -0.22241743, 0.9962918, -1.2450489, -0.24378695, -0.08925538, -2.0405438, -0.2521958, 2.6562746, -1.200434, -1.2374111, 0.8374337, -0.72746605, -0.5995559, -0.57202655, 0.9936707, -0.2850948, 0.18517113, -1.383899, 0.35140797, -0.006705903, -0.3157703, 0.021517199, -0.111173704, -0.105594814, 0.01643319, 0.03666496, -0.4774236, -0.97136396, 0.90365344, -0.3366571, -0.21158762, 0.36647576, 0.68536466, -0.13503563, -0.12003165, -0.6451216, 0.33418912, -0.6820862, 0.20444115, -0.4786392, 0.8066128, -1.5219823, -0.20658202, -1.7475848, -0.4664502, 0.1838908, 0.47463077, -0.40896717, 1.2845025, -0.526864, -1.0014517, -1.069251, -0.72306454, 0.77469724, 0.0563225, 0.5517413, -2.9787135, 0.8884264, -0.3965418, -0.3901002, -0.36967292, 0.2661091, 1.5281183, -0.49809572, 0.39877018, -0.015900832, -2.571396, 0.5107753, -0.26874602, -0.6845158, -0.9403036, -1.52299, 0.4335184, -0.6959843, -0.1843689, -1.1048378, 0.2755973, -0.24576783, 1.0602707, -0.25861692, 0.5551917, 3.0642815, -1.0386103, 0.23332173, -1.1593693, -0.9088964, -1.1964935, 2.6361399, -1.5328673, -0.75178987, -0.10571018, 0.2016381, -0.0032334507, 0.066875525, 0.81940794, -0.31743267, -0.6530656, -0.7280153, 0.01019363, -0.45521477, -0.026587736, -0.7818079, 1.0097549, -1.1767436, -0.439914, -1.6826221, -0.011524669, -0.38309613, 0.64804924, 0.16961713, 0.051910892, 0.041479766, -0.36381975, 0.34810713, -1.3389946, -0.22493282, -0.21332479, -0.27001008, -0.13941291, -0.71040106, 0.86908996, 0.58481467, -0.86066395, -0.11109992, -0.7404967, -0.07433631, -0.10708674, -1.1652094, 1.0544624, -0.7244526, -2.0599735, -1.0764316, -0.8328381, 0.2399987, 0.8583373, -0.002395393, -2.0779111, -1.6091845, -0.99575055, 1.4952167, -0.8736585, -1.0107198, -0.6613237, 0.56559134, -1.2584416, 0.41114554, 0.11700702, -0.57818335, -0.16313069, 0.84843373, -2.0887341, -1.0864773, 0.090112895, 0.58335227, -0.79297864, -0.7192254, 0.65207726, -0.6601871, 0.72040755, -0.054184753, 0.47879982, 1.1867534, 0.3198942, -1.5661383, -0.8938937, -0.30331388, -0.39900267, 0.7852702, -0.88126487, 0.26843882, -0.18812175, -1.0451713, -0.7977522, 0.5720954, 0.13253684, 0.882587, 0.20148815, -0.84291285, -0.11285122, -0.76023453, 0.46559873, -0.973765, 0.15470944, -0.4679749, -0.64468676, -0.6499189, 0.15994832, -1.3243165, 0.93167233, 0.89897925, -0.64099693, -0.16021995, 0.24052286, -0.40374202, -0.06636229, 0.18731238, -0.10984418, 0.22019696, -0.43897653, 0.04890865, 0.755822, -0.034698416, 0.12872565, -0.08300091, -0.47747457, 0.18098299, 0.44849733, -0.7407555, -0.08838269, -0.5319449, -0.7168256, -1.0227178, -0.40586, -0.44053525, 0.9200213, -0.39789662, 0.48461056, -0.34038582, -1.0762082, 1.1094933, -1.0141332, -1.2735949, -1.1012152, 0.6101137, -0.113991864, 0.8292337, 0.033274304, -0.8661439, 0.070368126, 0.07575818, -1.3005849, -0.47875655, 0.7336506, -0.058636382, -0.28173298, -0.2930415, 0.44079208, -0.43838605, 0.46726665, -0.7585126, 0.78483224, 0.69343597, 0.9931344, -1.6264038, -1.0492567, -0.36673442, 0.7668017, -0.92730695, -0.39298645, -0.25764996, -0.3597933, -0.29127568, -0.41220915, 0.7744897, -0.49163646, -0.28526273, 0.59369504, -0.08646212, 0.74309456, -0.7246434, -0.31183842, -0.87603414, 0.58711565, 0.9776393, -0.2432577, -0.4129026, 1.4803741, -1.1718305, 0.5670868, -0.17146027, 0.9733411, -0.08042696, -0.26622567, -0.49334827, 0.008182864, -0.8125926, -0.5279047, 0.03233467, 0.23911896, -0.18319406, -0.22368434, -0.21880162, -1.1773432, 0.2470299, -0.0142633235, 0.43301207, -0.21013261, 0.33169675, 0.47447214, -0.12896661, 0.7549971, 0.13061161, -0.9172522, -0.061173566, -1.2462577, 0.38970673, 0.69874746, 0.21493508, -0.08162721, -1.3160989, -0.6958458, -0.06294104, -0.37839043, -0.020088268, -0.3095521, 0.5134175, -1.2667292, 0.018079435, -0.35494193, 0.7953892, -1.2594508, 0.22479743, -0.036171786, -0.15342125, 0.5845648, 0.15474907, 0.67089474, -0.4043833, 0.10191191, -0.9506561, -0.22442192, 0.7409846, 0.22323462, -1.3964486, -0.21410005, 0.3674472, 0.033392336, -0.54705125, -1.1412101, 0.67684686, -0.03730475, -0.12872867, -0.68529385, 0.32658434, 1.014834, -1.0360914, -0.8432815, -0.47882807, 0.47985327, -0.19909923, -0.7324093, -2.2455635, 0.8877922, -1.5572814, 0.72579795, -0.40844506, 0.60420954, -0.37712395, 0.7537985, -0.66456103, 1.0476685, -0.6178827, 0.19567192, -1.0577165, 0.4433733, -0.87891054, -0.41108584, -0.52640045, 0.43104222, -0.5517503, -0.38335583, 0.36728364, -0.6058103, 0.4035919, -0.019193567, 0.29380876, -0.42970476, -0.004412658, 0.83325225, -0.72991484, 0.21556477, -0.7400205, -1.4794887, 0.5215574, -1.4403327, -0.38144404, 0.5658095, 0.49157628, 1.5958747, -1.7797908, -0.46765614, 0.537951, 0.20227839, 0.20038454, 0.71416056, -2.0360827, -1.3840809, 0.1709263, -0.22375937, 0.016730174, -1.1602323, -0.6128975, -0.12608765, -0.16464987, 0.7092943, 0.11916755, 0.41424304, -1.0461897, 0.5131901, 0.3079635, -0.55992293, 0.60628074, 0.11572254, -0.27508223, 0.12953292, -0.6457239, -0.68327177, -0.15206568, -0.50996345, 0.3225611, -1.2170213, -2.5450041, -0.56369233, -0.21305846, 0.10499838, -0.048169278, 0.059533454, 0.27746865, 0.2785525, 0.45505217, -1.3253679, 0.587232, 0.304143, -0.5437781, 0.51809525, -1.2378354, -0.41727337, 0.6761813, 0.33243325, -0.27771705, -0.28792432, 0.8606339, 0.2705534, -0.26708966, -0.12746565, -0.46408057, -0.20937547, -0.25234747, -1.5486689, 0.21345885, 0.18557878, 0.24069901, -1.2188175, 0.055343747, 0.064994045, 0.1744478, 0.37210086, -0.48154324, 0.34655464, -0.66570616, -0.599502, 0.5570611, 0.018906612, 0.055756256, 0.32270357, 0.08501757, -0.35649228, 0.83192074, 0.03284426, -1.4353721, -0.5678052, -1.0679003, -1.2038597, 0.30530378, 0.59969956, -1.2662662, 0.63835186, 0.24430534, 0.002140061, -0.423736, -0.8879564, -0.07565016, -0.022631891, -0.13807955, 0.37824425, -0.37665704, 0.560861, -0.50071275, 0.9669259, -0.48962542, 0.1915577, 0.35012525, -0.80175674, -0.010279666, 0.3279849, -0.54239607, -0.5550938, 0.58198154, -0.30621034, 0.42357, -0.051340733, -2.0797484, 0.5946808, -0.38976607, 0.68180555, -0.34783486, -0.06776847, -0.69081044, -0.25896612, -0.36959487, -0.061060026, -0.5805522, 0.15716596, -0.04832136, -0.9269745, -0.48722774, -0.017943196, 0.60549974, -0.8069521, 0.081840195, 0.55129063, 1.0696101, 0.11770294, -1.4541361, -1.657652, 0.7920692, -0.4914308, 0.43639645, -0.4813977, -2.2715676, 0.27125823, -3.562375, -1.2779777, -0.0026797464, 0.7582962, 0.5969329, -0.06339626, -0.9875938, -0.4324311, -0.16332817, -0.5110875, -0.29341453, 0.6800243, -1.676598, 0.23748717, -0.46407935, -0.5346979, -0.025119573, 0.19775398, 0.1134656, 0.6848287, 0.9816423, 0.34938043, -2.180435, -0.9916147, -0.5818583, -0.6604524, 0.47839832, -0.345198, 0.32737902, -1.0354834, 1.5960386, 0.11890836, 0.37728417, 0.002184618, 0.23531836, 0.6625122, 0.27353194, -0.13469087, -1.5331296, 0.057942227, 0.093573615, -0.21396784, -0.48041996, 0.2864519, -0.7048101, -0.6214667, 0.5926671, -0.6433168, 0.7786639, -0.3479228, -3.7600565, -1.1035329, 0.9024379, 0.17592783, 0.20056851, 1.0634558, -1.3523581, -0.42131552, 0.85636467, -0.15340176, 0.78121084, 0.229893, -0.17148782, -0.24100868, 0.8145161, 0.15229352, 0.18256702, -0.5550585, -1.0375689, -2.4681046, 0.8066958, 0.21092968, -2.248441, 0.53598744, -3.0000432, -0.98358023, 0.22326036, 1.5093946, -2.7195258, 0.90195864, 0.3015721, -1.2850126, 1.9021163, -1.0952826, 0.91840893, -0.6779228, -3.4708133, -0.0071215257, -1.4087843, -0.7623841, 0.71281147, 1.6787755, -0.25035128, -0.39331424, -1.18079, -1.6829088, -0.3616349, -0.39045468, -1.4619571, -0.37002707, 1.9649438, 1.1496584, -3.5765347, -1.0508072, -0.15708074, -1.3427668, -0.299793, 1.1477475, -1.7735933, -0.27793142, 0.4055383, 1.3621712, -0.3851025, -0.69435173, 0.05154429, 0.12556374, -0.83031803, 0.09830821, -1.375735, 0.12227938, -0.21484233, 0.06821611, -0.020268377, 0.7359123, -0.5855631, -0.513522, -0.31890357, -0.2739685, 0.14092988, 0.90534747, -1.8156841, -1.6183589, -0.6155714, -0.06603857, 0.1847529, -1.1609077, 1.1135463, 1.6375848, -3.1790118, -1.5311762, 0.7332865, 1.4251184, -1.9974816, 0.23661627, -0.636362, 1.2463095, -1.0081782, -1.4168364, -0.6899706, 0.2844511, -3.3364322, 0.4396494, 0.22521907, 0.23387031, 0.87334967, -3.2245867, -0.433204, -0.1406748, -0.6429628, -1.9999686, -0.7319852, 2.9427006, -0.62848985, -2.2544315, -0.40412456, 0.07401674, -1.842927, 1.1161737, -3.0503898, 0.38216764, 1.2576675, -0.2891574, -0.20381348, 0.35635462, -0.57651293, 0.6664185, -0.29744387, -0.6015816, -0.26435423, 0.73490876, -1.0338931, -1.3806229, -0.6640403, 1.3425374, 0.24422161, -1.6993564, -0.4465142, 0.022501439, 0.4245832, 0.21344768, -2.7017937, 0.23475172, -0.59395903, -0.53477025, 0.7725836, 0.0011148818, -1.0471362, -0.096535824, -1.3736049, 0.052572355, -0.51386577, -1.1402005, -0.5548355, 0.33071533, 1.2155626, -0.4688036, -0.52516973, 0.4032983, 0.18121393, -1.6610279, -2.409587, -1.376144, -2.61775, 2.4014583, 1.0815629, -2.1063836, 0.26683545, -1.3774478, -1.596794, -0.39319685, -0.31168357, 0.2616864, -0.56275743, 1.6179681, 1.6170746, -0.9052212, -1.2251259, -4.668327, -0.62253857, 0.05671611, -2.1114278, 0.76003724, -1.0598526, 0.1361699, -0.004359276, 0.15994568, -0.7393145, -0.32176185, -0.4377356, -0.2029139, -1.7514137, 0.3111743, 0.4824938, -0.8871568, -0.36145464, -0.22926824, -0.94622374, -1.3100507, -0.045656655, 0.65092987, -1.6041207, -0.25651065, -0.6908488, 0.40290102, 1.1492598, 0.8184173, -1.3097057, -0.3283271, -0.6152845, -1.3307672, 0.09619817, -0.15199843, -1.090055, 0.15522727, -0.0068269875, -0.14188053, 0.20416707, 0.25065666, -0.17484069, -0.6057719, -0.82362443, 0.42853758, -0.7927128, -0.4601226, 1.1854329, -0.4646635, -1.3488797, -0.29583862, -1.1588824, -0.9147591, -0.8300562, 0.14644624, -0.32525778, -2.4287143, -0.54557705, -0.7243136, 2.4575005, 1.349806, -1.3267403, -0.45615062, -4.210077, 0.05817822, -1.671085, 1.7653325, -0.84724164, 0.20066735, -1.7891176, 0.9078892, -0.42070812, -0.31886542, 0.69765556, 1.4765388, -1.857914, 0.16275641, 0.77378076, -0.3789605, 0.5437243, 0.47693762, -3.058172, 0.34761876, -2.3029423, 0.06401384, -0.6697783, 0.06871161, -0.80631506, 0.8542974, -0.7371704, 0.18818459, -0.45750034, 0.29126078, -0.92970866, -0.26557776, 0.12155163, 0.099705406, -1.0804482, 0.74528956, -1.8714478, -1.1526837, 1.0061353, -0.084300004, -0.1941699, -0.748481, 1.037815, 0.34506467, 1.020134, -1.0121357, -0.4032162, -1.3385011, -0.0124133425, -3.2175102, -0.02632702
-0.4189991, 0.079149075, 0.285999, -0.26799428, -1.5701528, 1.5546188, 0.3642773, -0.5419466, -0.901084, 0.0792624, 0.49826914, -0.2436269, -0.9823987, 1.207472, -0.41021612, -1.2575097, -0.65308124, -0.63899136, 0.38100073, 1.4404618, -0.8181859, -0.33438727, -2.9788873, 0.12684225, 0.6636308, 0.62856597, 0.21496941, -0.7557315, 0.6470149, -1.1987594, 0.6617159, -0.20024635, 1.1135678, -0.4450722, -0.119195305, -0.73036706, 0.652295, -0.79357344, -0.7133495, -0.8118221, 0.05055753, -1.0284512, 0.8261247, -0.070344724, 0.19826102, -0.8739418, -0.069047146, -0.15525362, 0.2765479, -0.16028716, 0.267991, -0.241515, 0.45919308, 0.66677743, 0.7341271, -0.32119897, -0.3736029, -1.5444059, 0.035665713, -2.1929612, -0.0069913035, -1.0704536, -0.1988522, 0.24143198, 0.16141209, -0.18510064, -0.5760926, 0.37739715, -0.9360503, -0.40064415, -1.0206783, 1.0856555, 0.01588877, 0.4691219, -1.1476581, 0.63006306, -1.4182563, 0.6478834, -2.65671, 1.0194268, -0.20531124, -0.40581632, -0.2099924, 0.69310933, -2.833693, 1.4856043, -0.5186478, -0.4085986, -0.6945682, -0.07175386, 0.21813907, 0.16049218, 0.021429464, -0.23695837, -0.31396732, 0.011172922, -0.37291017, -0.013696244, -0.4735192, -1.8388685, -0.09271077, 0.30600694, -0.1862703, -0.8222081, -0.4646736, 1.5972878, 0.013501415, -1.0542663, -0.5626729, -2.534181, -0.22445337, -0.85659665, -0.26480585, -0.4882628, -0.41709277, 0.17376496, 1.502637, -0.44786474, -0.6802142, -0.55898166, -0.2760047, -0.659051, 0.05388052, -0.77975756, -0.09052959, 1.3662156, 0.49562758, -0.63528574, 0.33436394, -0.105501555, 0.592458, -0.20991392, -0.099886, -1.0316342, 0.37452182, -0.77014214, 0.1973228, -0.55412453, 0.63987726, -2.2660007, 0.049482584, -0.00911405, -0.9653517, -0.5496751, 0.24510443, -0.48562256, 0.37595686, 0.008467707, -0.61236984, -0.28368184, -1.8278428, 0.5430857, -0.1290341, 0.6088234, -2.3528714, 0.57847285, -1.1992459, 1.1707369, -1.0805191, -1.0802016, -0.09049043, -0.22826448, -0.0454882, 0.06643282, -0.90164936, 0.050589036, -0.37593278, 0.4182149, -0.74966705, -0.38765928, -0.38433295, 0.15642542, -0.051802963, 0.06474399, -1.0218443, -0.11715639, 0.4742431, -0.301961, -0.32228205, -0.09700929, 0.7846195, 0.118421115, -2.181512, -1.1620699, 0.20763308, 1.8116797, 0.11891249, -1.3903602, 0.28967544, -1.8612403, 1.0635723, 0.7614885, -0.23007253, -0.960136, 0.24153377, -2.9156199, 0.3391543, -0.33745754, -0.40351385, -1.570809, 0.15633024, -1.1190932, -0.14932792, 0.0042440784, 0.35039604, 0.626059, 0.05706422, 0.27373302, -1.6198949, 0.2740592, 0.37475386, 0.08301975, -0.13291425, -1.4655117, 0.567413, -1.2711495, 0.94661283, -0.2540133, -0.08615673, 0.275653, -0.7717835, 0.09314092, 0.07378654, -0.10572285, 1.1287736, 0.18178177, 0.012580038, -2.0869138, -0.48006666, 0.55692846, -0.8555215, 0.59763455, 0.9488848, -0.21270002, -1.237546, -1.1332384, -0.88439715, 0.27715528, -0.42204565, -0.83306205, -0.33089316, 0.044140026, 0.21980216, -0.6712168, -0.39410698, -0.3342922, 0.418207, 0.38657942, 0.03561491, -1.0673561, 0.06745669, 0.4692535, 0.09339713, 0.4538533, 0.4367449, -0.12564467, -0.85509014, -0.8703165, 0.91397375, 2.1277099, 0.21285476, -0.6887757, -1.2764904, 0.25051054, -0.14936972, 0.668257, -0.7913315, -0.94857, -0.14791276, -0.99051493, 0.7901549, 0.25434896, 0.2636058, 0.07340936, -0.34634644, -0.64826083, -0.09180045, -0.787225, 0.17040785, -1.1178695, 0.3724297, -0.81930745, 0.058913384, -1.4383525, -0.23412877, -0.04605465, 1.6511956, -0.31233418, -1.1189559, -0.037496638, 0.28600955, 0.08534117, -0.14625911, 0.487915, -0.43444163, 0.15006801, -0.6196369, -0.33909422, 0.6297332, 0.7127758, -0.9752563, 0.30563974, -0.27305618, 0.011830869, 0.09942846, -0.24401094, 0.6220834, -0.63970625, -0.6469344, -2.0475922, -0.6688301, 0.86085224, 0.95512104, -0.066030234, 0.692374, -0.33541465, -0.97715783, -0.08922098, -1.912078, 0.71181697, -0.46395877, 0.36710897, 0.9753109, 0.19155103, 0.11972718, -0.6596469, -0.15819511, 0.07934957, 0.15892436, -0.99930656, 0.49170077, -0.40078998, 1.5535208, 0.5365401, 1.0588909, -1.0289956, -0.13030371, -1.3624594, -0.4561262, 1.0767843, 0.3836199, -0.7905749, 0.64963734, -0.27308524, -0.005237751, -0.68079746, -0.57969826, -0.60260725, -0.61724865, -0.61718893, 0.10877623, 0.6793961, 0.2568674, -0.81683344, 0.49954608, -0.06849741, -0.09189394, -0.39215836, 0.9877098, 0.32719323, 0.6476924, -1.2862263, 0.45715758, -1.0006999, 0.083741374, 0.24139152, -0.16115285, -1.3331431, 0.2772083, -1.2165693, -0.42515084, -0.5752002, -0.23834811, 0.017180735, -0.25976408, -0.13266823, -0.5420926, 0.80201364, -1.7396137, -0.43530384, -1.773278, 0.45509216, -0.6207409, 0.33954525, 1.4057475, -0.44092715, 0.107352346, 0.9676399, -0.28916663, -1.2386928, 0.6501771, -0.17936638, -0.3308331, 0.04018899, -0.08699292, -0.8632895, 0.31879416, -0.0642624, -0.771622, -1.4592583, -1.0771726, -0.016613875, 0.44151536, -0.06204891, 0.31563434, -0.8712204, 0.12691504, 1.1139473, 0.50122774, -0.797113, 0.97189397, -0.0330508, -0.5876456, 0.08344436, 0.6768573, 0.3051135, -0.903942, -0.6389282, 0.96606034, 0.5364418, -0.18472129, -1.158808, 0.36892217, -0.36857438, 0.3900958, -0.004088829, -1.1718467, 0.30672792, -0.31892985, 0.70276105, -0.011930965, 0.105571106, 0.08880818, -0.728902, 0.2687436, 0.13192, -1.0348898, 0.20102462, -0.9173439, 0.5215282, 0.6309363, -0.77253467, -0.4774333, -0.522618, 0.6599259, -0.2025183, 0.31920475, 0.07624697, 0.14652416, -1.4106877, 0.571802, -0.07288717, 0.8159698, -0.33957478, -1.2361833, -0.3599263, -0.98279256, 0.29198292, -0.5729126, 0.87632316, -0.14811373, 0.5125602, -0.72175926, 0.11193502, 0.9521876, -1.1662973, 0.38898036, -0.26395133, -0.024735162, -0.51364505, 0.20839816, -0.18433395, -0.6525013, -0.19218756, -0.73609436, 1.7398576, 0.735358, -2.2702928, -0.31508958, -2.3448958, -0.35562092, 0.10300858, 0.10281071, -0.506674, 1.3667612, 0.852146, -0.18333796, -0.7495484, -1.2217997, -0.62598354, 0.7940687, -0.8012713, 0.6047114, 0.5686843, 0.44559714, 0.73210794, 0.3393829, -1.0062869, 0.3921095, 0.025943832, 0.6977783, -0.46978763, 0.0041527553, -0.3036125, -0.2871076, 0.41403112, -0.680819, -0.21695618, -0.42284593, -0.2493457, -0.1436943, 0.021156602, 0.03735041, -0.4980837, 0.31593192, -0.69757175, 0.061859094, 0.5036287, 0.19189516, 0.97454953, 0.7992519, -0.604197, -0.7503324, -0.2502282, 0.8114061, 0.4323295, 0.6595194, -1.4691344, 0.86672443, -0.8850304, -0.6674029, -0.7861248, -0.3988663, 0.5637013, -1.29787, 0.503562, -0.07708524, -0.030280149, 0.18728161, -2.8036647, -0.24854982, -0.3372077, -0.85382897, 0.7827215, 0.3106805, -0.7625453, 0.66580766, -0.9114429, -0.5677982, 0.18434069, 0.7131366, -1.2558296, -0.10469042, 0.23462445, -0.23914891, 0.9844391, 0.47612983, -1.574437, 0.12509349, -1.4188437, -0.0831279, -0.9224711, 0.7512976, -0.8419691, -0.47821215, -0.28787258, 0.011124631, 0.019406714, -0.75454724, 0.41721818, -0.8232208, 0.22302215, 0.20708884, 0.13787042, -0.032459483, 0.5897351, -0.558369, 1.0828092, -0.09846423, -0.31632903, 0.81086665, -0.4555267, -0.06884764, -0.89781463, 0.03853079, 0.46700224, -0.69009566, 0.57418996, -0.8229803, 0.5328179, 0.21863984, -1.0399345, -0.4923917, 0.57776546, 1.0890408, 0.4427408, -0.39831063, -0.17314717, -0.49653274, -0.6225474, 0.37430772, -0.020131199, -1.4516668, -0.081728265, -0.22901796, 1.282858, -0.37233326, -0.66218585, 0.09152986, -0.53408086, -0.17806178, -0.67089355, -0.412901, -0.30754948, -0.076832905, 0.99594945, -0.24869636, -0.6411513, 0.42613095, -0.73092425, -1.5568544, -0.23797193, 0.8978559, 0.5839163, -0.6719555, -0.6407125, 0.50847936, -0.19165076, -1.1147685, 1.0240655, 0.54740024, -1.7363714, 1.1403986, 0.28989893, -1.0405012, -1.0778222, 0.32778668, 0.107218064, 0.08263533, 1.6595274, 1.063872, -1.8653736, -0.8309554, -1.0149657, 1.2131603, -0.14363623, -1.6045765, 0.23013872, -1.4221116, 0.7772769, 0.24421933, -0.6362014, -0.28191796, -0.33683056, -0.30493966, 0.56868273, -0.08701492, 0.35003614, 0.06833999, -0.037350915, -0.49476883, -0.3087335, 1.0399872, -0.8061868, -0.12570503, 0.8092303, -0.40291485, 0.34572837, 0.12413882, -1.0845982, -0.47687456, 1.5600488, -0.006635304, 0.8786555, 0.013152286, -0.58174413, -0.51678526, -2.8011742, 0.91266084, 0.058566157, 0.24290729, -0.72985, -0.49005243, -0.744219, -1.2758344, -0.57316524, 0.7449926, -0.037376907, -2.0078526, -0.071891315, 0.40627223, -4.428375, 3.0069208, -1.2113787, -1.4503515, 0.8686536, -0.13924971, -1.0450289, 1.0879154, 2.1412919, -0.11017653, 0.2072441, -2.631244, 0.1559435, -0.86489004, 0.5892833, 0.70148915, -2.0458667, -2.647698, 0.532008, 0.9397148, -0.6727801, 0.22184746, -1.4393803, -0.37475258, -1.4664387, -0.40400007, 0.5893653, -0.039553445, 1.9845581, 0.06487507, -0.055629972, -0.8476226, 1.3843021, 0.2051708, -0.0153654115, -1.6729609, -0.46846595, -0.17610858, 1.1497334, 0.008110759, -0.14380331, -0.3661481, -0.34363756, -0.066759504, -0.030520927, -0.2940275, 0.32450935, 0.3851792, -0.3641348, 0.05238536, -0.0151744345, 0.6980809, -0.56578183, -0.40477362, 0.239844, -0.28403628, -0.10677484, -0.4801928, -1.5911407, -1.0395511, 0.6366633, -0.2224228, -0.025629839, 2.041973, -0.010442608, -0.4728449, 0.44736412, -0.09511637, 0.17157906, 0.78839225, -1.078387, 0.43987107, -1.1608377, -0.68909866, 0.4015456, -1.3115494, 0.4286087, 1.1757601, -2.6693966, -0.21459486, -1.3674643, 1.7413986, 1.5525922, -1.5273627, -0.09173585, -1.0615568, -0.97894293, -1.2773275, 1.9467107, -0.8141816, 0.41131857, -0.5781879, 1.2161138, -0.5998898, -1.3403573, -0.58132833, -4.0418444, 0.53084934, 1.414761, -0.6189351, -0.28047377, -0.4422754, 0.762446, 0.39097735, -0.27922842, -0.37141642, -1.5595238, -0.5794714, 1.4308678, -0.9953031, -0.45758346, 0.65268505, -0.55443287, -1.5785209, -0.68726486, -0.2482029, 1.2979177, -0.11035735, -0.4176332, 0.8460428, -0.39849404, 0.9352092, -0.21340474, -1.6252437, -2.3679948, -0.23178093, -0.1414485, 0.26010153, -0.31438422, -0.201204, -0.57510984, -0.55743927, 0.059824012, -0.711964, -0.38505, 0.22977167, 1.0123158, 0.042041823, -2.3511987, -0.7699499, -2.3151023, 2.108785, 1.3397073, -0.78787196, 0.059752103, -2.8770013, -0.07602253, 1.2647257, 1.1503766, 0.5952986, 0.041865204, 0.6599118, -0.93529344, 1.577866, -1.3562472, -3.2983558, 0.7549471, 0.11797239, -1.477221, 0.5861663, -0.08894651, 0.22515535, -0.31244323, -0.6629151, -0.64882463, -0.09848038, -1.2572522, -0.5445891, -1.6178434, 0.13501793, 0.5942061, -1.4584705, -0.2155146, -1.484621, -1.1455476, 0.31235373, -0.13965498, 0.8709391, -1.1012261, 0.02428127, -0.9631479, -0.3211517, 0.28035423, -0.07271075, -0.85825384, 0.08931475, -0.38358483, -0.468402, 1.2641232, -1.5962188, -0.71722716, 0.01965133, 1.0659072, -0.30925608, -0.1828037, 0.069420144, -0.45763922, -0.6743423, 0.38404486, -0.35478002, 0.8747616, -1.5467513, -0.6925543, -1.8458575, -1.1105578, 1.0307748, -1.4972575, -0.18675184, 0.73899424, -1.0506482, 0.95842266, 0.26518098, -0.57319856, -0.011877093, -0.36437455, -0.5026966, 0.044375423, -0.62676513, 0.13816287, -0.3550645, -1.0990747, 0.2895458, -0.78964823, -0.40306488, -0.07153399, 0.32286173, 0.52204883, 1.7729603, 0.4969384, -0.5415432, -0.3762521, -1.5224856, -0.6945607, -1.7046297, -0.30828702, 0.63183904, -1.1405865, 0.15571536, -0.10873241, -0.010927072, -0.55984515, 0.3424997, -1.2918544, 0.6643254, -0.32504016, 0.41517144, -1.2168227, -0.12224604, -0.2902862, -0.9591481, 0.06480186, -2.329249, -0.7957453, 0.4052915, 0.1233261, 0.59026515, 0.22312216, -0.39865288, -0.54445255, -1.0839305, 0.39338905, -0.17208397, 0.4451968, 0.0848717, 0.14184548, -0.44654715, -0.19564305, -0.21549687, 1.5076058, -0.17582816, -0.8399283, -0.13861239, 0.03914576, -0.33970475, 0.69447553, -1.7140269, 0.39254302, -0.2087121, 0.8814633, -0.12258881, 0.18131857, -1.175596, -0.16571684, -1.515796, -0.0671885, -0.6308297, -0.025561713, -1.150993, 0.9645658, 0.08513225, 0.39737734, 0.33413282, 0.5825104, -0.6069627, 0.20491862, -0.21403544, -1.3227271, 0.10284529, 0.21219525, -0.27722272, -1.167464, -0.7686146, 0.052437667, 0.14984173, 0.8989119, 0.67232305, -0.14874865, 1.5433253, 0.64622444, -0.8168687, -0.34813637, -0.5058074, -1.1492324, -0.20469144, 1.2841961, 0.25206044, -2.2240367, -0.16646646, -0.1428769, 0.084421396, -0.65353733, -0.5266498, -0.61042714, 1.017226, 0.13374384, 0.019741045, -0.36419934, 0.017919498, -0.6284619, 0.17011316, -1.1987623, -0.68366474, -0.5136807, 0.3380944, 0.31453434, -0.06883989, -0.07650426, 0.84631073, -0.36848164, -0.8872785, -0.018879594, -0.93747437, 0.38411054, 0.25529027, 1.3262097, -0.5539504, 0.06892872, -0.5271098, -0.7773566, -0.16504744, 0.70251817, -0.14070171, 1.0239867, -1.8583912, 0.3808295, -1.25006, 0.42020896, -0.10244391, 0.7608505, -0.29350963, 0.33384836, -0.18027829, -0.25602707, -0.6617374, -0.3472514, -0.51695794, -0.7027632, -0.83503217, 0.112004764, 0.65137917, -0.16317181, -0.7167156, 0.3810435, -0.72661775, 0.61486065, 0.46708027, -1.7680347, 0.23932627, -0.12382085, 0.97774583, -1.1936616, -0.66994506, 0.25069776, -0.9063994, -0.76389456, 0.96194667, -0.829801, -1.3549008, -0.30206805, 0.40485984, -0.94458926, -0.21282531, -0.091633394, 0.47203186, -0.1775028, 0.54175353, -0.7156768, 0.22568801, -0.028663956, 0.53184885, -0.35838667, -0.4898177, -0.7013638, 0.301503, -1.0237503, 1.1318126, -1.1681342, 0.29390377, -0.8084906, 0.6558246, -0.3648269, -1.5332574, -0.43426454, -0.26390767, -1.7084582, 0.73497057, -0.1747833, -1.8183689, -0.5413072, -0.9564988, 1.0476146, -0.69705683, 0.92277735, -0.6027029, -0.2538258, -0.85091555, 0.42128313, -0.97190905, 1.0947776, 0.4322983, 0.23923971, 0.2973174, -0.13689819, -1.6008658, -0.60377115, -1.3173286, 0.7471114, 0.11811664, 0.80252856, 0.43627378, -0.179446, -0.7665235, 0.14178632, -0.26156282, 0.16380736, -1.1871051, -0.18795654, 0.74848837, 0.612116, -0.45984864, -1.6205884, -1.1776905, 0.65223956, -0.42111522, 1.2047861, 1.0060047, -1.4320616, -0.11753261, -2.2349772, 0.20329046, -0.2646704
0.020701809, 0.32434985, 0.15250976, -1.1431218, 0.4489082, -0.7055722, 0.12858325, -1.164527, -0.04901587, 0.49832675, 0.29920298, -1.7085925, 0.63281655, 0.17266513, 0.017031964, -0.5842942, 0.04735049, 0.8100592, 0.3291621, -0.22227857, -0.47745153, 0.20154297, -0.5729381, -0.60388434, 0.6386056, -0.4792693, 1.3574167, -0.22543049, -0.24391925, 1.3050842, -0.44857308, 0.49350864, 0.39598152, -1.1232457, -0.07633007, -1.7688578, -1.1791211, 0.967212, -0.47436827, 1.0492061, -0.7185682, -0.16961907, -1.358048, -0.08575495, -0.5994557, 0.029196776, -0.714299, 0.20607644, 0.5955474, 0.9427562, -0.9782929, -0.009137483, -1.6730429, -0.284429, -1.1460828, 0.51383543, 0.2007256, -0.27499393, -0.05110253, 0.64727926, -0.5698351, 0.12481274, 0.08854801, -0.17014688, -0.2740819, -0.5862296, -0.015122567, 1.415184, 0.37512547, -1.2490443, -1.5604917, -0.2552254, 0.019133054, 0.8753382, -0.013475356, 0.03825781, -0.53610873, -1.4885857, 0.5822333, -0.3714173, -1.0995511, 0.25414672, 0.097412504, -0.30065992, -0.070228755, 1.036434, -0.9458044, 0.3404279, 0.19493935, -0.41734612, -0.12810867, -0.22320588, -0.95709944, -0.44267112, -0.39372805, 0.91097164, 0.05225534, -0.1274709, 0.6150168, -0.84784216, 0.099396795, 0.27371928, -0.24416265, 0.21855344, -0.5650306, -0.23986195, -2.2545354, 0.34186253, 0.21681654, 0.15610395, -0.1252219, -0.10477318, 0.16572827, -0.52916485, 0.27342314, -0.38911936, -1.8877734, 0.6379831, 0.15520932, -0.08458035, 0.60670376, -0.24399802, -0.2741998, -0.25864273, -0.2699521, -0.20255573, 1.2298704, 2.070775, 0.41802266, 0.4703372, 0.3106262, 0.16414808, -1.9774235, -1.1372871, -1.1225795, -0.31064916, 0.2776562, -0.83231276, 0.3937791, 0.5820312, -0.04659088, 0.13162418, -0.5715399, -1.1201205, -0.2013523, -0.22837551, 0.18853079, 0.18100555, -0.44049424, -0.70575464, -0.072995625, 0.6543273, -0.7168042, -0.06564189, 0.034031358, 0.21547379, -0.4657005, -0.115847066, 0.2197247, 0.5824464, -0.67791426, -0.21683449, -0.32937267, -0.5979249, 0.47673425, -0.18584825, 0.7937531, -0.6497033, 0.16347188, -0.36946553, 0.3655514, -0.0731522, -0.21969794, 0.034556724, -0.11470463, -0.024527907, -0.24508218, -0.025415301, -0.25295085, 0.43623677, -1.4385409, -0.0017451007, -0.08409204, -0.25009644, 0.04318168, -0.11464012, -1.9765478, -0.5030995, -0.5885705, 0.0452765, -0.10494862, 0.28639254, -0.11525962, -0.9555081, 0.40023908, 0.17992502, 0.10178392, 0.59382963, 0.5105335, -0.60213476, 0.26846835, -0.1442497, -0.16021076, -1.6322056, 0.102372944, 0.07739877, 0.2842731, -2.4700708, 0.18569507, 1.0453459, -0.8830488, -0.24332908, -0.4201671, -0.5008867, -0.46638343, 0.26257348, -0.004282836, 0.18755588, -0.018689938, 0.31654763, -1.4052832, -0.17742474, -0.3615242, -1.6563722, 0.45092553, 0.21449146, 0.19997568, -0.2871153, -0.09383507, -0.055922847, -0.4350433, -0.34495056, 0.39685124, -0.3720742, -0.23882312, 0.1783729, 0.047073595, 2.281557, -1.2795421, 0.4131031, 0.8642183, 0.25437108, -0.5132029, 0.5539968, -0.96044683, -0.2736271, 0.30643514, -0.55761945, -0.0675913, -0.60066825, 0.015316879, 0.16670427, 0.59794563, 1.001879, -0.6333627, -0.39527172, -0.036452606, -0.5219526, -0.53135, -0.066144705, -0.81445026, -0.3552285, 0.47564852, -1.3168695, 0.8199321, 0.032422658, 0.7253132, 0.093875624, 0.44453236, -0.12058367, 0.24892607, -0.24890237, -0.8273096, -0.12895355, 0.37330738, 0.40932825, 0.6767747, -0.20390302, 0.82944244, -1.1163684, 0.76272124, -0.68048924, -0.010439965, 2.1122477, -0.55578345, -1.927205, 0.8986003, -1.7646222, 0.82512474, 0.10167885, -0.09723181, -0.3185201, -0.2518467, -0.56545717, -1.2553375, 0.1861331, 0.90175056, 0.6427334, 0.471687, -1.0825906, -1.0917355, -0.25495723, -0.36157528, 0.46838722, -0.18090342, -0.44205812, 0.14825527, -0.22094247, -0.45835632, 0.018683717, -0.003893317, 0.056943435, 0.772905, -0.7626146, 0.7413944, -0.4441428, -0.20310256, 0.21103537, 0.36397868, 0.79955167, 0.82815164, -0.8826973, -0.63078, 0.34703106, -0.004897992, -0.9991704, 0.33138794, 0.5970591, 0.22726105, -0.71125937, -0.48893753, 0.18634044, 0.29180261, -0.55310774, 0.5872642, -0.80810964, 0.7778932, -0.13530688, 0.30057684, -0.49973282, -1.6226535, -0.46570668, -0.8331539, -1.3467107, -0.71997315, 1.8936908, 0.20834203, 0.6065701, -1.0599571, -0.7724947, 0.55994827, 0.45779338, -0.46552435, -1.0941035, 0.21841788, 0.9420287, -0.5889859, 1.2412225, 1.2936871, -0.56144565, 0.06416313, -1.099256, -0.1523001, -0.44784567, 0.30059427, -1.8027717, 0.6572968, 1.9877043, 0.47457373, -1.4234915, 0.26868802, -1.0542523, -0.26089296, 0.031717137, -0.59897816, 0.28146285, -0.8652986, 0.7447016, 0.28172448, -0.56280214, -0.64907193, 0.51299846, 0.03828934, 0.539402, 0.14834224, -0.72669363, 0.43241686, -0.20258439, -0.3157456, -0.45126894, 0.7777953, -0.4535505, 0.22285719, 0.4565252, -0.519629, 0.37893522, -0.2815336, 0.22207278, 0.6090336, 0.23181129, -0.09938271, 0.41810384, -0.062114857, 1.036045, -0.5262895, -1.7642576, -0.99871945, -0.048262235, -0.382949, -0.30315715, -0.015490685, -0.35753047, 0.39025673, 1.0949773, 0.6199023, -0.14293711, 0.15435289, -0.89326197, -0.3343936, -0.21084091, -2.6145277, -0.4313841, 0.63885456, -0.6478584, -0.19150473, 2.4555266, 0.47440866, -0.085511096, -0.13216998, 0.5878424, 0.5879344, 0.8346663, -0.96672374, -1.7095653, 0.104963705, -0.6024601, -1.4674844, 1.4279249, 1.4809114, -1.377707, -0.6506799, -1.0631514, -0.28902152, -0.2756658, -0.5302091, -2.0206623, 0.24350563, 0.6621805, 0.9218188, -0.96449214, 0.12959999, -1.54255, -0.40139517, 0.097447924, 0.09275943, -1.7632594, -1.7922857, 0.847689, -0.70275813, -0.22859465, 0.68403465, -0.13588727, -0.90275216, 0.36696374, 0.009876723, -0.8217526, -0.23735887, -1.0682784, 0.2948768, 0.057957433, 0.51731783, -0.6966107, 0.36524022, 0.0562621, -0.42048517, 0.5269572, 0.21735767, 1.2262876, -0.85555804, 0.55844647, -0.66599405, -0.3858714, 1.024878, 1.7190397, -0.9888128, -2.1529672, -0.26041195, 0.28372422, -0.6810478, -0.006100167, -2.0959907, -0.46238407, 0.14178848, 0.53259, -0.91492647, 1.3702543, 0.42248264, -0.32308915, 2.9880426, -1.9209771, -0.9090009, -2.2614305, 0.39302552, -2.0168464, -3.0029213, -0.8951953, 0.42632654, -0.41666612, -2.4596822, -0.4813993, 0.8246872, -0.10838546, 1.0942225, 1.8143371, 0.7619611, -1.0749582, -0.7427112, 0.86384887, 1.3323562, 0.3435212, -1.3396955, -0.4472966, 0.28331766, -0.86917496, -1.2398132, -0.46450362, 0.08110546, -0.5457122, 0.948835, -0.22393975, -0.06432942, -2.0418775, 0.0916349, -0.24879245, -0.27424458, -2.489943, -2.570343, -0.32937756, 0.9519206, -0.8180258, 1.1138508, -0.4494183, 0.044914052, -0.59879076, -0.5131837, -0.8034681, 0.19250903, -0.07579547, -0.6727514, 0.17409311, 0.0382794, -0.5463623, 0.09138771, 0.39918837, -0.2322491, 0.46290025, -1.0931457, 1.4084569, 0.3062114, -0.8330157, -3.0152154, -0.29061255, -0.4292232, 0.28408703, -0.7197082, 0.14286469, -0.074093506, -0.12877735, 0.4309846, 0.35877362, -1.8275621, 0.061803862, 0.10148214, 1.4941015, -2.258539, -0.2752028, 0.2563945, -1.0652325, 0.70146364, -0.27787697, 0.37199295, -0.14247973, 0.52014285, -2.2064877, -1.4434017, 0.4416932, -0.12445254, 0.19118975, -0.016037771, 0.12244355, -0.21613589, -0.97217596, -0.17156495, -2.5364246, -1.9231538, 0.77375484, 0.26495013, -1.8458307, -0.45891902, -0.47965226, 0.5406593, -0.7789781, 0.59448457, -0.5578349, 0.4417753, 0.05929676, -0.4857749, 0.36065492, 0.33735335, 0.43400806, 0.022524875, -0.92658395, 0.52207315, -1.020683, 0.4706035, -1.3514194, -1.4686, 0.8690575, 0.50359124, 0.2501744, -1.5077779, -0.6813535, -1.0984743, -1.4253716, -0.44866776, -0.46675342, -0.8307229, 1.1451159, -0.4113984, 0.7224103, -0.9315863, 0.26384965, -0.21404818, -0.55157405, -0.26501766, -0.0974919, 0.9619817, -2.793609, 1.4681456, -0.6013195, -0.3586337, -0.76255536, -0.49234724, -0.39717776, -1.6293111, -0.54297143, -0.058132406, 1.511193, 1.2590512, 0.2978714, 0.7720828, -1.4193988, 0.5258233, -3.6500502, -1.8087379, -1.5350177, 0.31538853, -0.55268294, 0.33150473, -0.40337807, -0.5592607, -0.5958545, 0.14785898, 0.4834127, 0.052183747, -0.78035635, 0.6276782, 0.5289437, -2.182342, 0.44147673, -4.884646, 1.1341928, -2.2130415, -0.98668426, -0.47518018, 0.65033585, -0.21671887, 0.31218332, -0.81491506, 0.2660915, -0.14291874, -0.43662155, 0.32982257, 0.058275785, -0.89870316, -0.66732824, -0.41600335, 1.2459279, -1.0189229, -0.7484261, -0.03536081, 0.94059664, 0.25132284, 0.70578176, -0.51305133, -0.38561064, -0.930542, 0.9502413, 0.09583842, 0.77347517, -1.7966812, -0.20102604, -2.5410786, 0.7872953, -0.5658908, -0.29281273, -0.87671816, -0.41325122, -1.5686144, 0.0057831868, 0.3746058, 1.1094131, -0.7329049, -0.3892079, 0.24605839, 0.5792099, -0.025694078, 0.8368841, 0.7818961, -0.42785692, 0.048750997, 0.42380983, -0.582887, -2.2354288, 0.6026743, -2.2934768, -0.24803786, 0.2825923, -0.28124174, -1.0905497, -0.33397168, 1.8852353, -0.37209177, -0.43969285, -0.19684514, -1.6551651, -0.21716361, -0.77228606, 0.31017002, 0.5081579, 0.65282494, -0.47384626, -0.9871931, -0.12661916, -0.5232636, -1.4815773, -0.3791154, -2.1073647, -0.2616347, -0.14739682, -4.5115175, 0.6182081, -0.24037497, -0.078911625, -0.59777683, 0.9215869, -0.8083114, 1.3303207, -0.83556277, 0.37363824, -0.5217032, 0.092240565, 0.5947951, 0.06694291, -1.1639569, 0.14849529, -0.05576374, -0.82130724, -0.13300021, -0.99403036, -0.3694949, 1.1142002, -0.66705227, 1.0824358, -1.6892033, 0.25993744, -0.7526581, 0.45004866, 0.20745625, 0.5457713, 0.07909408, 0.16169646, -2.1795332, -0.64071584, -0.30464807, 0.008773589, -1.6848154, 2.375015, -0.53785014, -2.4474897, -0.75530803, 1.8969672, -0.061049722, 0.6632057, 1.2283251, -0.74312687, 0.91402113, -2.3595414, 0.77669525, -0.57473874, 0.26299834, -0.5203261, -0.5662426, -0.76823336, 0.91787887, -1.4705975, 0.3119504, 0.6073493, -0.49749103, -0.06245975, -0.27620664, -1.4450431, -0.11693225, 1.5130727, -0.889018, -0.03974486, -1.3447764, -0.34575558, 0.75765103, -0.644481, -0.038259726, -0.48361877, -0.38410103, -0.02899276, 0.044186905, -0.5115142, 0.7196912, -2.5629153, 0.91909856, -0.50799423, -1.7892439, -0.707764, 0.04797411, -1.5126241, -0.024675258, -0.32668865, 0.4467166, 0.39877984, -0.68088543, -0.3677676, -0.69570166, 0.2393661, 0.1782601, -0.44361567, -0.44415638, 0.8192625, -0.7312559, -0.6870933, -1.0334783, -0.0011733597, 0.31181452, 1.3665767, -0.031971604, 0.45795813, -1.4163841, 0.9784023, -0.3016122, -1.086366, 0.0004813032, 0.09412511, -0.47709495, 0.2843186, -0.17844138, -0.63746977, -1.1628928, 1.3201642, -0.34843135, -1.6520878, 0.94128776, 0.55193675, 0.21808393, 1.9530528, -2.6317627, -0.46552607, -1.4253496, -0.21822046, -0.6027307, -1.6743855, 1.10861, -0.1976682, 0.10222705, -0.01558165, -0.57394505, -0.8175387, 0.213914, -0.30153605, -0.6802056, 0.035042442, -0.08876728, -0.6522321, -0.7007969, 0.54048234, -0.45511055, 0.27093956, -0.49163216, 0.5211594, 0.41715664, -0.38623646, 0.06523704, -0.93435836, -0.17238078, -0.7894959, 0.60611343, 0.4464835, 0.5198525, -0.21164191, 0.7740239, -1.5562475, 0.04671836, 0.24995089, -0.99349713, -0.718349, 0.09755389, -1.2301444, 0.26581636, -0.5532667, 0.07709177, -0.9400964, -0.89178824, 0.08817157, 0.07671544, 0.4216875, -0.15132172, -0.48532858, -0.17032751, 0.0041419053, -0.27156937, -0.049050044, -0.03310103, 0.34940422, -0.9513552, 0.89550716, 0.17622682, -0.31942686, -1.584292, 1.099143, -0.11257152, 0.2021849, 0.17701223, 0.22400284, -1.1151813, 0.27668375, -0.5822216, -0.7487325, -0.6473136, 0.388857, 0.064334035, 1.4209262, 0.6642759, -0.99928, -0.22435518, -1.6257588, -0.48783082, 1.0837089, -0.34109923, -0.84785056, -1.0422091, -1.1361238, 0.19344375, -0.2569837, -0.4337963, 0.05031855, 1.4271004, 0.112432115, -0.55278486, -0.38144633, -0.20516907, -0.20753083, -0.55534005, 0.7984082, 0.09867054, -0.37617797, -0.56989527, 0.68971616, -0.4940953, -0.3381783, -0.19756183, 0.31018263, -1.1765186, 1.0698406, -0.25882286, -0.7694878, -0.2116029, 0.28633258, -0.18064198, 0.29673243, 0.511183, -0.7785662, -0.18420412, -1.0138788, -0.568917, 0.027977472, 0.58925474, 0.56677306, 0.5435677, -0.3754365, 0.14359131, 0.54107386, -0.9101245, 0.19108148, -0.5138866, -0.13657904, 0.014593579, -1.35656, 0.53646976, -0.093786374, 0.8472498, -0.9195829, -0.17806563, 1.3706481, -0.48863897, -0.6414564, 0.110378504, -0.71772224, -0.79755193, 0.31698897, 0.42788085, -0.8247772, 0.4943126, -0.21395785, -0.6416855, 0.497608, -0.63883233, -0.6603347, -0.03741461, -0.18453248, 1.125496, 0.87686276, -0.5167974, -1.2213737, -0.087317966, 0.5577621, -0.9539015, 0.6575242, -0.64462566, 0.42378616, 0.4783881, -1.2888532, 0.22479, 0.10276305, -1.601015, 0.25818303, 1.2337838, -0.24887587, -0.3215162, -0.3885211, -0.99864095, -1.5300343, 0.0076238574, 0.28599882, 1.6774362, -1.2537646, -0.7672149, -0.15919913, -0.08591418, 0.27487704, -0.19853243, 0.45330945, -0.4750235, -0.77842295, -0.25033018, 0.55416894, -1.3675485, 0.19701368, 0.080508426, 0.19404146, -0.114527, -0.28481644, -0.4903343, -0.6818357, -0.8217045, 0.5270859, 0.55403906, -0.285685, 1.465114, -0.6331786, 0.35435966, 0.12937896, 0.13628337, -0.5875968, -0.56540096, -1.0303909, 0.40139157, 0.19636509, 0.376579, -0.12700555, 0.3256961, -0.0513086, 0.05922577, -0.0081017725, 0.1622389, 0.22909382, 0.6668941, -0.86809367, 0.035669435, -1.8556973, 0.9812154, -0.59254897, -0.10565254, 0.3026856, -1.6082647, 0.38331553, -0.3074403, -0.902045, -0.34925324, -0.7548138, -0.3767712, -0.3481648, -1.0940325, -1.4280049, -0.5735222, 0.62545127, -0.9703217, 0.84426945, -0.33694288, 0.26778823, 0.18152203, -0.21487692, 0.2113936, 0.10581624, 0.0069294246, -0.5906622, 0.0320902, -0.090495475, 0.15731516, -0.92198944, 0.40128782, -2.4438677, 0.53392345, -0.5823214, 0.15618546, -0.11619651, -0.94176173, 0.23155977, 0.59585536, 0.22220936, -0.12159265, -2.586364, -0.15878838, 0.2319502, -0.20617047, 0.5561832, -0.30127597, 0.06817185, -0.33382645, 0.7009273, -3.021112, -0.36475798, 1.292885, -0.30912682, -0.015886392, -0.07847629
-0.9773153, -0.74584377, -0.15783806, 0.12854259, -0.32687336, 0.1268837, 0.97769827, -1.0908896, -0.5317853, -0.23858097, 0.4874211, -0.5334394, -0.96285814, 0.5040616, 0.20473307, -0.30625013, 0.5024911, -0.056066897, -1.1211097, 0.46140757, -0.20154536, -0.48682326, 0.12263895, -1.8020805, 0.87846124, -0.34083703, 1.241192, -0.08761573, -1.4154994, -0.18905108, -0.16837348, -2.4271076, -0.019822504, -0.41010386, 0.74165714, -0.76959515, -1.086893, 0.2462495, -0.11256033, -0.15480745, 0.7904355, -0.06776686, -0.6252919, 0.60782844, 0.09992485, -0.51217645, -0.2293426, 0.13567139, -0.226832, 0.43285263, -0.0662261, 0.20213507, -0.25255656, -0.9582747, -1.2202373, -1.0422174, -0.3579994, 0.52026486, -1.6701034, -0.64023274, 0.15081759, -0.013609696, 0.026290154, 0.8081818, -0.14402898, -3.5319333, -1.3901793, 0.43551946, 0.14630613, -0.06255559, -0.23363861, -1.0545247, 0.5065869, 0.3427842, -1.4516318, 0.9531319, -0.40653872, -0.74966186, 0.8289712, 0.29920354, -1.1287849, 0.74468464, 0.7834137, -0.53296196, -0.06470649, -0.032838356, 0.78969353, -0.0018424008, 1.0305319, -0.84917974, -0.34176618, 0.37530404, -0.83783877, -1.6088028, 0.43996018, -0.023297729, -0.48215824, 0.33070296, 0.26178342, 0.14214364, -0.13390455, -0.7485063, -0.50782335, 0.72336227, -0.608705, 1.0787683, 0.58550483, -0.6214916, -0.6059429, 0.4174456, -0.4048448, -2.2865665, 0.91531473, -0.7861936, 0.64063746, -0.110443145, -0.35165545, 0.00011859071, 0.2694868, 0.020796785, -0.19807628, -0.3439933, -0.2866899, 0.12941258, -0.2637251, -1.7194531, -0.49042535, 0.041060045, 0.72220975, 0.4489866, -0.06638885, 1.2914586, 0.106552154, -0.40778622, -1.7954351, 0.035252295, -1.1330634, -0.21908303, -0.5744163, 0.40675947, 0.34919146, -0.8673462, 0.8516773, -0.08942227, -0.12002227, -3.232215, -1.0164998, 1.1015077, -3.6918063, -0.41472363, -0.08076258, -1.3558826, 0.16860865, 0.74394464, -0.3785182, 0.09141721, 0.021002222, -0.681308, 0.865592, -1.1803874, -1.540144, 0.7180629, 0.8193314, 0.47939444, 0.21050449, 0.35246632, 1.1734155, -1.996761, 0.89239097, -2.461034, -1.1184103, -0.34640905, -0.3564183, -0.007952454, 0.096431054, 0.15321809, 0.34912094, -0.03288381, 0.019582497, 0.37531298, 0.07212738, -1.0707864, -0.43278006, 0.10012204, -0.7102257, 0.29228285, 0.7283609, -0.5279109, -0.17681451, 0.33833578, -0.09321571, -0.28644592, -0.71537644, 0.061763447, 0.08798734, 0.7161859, 0.08306038, -0.02632731, -0.23883338, 0.20694853, 0.053131014, -0.14113903, 0.12330153, -0.33168063, -0.3060226, -0.53919035, -0.42475784, 0.11340302, 0.84857076, 0.6167678, -0.45186016, 2.7652874, -0.44145343, -1.6438626, 0.36844355, 0.0021509854, -0.49318534, 0.050831515, -0.8673163, 0.9795287, 0.51752305, -0.88718146, -0.10620605, -0.2633707, -0.47182968, -3.0778627, -0.05435727, 1.1713973, 0.07895304, -0.10526543, -1.3967925, -4.3888845, 1.1033709, 0.4587086, -0.07333044, -0.41308746, 1.2321802, -1.0242568, -0.049675744, -0.3202965, -0.34307927, -0.49016312, -0.16982393, 0.30441785, 0.08903774, -0.3276119, 1.6469932, -2.2001824, -0.152833, -1.1798688, 0.21537116, -0.73317385, -1.4669505, 0.1835005, 0.6860565, -0.15884104, 0.3719059, -0.6011707, -0.6456409, -0.10554682, -0.12923402, -0.5640965, -0.20449159, 0.47264895, 0.74119216, 0.04036915, 0.53384036, 0.18172494, -0.8190431, -0.5433783, 0.16853338, -2.147602, -0.58447564, 0.40037805, -0.09561918, 0.021611914, -0.062475424, 0.13162954, -0.13709077, -0.26349598, 0.2753288, -0.19624563, -0.40904033, 0.23534727, 0.3435236, 0.72946274, -0.24076222, -0.80954325, -0.62175107, -0.040073287, 0.00987827, 0.41952458, -0.41918293, -0.070297815, 0.48667613, -2.1804245, -0.85102147, 1.2219028, -0.47106588, -0.18107566, -0.75753695, 0.87410784, 0.19656666, -0.86230767, -0.68814427, 1.8320088, -1.9021227, -1.0872673, -1.6825532, 2.6834266, -0.46820945, -0.8231597, -0.45042402, -0.2852863, -3.2072444, 1.5499314, -0.65901345, -2.2760994, -2.1252687, 1.171709, 1.6046907, 0.24499281, -3.0893924, 3.06927, -0.3393728, -0.6084305, 0.39529988, -1.3996958, -0.54457253, -2.894845, 0.6853793, 0.5362078, 0.037655897, 1.118383, -1.065109, 0.14339851, 0.20630467, -0.8490287, -1.5435281, -0.37669575, 0.44205788, -0.4494414, -0.18535313, -0.0029695742, -2.5046923, -0.76498663, -1.122819, 2.3402972, -0.91508466, -0.04756278, 0.93562436, -1.0262488, -0.40026197, 0.509964, -0.49473944, -0.33998376, 0.041274115, -0.20843609, -0.19570689, -0.24499579, -0.33606955, 0.1375615, -0.043281864, 0.69518954, -0.53682065, -0.8497046, 0.8405715, 2.1137064, 0.63301253, -1.0532563, -2.6748614, -3.010323, 0.10958946, -2.0998356, 0.52838, -1.2709488, -0.7781344, 0.2214519, -1.1087081, 0.027462143, -1.2449818, 0.6691226, 0.03021258, 0.26276162, -0.26052514, 0.21084765, 0.77104723, -0.064737685, 1.946388, -0.7476249, -0.7029783, -1.1679082, -1.1468407, -1.7364423, -0.7588526, 0.060703028, -1.132567, -1.0451527, -0.028715912, -0.40179706, -0.10174861, 2.8700848, -0.4271273, -2.5999408, -0.6603481, -0.2542163, 0.8129313, -0.19059728, 0.083367445, -0.9665739, 0.0680923, -0.17632644, -0.03476846, 0.09423338, -0.5886545, 0.13608249, -0.6177692, 0.06417012, 1.7836657, -1.6419486, 0.3672337, -0.7452716, 0.5629452, 0.12674616, 0.6213458, -1.0230967, -5.745935, 2.5189352, 2.6870499, -1.5766222, -0.1640435, -0.09183723, -1.0570664, -1.4413074, 0.5844819, 0.10841612, -0.86465997, 0.047228094, 0.025517445, 0.4636405, -0.10109335, -0.7217652, -0.38430172, 0.44447583, -0.6946245, 2.1257577, 0.7000605, 0.7523766, 0.95777303, -1.6696067, 0.19578424, -2.0320146, -1.8548319, -0.11425911, -1.0638347, -1.2108989, -0.32418427, -0.69717467, -1.2158271, 0.9379836, -0.1634088, 1.2298281, 0.47559875, -3.3904116, 0.062534906, -0.5845784, -0.017924042, -0.23032664, -1.5794295, -0.13092047, -0.20404808, -0.2533816, 0.7297638, 0.16893572, -2.055783, -1.2979981, -1.8945849, -0.11567695, -2.7205718, 1.2860578, -0.25412032, -1.8678443, 1.2566031, 2.0371873, -0.21957509, 0.13867259, -0.3055826, -0.13552497, -0.5129125, -0.3714231, 0.29777676, -0.6513158, 0.004045259, 0.22772391, -0.025872257, 0.21881473, -0.81168145, -0.32241064, 0.226351, -0.030837612, 0.5977889, -0.5507538, -0.50921094, 0.15706542, -3.0600982, -1.4607416, -3.210074, 2.7875893, -0.48763525, -2.2458234, -1.3386943, 0.7501557, -2.084893, 1.1928633, -0.30106795, 0.0462065, 0.23224726, -1.3599572, -0.075167745, 1.4110062, -0.12897424, 0.32859135, -0.53087014, -0.42034158, -0.8192224, 0.4755276, -0.928662, -0.58392626, -1.3010293, -0.16802569, 0.8230389, -0.3844157, 1.1942778, -0.12570682, 0.058731735, 3.1601048, -0.6565763, -0.9200246, 2.0385776, -0.2382264, -1.4673755, -0.3738011, 0.56632715, -1.4926623, -0.13144119, -0.6544254, -0.26753297, 0.044767935, 0.3312991, -0.0076896274, -0.48373434, -0.5532017, -0.35766456, 0.025196182, 0.9356897, -0.089929685, -1.2537655, 0.6532452, 1.7542461, -0.96224236, -1.1323751, -1.7480422, 0.3372347, -0.52386, -0.2710794, -0.2837782, -0.41800192, 0.5202665, -0.18081827, -0.37165755, -0.03215715, -1.7655045, -0.21557713, -0.119441986, -0.6214307, -0.09715419, -0.056410536, -0.5938363, -0.17640644, -0.08149488, -0.24653436, -0.25794026, -0.17490356, 0.07652026, -2.5166943, 0.55737096, -3.6753798, 0.97478485, -1.8340719, 0.6276681, -2.8618057, 0.9219399, -1.3043017, 0.9001293, 0.5697156, 0.8651679, 0.88773274, 0.3831027, -0.27275816, -1.2470063, -0.7643863, 0.91917306, -0.7309957, -0.7494171, -0.2510324, -0.20093095, -0.63379043, -0.929382, -0.26271304, 0.9079632, -0.66528517, -0.0122039635, -0.46264857, -0.263721, -0.55634505, -0.51823974, -0.65317905, 0.6865604, 0.6833843, 1.0691626, -0.29546604, -0.4861813, 0.014989507, -1.0301437, -0.9159081, 0.16444552, -0.15481022, 0.01261193, 0.2188086, -0.07021341, -0.1124415, 0.57111335, -0.8551845, -0.35150954, 1.2489156, 0.06276924, -0.2054419, -0.5549201, -1.4553185, 0.23782335, 1.2182202, -2.6336896, 0.5765477, -0.7965354, 0.057055585, -0.3262477, -0.52352345, 0.13577, -0.8084444, 0.84001786, -0.26760527, -2.4456663, -0.10473326, 0.06640153, -0.63702494, -0.05904337, -0.50869226, -0.2892525, -0.24954851, 0.08555726, -0.6382276, -0.59851277, -0.04712117, 0.6622741, -1.852151, -1.2188399, -0.88877463, 0.925421, -1.6966175, 0.43230388, 0.67504525, -1.1854422, -1.3474205, 1.1620504, -1.4240191, 0.24892798, 1.9105462, -1.7874974, -0.010998398, 0.5731074, -0.2980252, 1.2801404, -2.4413488, 0.39315072, -1.2028468, -0.82709646, 0.08406992, -0.045238495, 0.14668751, 0.6078063, -1.458749, 0.9227291, -0.34559992, 0.8862257, -0.12082113, 1.8868911, -1.3081406, 0.513975, -0.21676333, 0.41184723, -0.40685546, -0.7947865, -0.38051054, -0.9043834, -0.99683434, 0.7710024, 0.46079585, 0.040584642, -0.74284256, -0.14348134, 1.0011625, 0.56054556, 0.21382271, -0.42032054, 1.041483, -0.4314673, -0.48619896, -0.34697172, 0.13207735, -0.8651159, -0.16068801, 1.379732, -0.22113153, -0.14413299, 0.0046472754, 1.0741003, -0.34785485, -0.06793021, -1.0180893, -0.105710804, 0.48278138, -1.0262288, 0.30037996, -1.2400572, -0.27101314, -0.8676305, -0.12653421, 0.38349673, -0.08870991, 0.40121597, 0.0069893165, -0.41085348, -0.50381315, -0.06532656, -0.4097775, -1.3132482, 0.24936704, 0.7183562, -2.0218074, 1.1255406, -2.0037737, -1.6099591, -0.42715627, 0.30434087, -0.17646223, 1.3512053, -0.84205985, -1.0732217, 1.1342487, 0.24039903, -0.15826194, 0.08022084, -1.3342688, 0.7780666, -0.24561629, -0.87367636, 0.79817003, -1.0571182, -0.30009022, 0.52950203, -1.186554, 0.68986034, -0.56373906, -0.22308147, -1.615009, 0.99957705, 0.11581957, 0.61310625, 0.6446409, -0.6497367, 0.054363053, 0.17433612, -0.5677787, -0.9938436, -0.77381283, -0.48078138, -0.034985095, -0.5155636, 0.01148397, -0.10690758, -0.8238103, -0.716099, 0.09175476, 0.8805222, 0.85812664, 0.7899844, -0.88951236, -0.34535024, 0.029426463, 0.08923823, 1.51161, 0.68700236, -0.083848864, -0.99023575, 0.2039873, 1.0280701, -0.64426553, 1.0051576, -1.0814619, -0.329944, 0.34387863, -1.6806749, 0.0023092406, 0.22723396, -0.24355242, -0.31749675, -0.31212184, -0.0632765, -0.7106447, 0.19293521, 0.41522023, -0.8643412, 0.24952957, -0.92996687, 0.05602882, -0.3414059, 0.9364938, 0.8816958, 0.8602543, 0.50772864, 0.64120543, -1.7871246, -0.37787926, -0.69454765, -0.7851837, -0.6947539, -0.3443959, -1.3748305, 0.99493, -0.5462949, 0.29495913, -0.03861354, -0.37433714, 0.4164291, 1.0680897, -0.9037809, 0.34225246, -0.03235525, -1.5902853, 0.62756073, 0.6526342, -1.0827668, -0.6323361, 0.12310131, -0.23549967, -2.5070841, -0.96144825, 0.58549154, 0.38772348, 0.969036, -1.0259029, 1.1081145, -0.24247499, -0.48034403, -0.36757824, -0.6754268, -0.772817, 0.902255, 0.14427459, -0.5842781, -0.6259724, -0.24213584, -0.52573365, 0.426428, -1.7302121, 0.93472856, 0.5313839, -0.9043139, -0.036332946, -1.1212008, -0.29782024, 0.027008867, -0.37893012, 0.00637522, 0.22058585, -0.57978666, -0.036715426, -0.59315705, 0.84767085, -0.02849787, 0.5359583, -0.40597072, -0.7007901, 0.1629458, 0.021630399, 1.3280056, -0.22179753, 0.1705693, -0.43459764, -0.548538, 0.2939977, -1.418622, -0.322327, -0.3006533, -0.95738065, -1.1188133, 0.10593426, 0.55222803, -0.7956857, 0.85456324, 1.1363308, -0.9505876, -0.6527532, -0.45469183, -0.34039766, -0.2550396, -0.9930752, 0.2391338, 0.73811215, 0.2049525, -1.0691023, 0.12992516, -0.45259094, 0.16433005, 0.6252007, -0.1766619, 0.6499697, -0.122544914, -1.3642614, 0.82733613, 0.8256468, -1.1656514, 0.0007942524, -0.4649946, -1.1991322, -0.9239429, 0.28886813, 0.69258845, -0.2996867, 1.0684617, -2.380366, 0.19381137, 0.46490794, -0.6268069, -2.5850887, -0.45975342, -0.12156765, 1.2654403, 1.0023859, -0.83652145, -2.652247, 0.28198183, 0.2203769, 0.11202866, -2.4094293, 0.1587084, 0.49993214, -0.296509, 0.3479549, -0.3445262, -0.9870433, 0.34039757, -0.6581856, 0.07774248, -0.9905769, -0.5813406, 0.40032306, -0.43776736, 1.1964077, -0.18307127, 1.0041705, -0.90257853, -1.012223, 0.22243333, 0.23106816, 0.49236456, -0.3430351, -0.42871127, -0.07559348, -0.15137918, -0.42959434, 0.2206835, 0.4225564, 0.19884603, 0.070331976, -3.2987223, -0.39559606, 1.8220259, -2.1458998, 1.034582, 0.49535236, -1.2102182, -0.5412197, -0.22396971, -0.42972195, -0.1454047, -0.26598588, -0.1894746, 0.79812264, 0.019075243, 0.23524112, 0.91317123, -0.5063575, -0.61713636, 0.22669253, -1.2950225, 0.73809844, 0.6138993, -1.466001, 0.4515378, 0.5349728, -1.0201511, -0.49861622, 0.36125228, -1.5588726, -0.7984693, -0.27782065, 0.522307, -0.5335998, 0.1531919, 1.1756824, -2.0119638, 0.88056356, 0.7253021, -0.89296985, 1.5185039, -0.36878604, 1.0677145, 0.3122595, 0.24144824, 1.5199225, -0.05276437, -1.5452163, -0.7551667, -0.8098026, 0.07529481, 0.8243304, 0.13696894, 0.1761283, -1.5283341, -0.5186469, 0.4396005, -0.3363902, 0.32003185, -0.9587612, 0.34844944, 1.2639155, -0.940228, 0.85938245, -0.7625082, 0.1500592, -1.9598923, -0.14905374, 0.019701596, 0.47292373, 0.29166272, 0.37631384, 0.20977214, -0.5551548, -0.27990726, 0.17908312, -0.24380337, -0.13594219, -0.44405395, -0.9309427, -0.050586984, -0.2658448, -1.0156186, 0.95006746, -0.06470578, -1.0650977, 0.87758046, 0.75434804, -1.6251347, -0.30936345, -0.30786824, -0.16552997, -0.38642028, 0.51995176, 0.54364467, 0.1108287, 0.28015596, -0.26803756, 0.065108344, 2.2071927, -0.9930796, -0.85134745, 0.53852975, -0.7022976, 0.49271005, -1.342281, 1.0356345, -1.3541418, -0.11894423, -0.12830572, 0.41832733, -0.55563086, -0.4782774, 1.0025789, -0.2337384, 0.9886265, -0.35889816, 1.0995564, -0.77673256, 0.21147308, -4.2123423, -0.80438125, -0.5329031, -0.14303696, -0.28533167, -0.92247266, -1.140758, 1.1646127, -0.21508603, -2.4883134, 0.7483472, 0.34550175, -0.011051427, -0.1483371, -0.7538308, -0.0747993, 0.27989918, 0.20459329, 0.49593902, -0.043010697, 1.0620853, 1.0645716, -0.5825313, 1.0712762, -1.0088414, -1.125603, -0.10180144, -1.2253791, -0.68312603, -0.3787551, 0.26668233, 0.8540428, -0.00064466835, -0.3373335, -0.20230062, 0.61201274, -1.3347942, 0.2284009, -1.1971056, -1.9814391, 1.6423947, 2.4707317, 0.41127774, -1.1832634, 0.47149196, 0.2508863, -2.9870436
-0.8491715, -0.15249798, -0.21324238, 0.5506905, -0.11027, -0.5140979, -0.28920165, 0.40331158, 0.07637842, -0.19507979, 0.096044466, 0.1886196, -0.7173748, -1.4381266, -0.81776834, 0.3348423, -0.15636818, 0.55299824, -0.26993296, 0.45433956, -0.74446845, -0.003511846, 0.7366285, 0.23090401, 1.2274433, -0.46727574, -1.0546625, 1.6622374, -0.3604944, -1.4518696, 0.28672853, -1.30752, -2.8243077, 0.47677135, -2.1638603, 0.42885917, -0.6700501, 1.5453821, -1.1976756, -2.5590882, 2.7084851, -0.007994121, 0.30711022, -0.07704677, 0.99008834, -1.3339825, 0.8996814, -0.11207605, -0.5394687, -0.022400336, -0.7770931, 0.3147001, -1.0066295, 1.6881771, 0.875678, -1.9275416, 0.5169635, 0.17093161, -1.2413899, 1.1040281, -0.74136233, -1.1572436, -0.5888933, 0.7357913, 0.27055585, -0.49098188, 1.2400963, 0.13065153, 0.54403025, -0.13604242, -0.5523357, -0.28408694, -3.0517726, 0.06249206, 1.844316, -2.3424716, 0.27082473, 1.3164723, 0.08241253, -1.1346161, -0.37336245, 0.43932185, -0.4512168, 0.4698443, -0.3924671, 0.3127128, -0.3113592, -0.25720966, 0.612584, -0.16216429, -0.102923915, -0.013951058, 0.31710023, 1.0667298, -0.4697194, 1.4849495, 0.0055901697, -0.30714428, -1.4664959, 0.5208419, -0.73010725, 0.2268805, -1.1999041, -0.19167103, -1.0777985, 0.4934971, 1.7362382, 0.3506683, 1.2245271, -0.7087897, 0.1182622, -1.4323525, -0.0828177, 0.22443284, -1.08594, 0.4771497, -1.6843257, 1.9116405, -0.5734237, -0.65241814, -1.0351154, 0.6955978, -2.581642, 0.77199954, 2.0531118, -0.37139767, -1.1313443, 1.2674534, -2.5284495, -1.8614765, -1.632523, 1.4511442, -1.2483352, 1.3120754, -0.9030485, -0.7935606, -0.9642008, -0.14118455, 0.97055113, -0.10457195, -0.14550912, 1.0164542, -1.2817299, -0.1965928, 0.6388568, -0.13741675, 0.70390654, -0.80229056, -1.9489228, 1.6262175, -0.18987167, -0.33964574, -1.9114544, -2.705276, 0.5041998, -3.2592864, 1.6823615, -0.19751361, -0.675742, 0.84538776, 0.25984946, 0.05911016, -0.62354344, -0.06836223, -0.066287324, 0.2725433, -0.08454734, 0.51276165, -0.4731969, -0.68728226, -0.09996334, 0.4954141, 0.0066816243, -1.993146, 0.14915858, -0.3720099, -0.96398693, -0.5836137, -0.3755172, -2.3213813, 1.2474965, 0.99301416, -0.49464828, -0.66201335, -0.43017805, -0.90437126, 0.80554426, 0.7140484, 0.02216259, 0.4253342, 0.30353802, -0.28863236, -1.1752213, -1.8911046, -0.9264644, -0.057769287, -1.6591022, 0.21552594, -0.39199907, 2.6394622, -0.0655291, -1.9586794, -0.07911293, 0.049506005, -0.03736633, -0.0059645125, -0.077006735, 0.049939312, -0.0580089, -0.04634482, -0.13562474, -0.007857755, 0.18054362, -0.008817592, -0.44896537, 0.48164743, -2.4346278, -0.6531562, 0.39044788, 0.87113196, -0.466427, -0.36479, -0.49020043, 0.8256711, 0.17001481, -0.5349182, 0.7693445, -0.020487314, -1.073634, -1.5691447, -0.55281687, 0.9881116, -1.2215782, -0.49368316, -2.6255686, -2.7364824, 3.2463088, -0.2428668, 0.033356104, -3.2555003, -2.075006, 2.3598511, 0.012902966, 0.12966777, 0.8194017, -0.4933695, -0.20358695, 0.16113502, -0.13405864, -1.7397921, -0.14548376, 0.9656526, -0.51266205, -0.97696084, 0.3299114, 0.4719857, -1.4554247, 1.0888556, -0.20738685, -0.7866155, -1.0632532, -2.9273963, 0.8362784, -0.57376736, -3.7515497, -4.519567, 3.4390318, 0.24171719, -0.084837854, -0.67621046, -4.153907, -0.37839139, 0.19529328, 2.221971, -0.44407573, -0.84661233, 0.9748382, -1.1118425, -2.189658, -0.45668423, 0.6804872, -0.39136496, 0.25783494, -0.18677182, -1.7279443, 2.00005, 2.8557003, -0.22515744, -0.1187721, -2.7011583, -0.051892236, -3.0559747, 0.2891819, -0.0013122176, -0.27327916, -0.07156135, -2.5857816, -0.34696224, -1.1946617, 0.82818085, 0.14502199, 0.040119316, 0.31361127, 0.7246666, -0.13235217, -0.49004474, -2.4511213, -0.191512, -1.5004886, 0.11807948, -0.040292185, 0.5115546, -2.3633394, -2.1953094, -1.8219086, 0.19238208, 2.5945628, -2.2582874, -0.2486788, -3.55174, -3.3233368, 3.8563075, -0.20769891, 0.019462297, 0.5097657, -0.6671699, -1.1148212, 0.97777444, -0.07887753, 0.13843943, -0.30470842, 0.019088317, 0.25262195, -0.30083635, 1.5089738, -0.54390657, -1.7425774, -0.53043085, -0.94598144, -1.0128176, -0.44004118, 0.98991644, 0.7689592, -1.7016358, -0.083856456, 0.2604373, 0.95505947, -2.2210104, -0.28144285, -1.2590251, 1.3196516, -1.2304363, -0.40174773, 0.009714985, 0.06493739, 0.18601072, -0.6884689, 0.43084708, -1.0553641, -0.5151616, 0.1275081, -0.6006999, -0.84947884, -0.5116433, -3.0112898, 2.590009, 1.5169004, -3.6779177, -0.17737369, -0.3232489, 1.8447336, -1.7256945, 0.6947626, 0.8330583, -0.20642437, 0.08327187, 0.105813935, -0.1019847, -0.5190975, -2.2692635, 0.16562578, -0.9801901, 0.58978736, -0.7816089, -0.32868576, -0.14880584, -1.3257871, 0.22604088, -0.58940655, 0.21357828, 0.032745007, -0.3450513, -2.3851557, -1.7829597, -7.232569, 1.2762127, -2.4601922, -0.15615588, -0.70694375, 1.2786287, 0.40082392, -0.6406519, -0.8312264, 0.87510973, -1.0434556, -1.6946869, -0.55602634, -0.45486978, -0.23862106, 1.5700102, -0.03261489, 0.8174496, 0.6909627, -0.043334544, -0.63076216, 0.33986393, 0.69204104, 0.5310637, -0.7069404, -0.59757555, -0.5263565, -0.63657975, 0.49676827, -1.3340306, 1.3873308, 0.23929656, -1.0041467, -0.19888167, -1.86063, -0.795572, 0.9176585, -0.53477734, -0.42108136, 1.4866016, -1.7069592, 0.5431555, 0.6548287, -0.5680588, -0.7257155, -0.95814735, -0.48909885, 0.76273537, -0.26641718, 0.7034703, -2.2072434, -1.3611431, -1.3590432, -2.820273, -2.3030603, 1.1199582, 1.4439721, -0.9999773, 0.28145015, -0.69660836, 0.31259453, -0.09619333, -0.82321036, 0.28333533, 0.018408066, -1.3439106, -0.064654164, -1.2029119, 0.31696486, -0.5280581, -0.37481442, 0.25325876, -0.80762005, -0.3190697, -0.13039114, -0.32552418, -0.16113871, -0.11317164, -0.38322765, -2.1347494, -5.715288, 2.981263, -6.3345766, 1.9202278, -0.83169365, -0.6002044, -0.24886176, 0.08744953, 0.8354504, -0.963201, 0.6432809, -1.7528656, 0.0073007885, -1.8389635, -0.57991564, 1.2764729, -0.57873434, 0.7166043, -0.60918057, 0.23641224, -0.15109964, 0.083566055, -0.72921723, 0.12536523, 0.6326107, -0.28160116, -1.4029033, 0.24873176, 0.13341966, -0.48268396, -2.8135211, 2.1765504, -0.04453163, -1.9763532, -2.1125586, -0.09925636, -2.306099, 0.6373943, -0.33592746, 1.1695982, -0.50025666, -0.6787922, -0.11432563, -0.31414524, -0.064689144, 0.53848934, 0.16457358, -0.27692768, 0.17848963, -0.7192006, -1.319926, -2.529932, 0.7356457, 2.0460453, -1.8516847, -0.8999611, -0.10666882, 0.7201865, 0.21355629, -0.30794302, -0.061365806, -0.5268257, -1.3398588, 0.063494794, 0.27550527, -0.5627971, 0.51263493, -0.33277863, -0.07800269, -0.41197574, 0.2154016, 0.035148114, -0.23193286, -0.2765356, -0.15258574, -0.19972605, 0.16718556, -0.60245055, 1.5516411, -1.6999357, -3.850853, 2.2348826, 1.0525707, 0.3910587, 0.61468065, -1.8057678, -1.7815013, -0.70294327, 0.10178075, 0.07680428, -1.5164679, -0.7253945, 0.3331362, -0.6904235, 0.4545766, 0.9733898, -1.1087277, 0.18857603, -0.13750571, -0.22995843, 0.835483, 0.13470732, -2.311959, 0.7814758, 0.26260164, 0.77681994, -1.3916527, -0.28712448, -2.5803008, 2.7548847, 0.28358522, 0.9240415, -0.15134951, -0.30186978, 0.9185696, -0.909929, -0.86365235, 0.06236677, 0.6767167, 0.09468659, 0.8806156, 0.7253361, 0.10418535, -0.1208636, -0.5762382, -0.21290033, -0.6565833, -0.16187875, -1.9133054, 1.6116847, -0.9812034, -3.2295964, 0.11940565, -1.4791937, -0.74540687, -0.051027585, 0.11798172, 0.73041594, 0.5266297, -0.099997066, -0.1638629, -0.49517834, 0.47447392, 8.255161e-05, -0.20833914, -0.5619999, 0.016124189, -0.49844944, 0.26354325, 0.18146284, -0.15393715, 0.051484495, -0.5825048, 0.681558, -0.5630233, -0.95333576, 0.3980487, -0.5322222, 1.5207297, 3.1504564, 0.2951084, -0.46799558, -5.005363, -1.0092756, -2.3184924, 3.814066, -1.4912156, -1.6634485, -0.7428489, -0.89356863, -0.9700907, -0.4224474, 0.8376353, -1.2965423, -1.3107967, 0.6865138, 0.1415252, 0.20047063, 1.2195619, -0.70207524, 0.8379078, 0.2699581, -1.7708212, 1.2167426, -0.26059347, -0.53287536, -0.41017035, -0.38224468, -1.1287844, 0.73677844, -0.8100682, 0.96770346, -0.21434015, 1.1622593, -0.2996501, -0.44051316, -1.9599822, -0.4598823, -4.921943, 0.3037187, -0.11813244, -1.0551022, 0.12069454, -1.8317406, 0.20192112, 0.4105384, -0.6130665, 0.9403506, -3.9229786, 0.5962702, -0.8764941, -3.318293, 0.7590253, -2.709846, -0.18036544, 1.0750358, -0.16507535, 0.92617935, 0.799956, -1.1421185, -0.16006237, -0.18638335, 0.17293933, -0.43664923, -0.19295442, 0.27318987, -0.3443171, 0.54925895, -0.025875822, 0.15597135, -0.2620519, -0.0036659373, -0.34020275, 0.16086042, -0.35036635, -0.48677164, 0.48541784, -0.6158791, 4.435451, -3.4597497, -0.783181, -1.8276864, -1.4026196, 0.0065368777, -3.4703076, -0.963045, 0.97418934, 2.3600173, -1.3361549, 0.04968052, -0.6711683, 0.018106936, -0.3433803, 0.8894081, -0.45710385, 1.025502, -0.99886817, 0.09897582, 0.4563958, 1.5948491, -0.42424244, 0.30868146, -2.633691, 0.045969035, 0.30689818, -0.8240052, 0.17622405, 0.35687572, -1.7579206, 0.4593965, -1.0760738, 0.989329, -0.9147975, 0.50112504, -0.7745637, 0.7357454, -0.26601884, -0.6362509, -3.7459204, 1.104703, -2.5835857, 0.7255061, -0.2919168, 0.8623571, -0.8329508, 0.74983424, -0.11969123, -0.269979, -1.3977917, 1.0819442, 0.23237295, -0.6204243, -0.44282594, -0.20770751, 1.5819104, 0.46483198, -0.13046275, -0.25476822, 0.5739216, 0.7784391, -0.16802214, -1.0403299, 0.6690625, -0.3737483, -0.20316686, 0.5964823, -0.2698886, 0.60400194, -0.12690619, -0.22695233, -0.36848974, -0.061789352, 0.48664442, 0.1223136, 0.30732396, -0.15033314, 0.05904202, -0.63850707, -4.471982, 0.3139539, 0.20898959, -1.2910829, -0.39386904, 0.6932383, -4.435362, 0.16342665, -3.4471962, 1.8547608, -1.3376582, 0.33082604, 0.12681969, -0.37794906, -0.17665865, 0.10249046, -0.18894893, 0.13716091, -0.2565806, 0.13395478, 2.532151, -1.9140488, 0.39314196, -0.6040181, -1.4675453, 1.1669326, 0.91475993, -1.0647365, 0.6783526, -0.58922297, -0.8062683, 1.1386906, -0.825962, 1.3553056, 0.18354443, 0.44817957, -1.2892121, 0.3612956, -1.0530322, -0.7206517, -5.491821, 4.0698705, -1.1492845, 1.6415063, 0.23369029, 0.259213, -1.4629105, 0.42039073, -0.14832576, -0.20424014, 0.83171356, 0.7402559, 0.8124854, 0.2370008, -0.50237364, 0.76046604, 0.019997198, 0.06500647, -1.1444094, -0.30084962, 0.26889396, 0.30298454, 0.09885715, -0.75703245, -0.3961153, -0.657499, 0.14646177, -1.3196183, 0.48043498, 0.67342484, 0.22371162, 0.26318568, -0.41876212, -0.04570443, 0.65686125, 0.40636942, 0.6254604, -1.1617624, 0.13906635, -0.9715335, -1.0543216, 2.7703106, 2.1922839, 0.6181507, -2.2925375, -3.282428, -3.7938259, -1.8442341, -0.5739683, 1.00406, -0.95394474, -0.73062825, 0.14126001, -0.22051246, -0.37900472, 0.32091102, 0.09056539, 0.090310216, -0.12880212, 0.5164662, 1.2655522, -2.4663627, -1.1711832, 1.6275505, 2.0334177, 0.32621342, 1.3831277, 0.14366063, -1.6850852, -0.9139592, -0.76117903, 0.88763535, -1.8803979, 0.4215714, -1.7819873, 1.551344, 0.7981826, 1.8220944, -1.1245104, -0.6587221, -2.4333446, -1.5721484, 1.4771516, 0.81289834, -0.25618446, 2.166989, 1.646868, 1.4048916, -2.4322546, -1.6315532, -3.9245448, 1.1500967, 0.53672266, -0.48073992, -1.3939829, 0.1839593, 1.16036, 0.7120635, -0.3208351, 1.1426162, -0.1079301, 0.15839343, -0.032324545, -0.20999525, 1.5192252, -1.0287826, 0.12637179, 2.5564952, 0.7143574, -1.7869974, 0.14717261, -0.4625578, 0.21977901, -0.031155251, 0.33401245, -0.21864572, 0.59008133, -1.356292, -0.008834117, 0.1448088, -0.011056918, 1.0826894, 0.9110554, -3.7679417, 0.24528977, -1.9222667, -4.5290284, -0.98478, -0.16941649, -0.38290954, -0.40459245, 0.119517945, -0.22433937, -0.09163631, -0.5098938, 0.38559908, 0.5226989, -0.28219873, -0.50316685, 0.49056774, 0.185453, -2.4716668, 0.50977236, 2.1787095, -1.1906111, -2.6398425, 0.9350354, 1.802504, -1.0133625, -0.82077646, 1.943044, 0.69613975, -1.2561846, -0.30967557, 0.62358963, 1.0654689, -0.45958638, 0.17710446, -1.190129, -0.5600095, -1.9470876, -1.2647039, 0.06965701, 0.0077790003, -0.349247, 2.0698135, -0.70091134, -0.38272926, -2.8426569, 1.9933972, -0.23023942, 2.0601556, 0.2865, -0.06305841, -0.09158455, -1.1933067, 0.51273566, 1.1901431, -0.02810838, 0.43025285, 0.2568252, -0.7861272, -0.26305926, 0.0049881726, 1.553925, -1.6319106, -0.48099324, -0.8091903, -0.06503683, -0.00412999, -1.711023, -0.35485616, 0.9514117, -0.054602362, 0.64402467, -0.23386645, -0.32311368, -1.3180063, 0.11974921, 0.10443394, -3.9365644, 1.9368922, 1.1691114, -1.8971553, -0.50694174, 1.041542, -1.1057596, -0.12081411, -1.952463, 0.96036863, -0.5549268, -0.28485486, -0.20669986, 0.30209875, -0.8892791, 0.05978558, -0.026552724, -0.87836087, 0.052795205, 0.9556706, -1.4159311, -1.2523625, -0.13735051, -1.222536, -1.9555681, 1.4864345, -0.52911144, -0.78019446, -2.211512, 3.1911192, -1.0916398, -1.4707313, 0.31377572, -0.25469214, -0.52891016, -0.87839484, -0.22577335, 0.6297266, 0.69882, 0.23742346, -0.1222596, -0.12903363, -0.30683202, -0.21441291, -0.13995034, 0.9108682, -0.09628238, 0.032835115, -0.18543896, -0.25243217, -1.1777014, -2.0801091, -1.1428454, 0.60339004, -2.1546366, 1.3435872, -0.9309431, -2.045655, 0.99355274, 1.1586164, -0.39691645, -0.4368551, -0.34489074, 1.0265919, 0.07552496, -2.196326, -0.92287743, 1.1709423, -0.9545062, 1.2297797, -0.81732553, -1.3868853, -1.7993268, 0.77233267, 0.53397506, 0.19329007, 0.95923173, -1.2278819, 0.64031476, 0.4023278, -0.63250476, -1.2106984, -2.0075364, 0.78148955, -0.16524422, -0.46751946, 2.282267, -1.0663222, -0.018733636, 0.7822602, -0.24381968, -0.9371196, -0.16714987, 0.66752213, 0.001407133, 0.4544999, -0.3231575, -1.199046, -0.0033050196, 0.43513802, -0.14125983, -0.2023305, -1.260268, -0.10966368, -2.07726, 1.6144943, -0.21852095, -0.71203595, -1.7137582, 1.7642618, 1.2586973, -2.2694511, -0.4568158, 0.85621154, 0.047623504, -0.2742677, 1.2308996, -1.1081822, -0.52974397, -0.23283911

--- Biases ---
0.08752145, 1.0343832, 0.6611618, -0.9766456, -0.49927467, 0.39967993, 0.18122108, 0.30696228, -1.1992261, -0.15726605

==============================
Layer 5: ACTIVATION
==============================
(No trainable weights)
